"","Metabolite","baseMean","log2FoldChange","lfcSE","stat","pvalue","padj","1798_2","1837_2","1956_2","1991_2","1960_2","1988_2"
"1",".alpha.-CMBHC",473263.606462353,0.0131328881077354,0.526930072480258,0.0249233983665402,0.980116063831854,1,717633,478999,288018,568847,438062,328125
"2",".alpha.-Methyl cinnamic acid",0,NA,NA,NA,NA,NA,0,0,0,0,0,0
"3",".beta.-Alanine",80507104.1166796,0.300093844289265,0.209567768318272,1.4319656438461,0.152153653907452,0.979866325495114,77951280,54469172,79775896,86661496,87802608,94815464
"4",".beta.-Homoproline",2493120.8266071,0.536790293509119,0.660045886829993,0.81326208407595,0.416067810813624,1,7334090,270454,2094400,1032549,1553641,3776612
"5",".beta.-Hydroxypropionic acid",0,NA,NA,NA,NA,NA,0,0,0,0,0,0
"6",".beta.-Ketoadipic acid",5347.64285462539,0.203179827526577,0.352502443653127,0.576392678078886,0.564349792328542,1,0,11655,0,0,0,17747
"7",".beta.-Methylphenethylamine",270607.322779136,0.0947530502565787,0.468455786686572,0.202266794326046,0.839708157722255,1,365033,261091,475639,0,248790,326432
"8",".delta.-Hexalactone",0,NA,NA,NA,NA,NA,0,0,0,0,0,0
"9",".delta.-Valerolactam",7503844.57981737,1.58404953917576,0.607757001994098,2.60638632542014,0.00915031910664627,0.204774559043722,4546852,4537736,1598966,4752216,18294412,9005893
"10",".delta.2-cis-Hexadecenoic Acid",10622.4240482826,0.00126509868894204,0.352504147936931,0.0035888902197213,0.997136486050343,1,0,0,38268,0,29035,0
"11",".delta.2-trans-Hexadecenoic Acid",0,NA,NA,NA,NA,NA,0,0,0,0,0,0
"12",".epsilon.-Caprolactam",0,NA,NA,NA,NA,NA,0,0,0,0,0,0
"13",".gamma.-Aminobutyric acid",0,NA,NA,NA,NA,NA,0,0,0,0,0,0
"14",".gamma.-D-Glutamylglycine",157928.631116943,0.0640560446114141,0.5361051688348,0.11948410187993,0.904891834664338,1,414896,106163,122780,115317,125726,104298
"15","(.+/-.)-Furaneol",0,NA,NA,NA,NA,NA,0,0,0,0,0,0
"16","(.+/-.)-Myristoylcarnitine",68325.915875574,0.077545321287174,0.578868298487566,0.133960214248699,0.89343403522965,1,75084,82550,31094,96516,52278,60762
"17","(.+/-.)-Octanoylcarnitine",484027.393300028,1.06490133023557,0.64994574572905,1.63844649685499,0.101328586415553,0.922283592828184,814746,66941,172760,98920,99334,1729714
"18","(.+/-.)-Propionylcarnitine",2232749.63812585,-1.03943151924698,0.397125687116069,-2.61738676940124,0.00886058800813478,0.204774559043722,3302624,2020886,3161102,2805064,1534017,883644
"19","(+)-Muscarine cation",62351.8072785949,0.0759202399171061,0.3536297065456,0.214688524498482,0.830010170097951,1,0,0,0,138513,103877,109740
"20","(2-Mercaptoethyl)guanidine",0,NA,NA,NA,NA,NA,0,0,0,0,0,0
"21","(2-Mercaptopropionylamino)acetic acid",2967.53722714551,0,0.35249853147459,0,1,1,0,14975,0,0,0,0
"22","(2S,3S)-(-)-3-Phenylglycidol",0,NA,NA,NA,NA,NA,0,0,0,0,0,0
"23","(3-amino-1H-1,2,4-triazol-5-yl)methanol",35591.9011331119,0.174210318144771,0.352505289504386,0.49420625259186,0.621160524415907,1,0,0,0,48414,82165,69767
"24","(3-Carboxypropyl)trimethylammonium cation",9962551.57587266,-0.0221044874590503,0.326955585822772,-0.0676070035733605,0.946098480112684,1,15154454,7170154,14312779,7332215,8124084,9550010
"25","(4-Aminobutyl)phosphonic acid",0,NA,NA,NA,NA,NA,0,0,0,0,0,0
"26","(N-(-2-Acetamido))-2-aminoethanesulfonic acid",0,NA,NA,NA,NA,NA,0,0,0,0,0,0
"27","(R)-(-)-Mellein",0,NA,NA,NA,NA,NA,0,0,0,0,0,0
"28","(R)-(+)-2-Pyrrolidone-5-carboxylic acid",46537.7591500377,-0.0336895298307101,0.352505396926522,-0.095571671028153,0.923860765427325,1,42313,0,40064,95851,0,105602
"29","(R)-Butaprost",0,NA,NA,NA,NA,NA,0,0,0,0,0,0
"30","(S)-(-)-.alpha.-Methylbenzylamine",3106.14861232888,0.362413104817967,0.352499666952876,1.02812325455733,0.303891853084815,0.979866325495114,0,0,0,0,0,18145
"31","(S)-(+)-2-Amino-1-propanol",8215318.72217687,-0.486257945071275,0.471821700986199,-1.03059682090693,0.302729927524827,0.979866325495114,4916688,9116202,3747404,18117568,3436913,7956602
"32","[4-(Aminomethyl)phenyl]methanamine",106978.205764229,-0.212069062760938,0.465023369048923,-0.456039581827182,0.64836151530859,1,114805,117838,158251,83574,92238,80750
"33","1-(2-Hydroxyethyl)-2-hydroxymethyl-5-nitroimidazole",16152975.2424333,10.7932689864895,0.593491465577919,18.1860559291774,6.65610306388507e-74,2.68240953474568e-71,0,0,0,0,0,94359856
"34","1-(2-Methoxyethoxy)-2-methyl-2-propanol",0,NA,NA,NA,NA,NA,0,0,0,0,0,0
"35","1-(4-Methoxyphenyl)-2-propanone",8240.53876818825,0,0.352503133261086,0,1,1,0,41584,0,0,0,0
"36","1-(9Z-Octadecenoyl)-2-tetradecanoyl-sn-glycero-3-phosphocholine",255568.224549935,0.00473939181499301,0.56244219906367,0.00842645132759055,0.993276744147675,1,346412,162078,176599,359439,262586,224017
"37","1-(9Z-Octadecenoyl)-sn-glycero-3-phosphocholine",1767465.40941424,0.996292495432218,0.381522865636939,2.61135723482508,0.00901836334545041,0.204774559043722,2060466,813891,1786795,1015095,2278923,2746939
"38","1-AMINOCYCLOBUTANE CARBOXYLIC ACID",720586.480322642,1.37300476122483,0.229701821731173,5.97733509850739,2.26817330242587e-09,3.04691280292543e-07,249345,295154,534687,535755,982136,1623299
"39","1-Aminocyclohexanecarboxylic acid",402838.369459636,-1.27135130230148,0.610495723597538,-2.08249010297671,0.0372977259629607,0.501032785435772,368018,65312,1963618,70470,228327,70568
"40","1-Butyl-3-methylimidazolium",0,NA,NA,NA,NA,NA,0,0,0,0,0,0
"41","1-Deoxy-1-(methylamino)-D-galactitol",38711.3481946453,-0.0791910842791822,0.458608442451635,-0.172676900267778,0.862905401933114,1,49347,30399,43121,51610,57901,0
"42","1-Deoxynojirimycin",674560.401984765,0.271974929537221,0.480138330093225,0.566451192272888,0.571087103079369,1,1333803,500149,555903,538034,464790,758098
"43","1-Heptadecanoyl-sn-glycero-3-phosphocholine",508022.893177766,0.537291491654369,0.397961639889845,1.35010874868012,0.176981102485018,0.979866325495114,817423,504163,401937,336386,345352,667283
"44","1-Hexadecanoyl-2-(9Z-octadecenoyl)-sn-glycero-3-phosphocholine",6021951.32212448,0.376100649756584,0.542829861823517,0.692851805339442,0.48840255733572,1,8260791,4278568,3265194,7084734,6942854,6008720
"45","1-Hexadecanoyl-2-octadecadienoyl-sn-glycero-3-phosphocholine",512117.429039784,-0.247591218034934,0.46263292757222,-0.535178547135046,0.59252639928567,1,747913,391758,459159,666603,299510,540571
"46","1-Methyl-3-phenylpropylamine",292124.107062101,0.0609954471050183,0.437793006935699,0.139324854757164,0.889193450165659,1,305967,255636,371175,245670,191068,399713
"47","1-Methyladenosine",1469948.69212295,-0.0290884970063758,0.660049314657114,-0.0440701874245363,0.964848456676123,1,262829,1418455,3521893,607420,2164331,934689
"48","1-Methylnicotinamide cation",786753.698259707,-0.00724557125827129,0.512687836620395,-0.0141325202993573,0.988724255596383,1,887029,426380,615263,1179383,603301,1008487
"49","1-Myristoyl-sn-glycero-3-phosphocholine",380846.586086323,1.09938915085919,0.451972095296625,2.43242705091709,0.0149980123409313,0.28781899873311,467556,226733,212394,283653,460321,618315
"50","1-Naphthaldehyde",24129.6202658329,-0.0621403657781501,0.458878918454487,-0.135417782946839,0.892281564878782,1,40882,27129,27593,20938,29755,0
"51","1-Naphthoic acid",0,NA,NA,NA,NA,NA,0,0,0,0,0,0
"52","1-Octadecanoyl-2-(4Z,7Z,10Z,13Z,16Z,19Z-docosahexaenoyl)-sn-glycero-3-phosphocholine",747812.632368012,0.147955581646827,0.472494419489097,0.313137204470711,0.75417642433479,1,1746393,526668,613764,568668,581886,610994
"53","1-Octadecanoyl-2-(5Z,8Z,11Z,14Z-eicosatetraenoyl)-sn-glycero-3-phosphocholine",363788.376656731,-0.0148645648137237,0.44749845536447,-0.0332170192668421,0.97350152619915,1,460951,350402,290705,434501,343647,287078
"54","1-Oleoyl-2-palmitoyl-sn-glycero-3-phosphocholine",329121.789418639,-0.11488249924977,0.52133558471191,-0.220361898590241,0.825589316586809,1,526300,231677,253086,425750,271730,284671
"55","1-Palmitoyl-2-docosahexaenoyl-sn-glycero-3-phosphocholine",745679.663580775,0.313274735195176,0.606377833048956,0.516632894741526,0.605412448316836,1,1875943,305548,708486,474962,470295,887643
"56","1-Pentadecanoyl-sn-glycero-3-phosphocholine",419817.745443701,0.504558270118496,0.41381406352229,1.2192873915976,0.222735132428478,0.979866325495114,579267,284518,362825,357179,373025,583156
"57","1-Phenylpyrrolidine",238712.092298777,-0.383421792447306,0.348528827648455,-1.10011500349706,0.271282017537737,0.979866325495114,277832,169652,333356,274125,161416,243406
"58","1-Piperazinecarboxamide, N,N-diethyl-4-methyl-",17153.6184394005,0.00188538796902963,0.352504836035238,0.00534854497383736,0.995732498889312,1,24287,20887,0,26934,26263,0
"59","1-Piperidinecarboxaldehyde",0,NA,NA,NA,NA,NA,0,0,0,0,0,0
"60","1-Stearoyl-2-hydroxy-sn-glycero-3-phosphocholine",4459745.51522737,0.756418456448979,0.334815017458096,2.25921304901937,0.0238701355090597,0.377869024475043,5867700,5329029,3570610,2483830,5114128,4107943
"61","1,1,3-Trimethylurea",0,NA,NA,NA,NA,NA,0,0,0,0,0,0
"62","1,2-Di-(9Z-octadecenoyl)-sn-glycero-3-phosphocholine",1361025.86040093,0.31755585292996,0.427222246088651,0.743303645438131,0.457297865024715,1,2270097,939313,1119604,1234802,1296639,1420217
"63","1,2-Di(2-pyridyl)ethylene",0,NA,NA,NA,NA,NA,0,0,0,0,0,0
"64","1,2-Diamino-2-methylpropane",10062159.8966477,-0.307507728468202,0.301701934555346,-1.01924347592074,0.308087391241935,0.979866325495114,11927965,8364038,14379094,9825096,6727712,10280998
"65","1,2-Dihexanoyl-sn-glycerol",0,NA,NA,NA,NA,NA,0,0,0,0,0,0
"66","1,2-Dilinoleoyl-sn-glycero-3-phosphocholine",11781221.6800167,0.625210597496287,0.340884788055472,1.83408183469468,0.0666418474583732,0.7460184590479,12436792,8344277,8434944,11870189,12065016,16888670
"67","1,2-Dioctanoyl-sn-glycerol",0,NA,NA,NA,NA,NA,0,0,0,0,0,0
"68","1,2,3,4-Tetrahydro-1-naphthylamine",0,NA,NA,NA,NA,NA,0,0,0,0,0,0
"69","1,3-Dicyclohexylurea",2478924.81760058,0,0.352505714529328,0,1,1,17555448,0,0,0,0,0
"70","1,3-Dimethylthiourea",0,NA,NA,NA,NA,NA,0,0,0,0,0,0
"71","1,3-Propanediol, 2-ethyl-2-(hydroxymethyl)-",0,NA,NA,NA,NA,NA,0,0,0,0,0,0
"72","1,5-Pentanediamine",7306715.0089129,-0.0736893190489953,0.395538382416128,-0.186301310631012,0.852208479722462,1,7334892,6214204,10125758,6501437,4835382,9359752
"73","11-Deoxy-16,16-dimethylprostaglandin E2",9534.5912421092,0.023717584285913,0.628684575887363,0.0377257295559328,0.969906361376472,1,0,0,11568,17645,14914,12132
"74","11(12)-EET",98732.6596273288,0.111241662586755,0.416434702972906,0.267128704194454,0.789370067608304,1,42889,44725,94709,148115,67037,188231
"75","12(R)-HETE",98732.6596273288,0.111241662586755,0.416434702972906,0.267128704194454,0.789370067608304,1,42889,44725,94709,148115,67037,188231
"76","13(S)-HODE",681209.361370743,0.388841957058468,0.322372655354608,1.20618777864625,0.22774509513828,0.979866325495114,757217,515649,726281,563539,914868,607836
"77","13Z-Docosenamide",1057311.213557,0.508254781457878,0.470601548237723,1.08001085708527,0.28013734546984,0.979866325495114,1613404,729826,806108,842091,1585026,779616
"78","14,15-Epoxy-5Z,8Z,11Z-eicosatrienoic acid",98732.6596273288,0.111241662586755,0.416434702972906,0.267128704194454,0.789370067608304,1,42889,44725,94709,148115,67037,188231
"79","15-Deoxy-.DELTA.12,14-prostaglandin J2",0,NA,NA,NA,NA,NA,0,0,0,0,0,0
"80","15-HETE",98732.6596273288,0.111241662586755,0.416434702972906,0.267128704194454,0.789370067608304,1,42889,44725,94709,148115,67037,188231
"81","15-Ketobimatoprost",0,NA,NA,NA,NA,NA,0,0,0,0,0,0
"82","17,20-Dimethyl Prostaglandin F1.alpha.",0,NA,NA,NA,NA,NA,0,0,0,0,0,0
"83","19-Hydroxyandrost-4-ene-3,17-dione",473263.606462353,0.0131328881077354,0.526930072480258,0.0249233983665402,0.980116063831854,1,717633,478999,288018,568847,438062,328125
"84","19-Norandrosterone",142632.139495416,0.177837358363301,0.47580101223383,0.373764144654454,0.708579797645181,1,223425,141718,119632,120427,160542,91636
"85","1H-Indole-3-propanoic acid",293889.101194793,-1.61826131098531,0.543405009136316,-2.97800219684645,0.00290133905126068,0.184000725480502,74035,141821,751532,537646,71123,253039
"86","1H-Indole-4-carboxaldehyde",106776.695695436,0.820402083247219,0.608557567221531,1.34810924625077,0.177623247965877,0.979866325495114,68371,61637,103141,56688,268678,65927
"87","2-(1-Naphthyl)acetic acid",0,NA,NA,NA,NA,NA,0,0,0,0,0,0
"88","2-(1-Piperidyl)propan-2-ol",14458.5732559748,-0.362427222678681,0.352504392101316,-1.02814952323917,0.303879498171106,0.979866325495114,0,0,104587,0,0,0
"89","2-(2-Ethoxyethyl)pyridine",6202.06117378637,-0.362421133829391,0.352502620124236,-1.02813741838758,0.303885191388177,0.979866325495114,0,0,44863,0,0,0
"90","2-(3-pyridyl)-Benzimidazole",96660.6908502372,-0.0683724179641926,0.352505566185867,-0.193961243517334,0.846206228744664,1,0,56314,252816,99084,179872,0
"91","2-(4-Pyridinyl)malonaldehyde",0,NA,NA,NA,NA,NA,0,0,0,0,0,0
"92","2-Acetylamino-3-mercapto-3-methylbutyric acid",0,NA,NA,NA,NA,NA,0,0,0,0,0,0
"93","2-Amino-1-phenylethanol",14376415.4576916,-0.247535134095978,0.166270289614834,-1.4887514460304,0.136552832264674,0.979866325495114,17322456,12162973,17894062,15270039,12351879,12140100
"94","2-Amino-2-methyl-1,3-propanediol",0,NA,NA,NA,NA,NA,0,0,0,0,0,0
"95","2-Amino-4-chloro-6-methylpyrimidine",0,NA,NA,NA,NA,NA,0,0,0,0,0,0
"96","2-Amino-5-methyl-4-phenylthiazole",0,NA,NA,NA,NA,NA,0,0,0,0,0,0
"97","2-Aminobenzamide",740432.685288379,0.0225865605305481,0.519482493057802,0.0434789638387966,0.965319733090825,1,826905,360926,610110,1085834,594640,973334
"98","2-Aminoisobutyric acid",21401452.8698262,-0.294761798003342,0.151107874157468,-1.95067133097361,0.0510961558563304,0.605639729708857,24949598,21234324,26331710,22081320,16533083,18050896
"99","2-Benzoylbenzoic acid",3916.18904065757,-0.362415420016626,0.352500808952359,-1.02812649166319,0.303890330563156,0.979866325495114,0,0,28328,0,0,0
"100","2-Butenedioic acid, 2-methyl-, (Z)-",0,NA,NA,NA,NA,NA,0,0,0,0,0,0
"101","2-Fluoromethamphetamine",0,NA,NA,NA,NA,NA,0,0,0,0,0,0
"102","2-Hydroxy-3-methoxybenzyl alcohol",0,NA,NA,NA,NA,NA,0,0,0,0,0,0
"103","2-Hydroxy-5-methoxybenzoic acid",0,NA,NA,NA,NA,NA,0,0,0,0,0,0
"104","2-Hydroxychalcone",0,NA,NA,NA,NA,NA,0,0,0,0,0,0
"105","2-Imidazolecarboxaldehyde",1122627.23148146,0.32868097250068,0.3444417696953,0.95424249152894,0.339960910548357,1,1193896,735150,1418801,853131,1689179,883115
"106","2-Imino-4-methylpiperidine",0,NA,NA,NA,NA,NA,0,0,0,0,0,0
"107","2-keto valeric acid",0,NA,NA,NA,NA,NA,0,0,0,0,0,0
"108","2-Ketobutyric acid",0,NA,NA,NA,NA,NA,0,0,0,0,0,0
"109","2-METHOXYXANTHONE",3916.18904065757,-0.362415420016626,0.352500808952359,-1.02812649166319,0.303890330563156,0.979866325495114,0,0,28328,0,0,0
"110","2-Methyl-1-Pyrroline",1797029.42331133,-0.372294425047249,0.314446341720884,-1.18396805957346,0.236425706682425,0.979866325495114,2215970,1415536,2493381,1907731,1169778,1792206
"111","2-Methylbutyroylcarnitine",313070.072057767,-1.13291864019902,0.485829616220492,-2.33192584884501,0.0197045923770448,0.330872946997878,500908,324985,436509,373675,80722,214399
"112","2-Phenylbutyramide",0,NA,NA,NA,NA,NA,0,0,0,0,0,0
"113","2-Propenoic acid, 3-(2-methoxyphenyl)-",0,NA,NA,NA,NA,NA,0,0,0,0,0,0
"114","2-Propyl-2-pentenoic acid",0,NA,NA,NA,NA,NA,0,0,0,0,0,0
"115","2-Propylbenzimidazole",0,NA,NA,NA,NA,NA,0,0,0,0,0,0
"116","2-Pyridylacetic acid",13759.6004523325,-0.362426993172132,0.352504332766291,-1.02814904522725,0.303879722990825,0.979866325495114,0,0,0,77824,0,0
"117","2-Pyrrolidinone",300830.734586336,-0.392968663828126,0.457177820528807,-0.859553211425673,0.390035375985163,1,340609,420091,411306,232906,210091,191990
"118","2-Pyrrolidone-5-carboxylic acid, methyl ester",13715.5092876913,-0.362426951854755,0.352504319987335,-1.02814896528864,0.303879760587756,0.979866325495114,0,0,99212,0,0,0
"119","2,2-Bis(hydroxymethyl)-3-quinuclidinone",1847624.69038591,-0.369965471316533,0.590285594017567,-0.626756734479146,0.530818708046301,1,1346208,2976444,2548617,1572284,1568823,872041
"120","2,3-Dimethylbenzoic acid",0,NA,NA,NA,NA,NA,0,0,0,0,0,0
"121","2,4-dichloro-N-propylbenzamide",10357.6896178052,-0.3624253088948,0.352503865092773,-1.02814563125263,0.303881328662831,0.979866325495114,0,0,74923,0,0,0
"122","2,4-Dimethoxyaniline",0,NA,NA,NA,NA,NA,0,0,0,0,0,0
"123","2,4-Dimethylacetanilide",0,NA,NA,NA,NA,NA,0,0,0,0,0,0
"124","2,4(3H,5H)-Furandione",0,NA,NA,NA,NA,NA,0,0,0,0,0,0
"125","2'-Hydroxy-2,3,4',6'-tetramethoxychalcone",3520.44329400878,0.362414738771869,0.352500326329802,1.0281259667056,0.303890577468328,0.979866325495114,0,0,0,0,19170,0
"126","2(1H)-Pyridinone",433860.777053299,0.00934677148095524,0.352505684640714,0.0265152361740827,0.978846381162305,1,0,0,1523633,0,1215546,0
"127","3-(2-Pyridyl)propan-1-ol",151347.911965081,0.528637513864913,0.607308137336256,0.870460119608467,0.384049004296726,1,114805,117838,158251,99089,316433,83406
"128","3-(Methylsulfanyl)aniline",0,NA,NA,NA,NA,NA,0,0,0,0,0,0
"129","3-(Methylthio)-1-propanol",855055.667618255,0.137090906730196,0.386266455214909,0.35491279369295,0.72265492364552,1,803933,670360,1326279,606601,845596,951048
"130","3-AMINOBENZAMIDE",786753.698259707,-0.00724557125827129,0.512687836620395,-0.0141325202993573,0.988724255596383,1,887029,426380,615263,1179383,603301,1008487
"131","3-Aminobutanoic acid",0,NA,NA,NA,NA,NA,0,0,0,0,0,0
"132","3-Aminopyrazine-2-carboxylic acid",38666.4772737752,0.774588645787598,0.47512287727559,1.63029120009792,0.103039966542923,0.922283592828184,43908,46729,19480,31747,37282,47047
"133","3-Fluoromethamphetamine",0,NA,NA,NA,NA,NA,0,0,0,0,0,0
"134","3-Hydroxy-7,2',3'-trimethoxyflavone",1877.35975614691,-0.362399364179262,0.352495472565883,-1.02809650728642,0.303904433435531,0.979866325495114,0,0,13580,0,0,0
"135","3-Hydroxyoctadecanoic Acid",16119.2166932012,-0.00679651088331749,0.393870547468892,-0.0172556971497197,0.986232628888374,1,31959,25687,0,19099,0,18339
"136","3-Indoleacetic acid",713589.897857731,-0.328772137563026,0.597578821154053,-0.550173677387189,0.582200256081202,1,700070,773236,1114412,593043,904751,212880
"137","3-ketosphinganine",4750474.27122029,-0.179020430560813,0.648881592579226,-0.275890752038795,0.78263197716436,1,17158522,10450293,162126,705178,446528,161291
"138","3-ketosphingosine",56167.1332914724,0.0372615241617387,0.535404842461781,0.0695950451071958,0.944515980811466,1,48842,79680,50379,55410,49278,44803
"139","3-Methyl-.gamma.-butyrolactone",0,NA,NA,NA,NA,NA,0,0,0,0,0,0
"140","3-Methyl-1-phenyl-1-butanone",773691.235736986,-0.0971806657323547,0.267334722374136,-0.363516810945157,0.716218857282708,1,1252949,621677,879229,692140,691873,599312
"141","3-methyl-2-nitrophenyl acetate",0,NA,NA,NA,NA,NA,0,0,0,0,0,0
"142","3-methyl-2-Quinoxalinone",0,NA,NA,NA,NA,NA,0,0,0,0,0,0
"143","3-Methyl-2,5-furandione",0,NA,NA,NA,NA,NA,0,0,0,0,0,0
"144","3-Methyl-4-pentenoic acid",0,NA,NA,NA,NA,NA,0,0,0,0,0,0
"145","3-methyl-N-2-naphthylbutanamide",0,NA,NA,NA,NA,NA,0,0,0,0,0,0
"146","3-Methyladipic acid",0,NA,NA,NA,NA,NA,0,0,0,0,0,0
"147","3-O-Methyl-L-DOPA",0,NA,NA,NA,NA,NA,0,0,0,0,0,0
"148","3-Pyridinemethanol",0,NA,NA,NA,NA,NA,0,0,0,0,0,0
"149","3,4-Dihydrocoumarin",0,NA,NA,NA,NA,NA,0,0,0,0,0,0
"150","3,4-Dihydroxyphenyl ethanol",773134.784170934,0.27444497447519,0.323719041297017,0.847787554836425,0.396556295204774,1,916273,814006,608984,767949,734747,745084
"151","3,4-Dimethylbenzoic acid",0,NA,NA,NA,NA,NA,0,0,0,0,0,0
"152","3'-Hydroxyflavanone",0,NA,NA,NA,NA,NA,0,0,0,0,0,0
"153","4-(4-Aminophenoxy)aniline",0,NA,NA,NA,NA,NA,0,0,0,0,0,0
"154","4-(Dimethylamino)cinnamaldehyde",0,NA,NA,NA,NA,NA,0,0,0,0,0,0
"155","4-Acetyl-1-methylcyclohexene",0,NA,NA,NA,NA,NA,0,0,0,0,0,0
"156","4-Amino-5-hydroxymethyl-2-methylpyrimidine",0,NA,NA,NA,NA,NA,0,0,0,0,0,0
"157","4-Amino-7-chloroquinoline",2937.70274655144,0.362412119713947,0.352499319709672,1.02812147272352,0.303892691144395,0.979866325495114,0,0,0,0,0,17161
"158","4-Aminobenzoic acid",17186970.696541,0.319804786269706,0.648727346979872,0.492972568149849,0.622031970326696,1,720551,10564067,24823802,10781545,48181196,4706340
"159","4-Androsten-3,17-dione 19-aldehyde",6170.29760545108,0,0.352502264316017,0,1,1,0,31137,0,0,0,0
"160","4-Chromanone",0,NA,NA,NA,NA,NA,0,0,0,0,0,0
"161","4-Ethoxy-7-methoxycoumarin",35386.6144430374,-0.297371011814939,0.455313861961215,-0.653112142323199,0.513683984864012,1,42151,16289,19455,109257,22871,0
"162","4-Ethynylaniline",1391946.21292605,0.213113096030459,0.314965100735187,0.676624475324451,0.498644246035792,1,1684341,1335137,1141027,1454144,1287411,1391861
"163","4-hydroxy Nonenal Mercapturic Acid-d3",0,NA,NA,NA,NA,NA,0,0,0,0,0,0
"164","4-Hydroxybenzaldehyde",0,NA,NA,NA,NA,NA,0,0,0,0,0,0
"165","4-Hydroxynonenal",0,NA,NA,NA,NA,NA,0,0,0,0,0,0
"166","4-Hydroxypyridine",433860.777053299,0.00934677148095524,0.352505684640714,0.0265152361740827,0.978846381162305,1,0,0,1523633,0,1215546,0
"167","4-Imidazoleacetic acid",262130.447331118,0.345696619930655,0.46256603015446,0.74734545425919,0.454855061605066,1,141580,168908,390129,203358,332549,337113
"168","4-Imidazoleacrylic acid",995246.202463266,0.918369174605572,0.545466386562333,1.6836402704727,0.0922512110909186,0.922283592828184,563870,564924,1007388,548825,2365494,776753
"169","4-Imidazolecarboxaldehyde",1122627.23148146,0.32868097250068,0.3444417696953,0.95424249152894,0.339960910548357,1,1193896,735150,1418801,853131,1689179,883115
"170","4-Methyl-1H-pyrazole",0,NA,NA,NA,NA,NA,0,0,0,0,0,0
"171","4-Methylbenzylamine",3106.14861232888,0.362413104817967,0.352499666952876,1.02812325455733,0.303891853084815,0.979866325495114,0,0,0,0,0,18145
"172","4-Methylcinnamic acid",0,NA,NA,NA,NA,NA,0,0,0,0,0,0
"173","4-Nitro-1,3-benzenediamine",53053.0724074644,-0.0728496593705399,0.468419297907962,-0.155522327316356,0.876409553434677,1,155151,61521,28009,44344,39431,0
"174","4-Nitrobenzylamine",12377833.0622836,0.0678934162622998,0.550649735334779,0.123296919812415,0.901871979857362,1,25931948,7877326,10096968,11680532,6628632,14468351
"175","4-phenyl-1,2,3-Thiadiazole",0,NA,NA,NA,NA,NA,0,0,0,0,0,0
"176","4-phenyl-5-methyl-1,2,3-Thiadiazole",0,NA,NA,NA,NA,NA,0,0,0,0,0,0
"177","4-Phenylbutan-2-ol",217265.403143422,-0.356757934532021,0.555547962597815,-0.642173058944856,0.520760823522664,1,144899,220929,307431,224829,80201,327392
"178","4-Pyridoxic acid",1603858.61529426,-0.426603621297608,0.656073039294043,-0.650238000568729,0.515538498293445,1,7529326,255626,1271906,990038,146695,655456
"179","4-Pyridylamidoxime",0,NA,NA,NA,NA,NA,0,0,0,0,0,0
"180","4,5-diphenyl-1,2,3-Thiadiazole",0,NA,NA,NA,NA,NA,0,0,0,0,0,0
"181","4,6-Diamino-5-formamidopyrimidine",2260.29690817393,-0.362404521395731,0.352497209075478,-1.02810607308421,0.303899934204404,0.979866325495114,0,0,16350,0,0,0
"182","5-Aminolevulinic acid",377562.069084711,-0.431973806217244,0.287725043443856,-1.5013423963616,0.133267024600261,0.979866325495114,315940,310492,539855,456207,246889,413529
"183","5-Aminosalicylic acid",0,NA,NA,NA,NA,NA,0,0,0,0,0,0
"184","5-Aminouracil",2434755.23171708,0.362437111808082,0.352505715480918,1.02817371716545,0.303868119369565,0.979866325495114,0,0,0,0,0,14222962
"185","5-Aminovaleric acid",7509795.58905322,1.58574816597027,0.605645013599566,2.61827990054041,0.00883742824142863,0.204774559043722,4546852,4537736,1642013,4752216,18294412,9005893
"186","5-APB",0,NA,NA,NA,NA,NA,0,0,0,0,0,0
"187","5-Hydroxy-2-methylpyridine",60322.8967005407,0.275722412000313,0.352505424445545,0.782179203154097,0.43410926482332,1,0,0,44033,0,295331,0
"188","5-Hydroxythiabendazole",0,NA,NA,NA,NA,NA,0,0,0,0,0,0
"189","5-Methylcytosine",464201.320378163,0.016057110813659,0.6412127047183,0.0250417851915665,0.980021634284768,1,1666922,307593,130064,354694,254444,236291
"190","5-Nitro-2-toluidine",8950126.72653771,0.188424619835038,0.559223294111457,0.336939862518465,0.736162234568988,1,19361242,6014426,6620190,7771950,4758491,10872321
"191","5,5-Dimethylimidazolidine-2,4-dione",204084.967107122,0.257884243066705,0.352505643860913,0.731574791944205,0.464428138921965,1,362192,0,0,0,0,893429
"192","6-Aminocaproic acid",14126509.3560283,0.205920783194884,0.158268168792929,1.30108779778896,0.193228403984886,0.979866325495114,20233154,12193492,15112412,11354828,14106847,12651386
"193","6-Azauridine",11638.1713727082,0.362426464898399,0.352504106771307,1.0281482057556,0.303880117813429,0.979866325495114,0,0,0,0,0,67986
"194","6-Ethoxy-4-methylcoumarin",0,NA,NA,NA,NA,NA,0,0,0,0,0,0
"195","6-Ethyl-3-formylchromone",0,NA,NA,NA,NA,NA,0,0,0,0,0,0
"196","6-Maleimidocaproic acid",0,NA,NA,NA,NA,NA,0,0,0,0,0,0
"197","6-Mercaptopurine",16477.4518408889,0.0783383298019396,0.352504817811355,0.222233359215711,0.824132226439143,1,0,12523,35862,0,11065,40927
"198","6-Methoxychromanone",0,NA,NA,NA,NA,NA,0,0,0,0,0,0
"199","6-Methylthiochromanone",0,NA,NA,NA,NA,NA,0,0,0,0,0,0
"200","6-Propyl-2-thiouracil",0,NA,NA,NA,NA,NA,0,0,0,0,0,0
"201","6,7-Dimethoxy-3-isochromanone",5375.05763027349,0.362420267610592,0.352502188416037,1.02813622020085,0.30388575492948,0.979866325495114,0,0,0,0,29269,0
"202","6,7-Dimethyltetrahydropterin",19846.6716833028,0.189961802540495,0.569143616948628,0.333767781775265,0.738554797005253,1,35406,0,40444,0,50402,0
"203","6.beta.-Hydroxytestosterone",21900.9637178429,-0.362429027404636,0.352504844432949,-1.02815332364482,0.303877710759069,0.979866325495114,0,0,158422,0,0,0
"204","7-Benzyl-1-ethyl-4-oxo-1,8-naphthyridine-3-carboxylic acid",420949.08267611,-0.485966564650645,0.625389743471303,-0.77706193573503,0.437122229970647,1,322439,546187,860263,267811,425725,132751
"205","7-Diethylamino-3-phenylcoumarin",465785.793339865,0.399567311900577,0.439283808880647,0.909588069996769,0.36303979253189,1,952144,0,80538,0,989539,808960
"206","7-Hydroxychromanone",0,NA,NA,NA,NA,NA,0,0,0,0,0,0
"207","7-Hydroxyflavanone",0,NA,NA,NA,NA,NA,0,0,0,0,0,0
"208","7-Keto-8-aminopelargonic acid",2578578.60717971,-0.0942409991753919,0.197201561401825,-0.477891749464209,0.632727253980916,1,3839984,4696318,1638316,1924468,1076840,1993194
"209","8-METHYLCAFFEINE",0,NA,NA,NA,NA,NA,0,0,0,0,0,0
"210","8,11-eicosadiynoic acid",27989.866759908,-0.115668460252453,0.649193989079939,-0.178172414098261,0.858587573429146,1,0,0,38099,51414,18539,59749
"211","8(S)-HETE",98732.6596273288,0.111241662586755,0.416434702972906,0.267128704194454,0.789370067608304,1,42889,44725,94709,148115,67037,188231
"212","9-Hydroxy-5Z,7E,11Z,14Z-eicosatetraenoic acid",98732.6596273288,0.111241662586755,0.416434702972906,0.267128704194454,0.789370067608304,1,42889,44725,94709,148115,67037,188231
"213","9-Octadecenamide, (Z)-",22529.610893314,0,0.352504768350078,0,1,1,159552,0,0,0,0,0
"214","9-Oxo-10E,12Z-octadecadienoic acid",228882.474330567,0.0703670156601485,0.473939699789065,0.14847250756049,0.881969881254186,1,263122,0,268204,258607,309371,304430
"215","9,10-Dihydroxy-12Z-octadecenoic acid",160570.675394561,0.459716321992751,0.396807750599616,1.15853664979596,0.246645104315963,0.979866325495114,183473,150266,148489,127599,201321,145028
"216","9(10)-EpOME",709582.16160806,0.271132948976307,0.378557919460891,0.716225800697633,0.473851934269921,1,757217,529051,726281,682393,940478,607836
"217","9(S)-HODE-d4",2374.50870065381,0.362407255186782,0.352497721977615,1.02811233262323,0.303896990081563,0.979866325495114,0,0,0,0,12930,0
"218","9(Z),11(E)-Conjugated Linoleic Acid",98732.6596273288,0.111241662586755,0.416434702972906,0.267128704194454,0.789370067608304,1,42889,44725,94709,148115,67037,188231
"219","Acetamiprid",0,NA,NA,NA,NA,NA,0,0,0,0,0,0
"220","Acetic acid, (aminooxy)-",0,NA,NA,NA,NA,NA,0,0,0,0,0,0
"221","Acetic acid, ethoxy-, ethyl ester",0,NA,NA,NA,NA,NA,0,0,0,0,0,0
"222","Acetic acid, methoxy-",0,NA,NA,NA,NA,NA,0,0,0,0,0,0
"223","Acetic acid, methoxy-, methyl ester",0,NA,NA,NA,NA,NA,0,0,0,0,0,0
"224","Acetonitrile",3272732.579038,0.143504192672721,0.35946110259198,0.399220365257742,0.689730838660612,1,4555096,2745083,2811910,3407908,2907512,3273290
"225","Acetyl-DL-carnitine",9601011.77137942,-0.330890310419799,0.381780109078958,-0.866703902458591,0.386104266683348,1,19586664,6185017,11511825,8373204,8966912,5205082
"226","Acetyl-L-carnitine",7023247.68936168,-0.489703029432132,0.352212792674034,-1.39036128050392,0.164419197883261,0.979866325495114,13880378,5582319,8851263,5921240,6291282,3102768
"227","Acipimox",547546.699449942,0.72212194101993,0.479915529798763,1.50468550439018,0.132404951588998,0.979866325495114,0,0,839635,465243,786001,1196783
"228","Adenosine",0,NA,NA,NA,NA,NA,0,0,0,0,0,0
"229","Adenosine 5'-monophosphate",0,NA,NA,NA,NA,NA,0,0,0,0,0,0
"230","ADMA",4151037.70627572,0.0804745105483826,0.180321465699567,0.446283587126897,0.65539241051255,1,4953588,3039512,5650338,3422981,4363696,3864520
"231","Adrenochrome",2446.78868365569,-0.362406460999358,0.352497857964212,-1.02810968297048,0.303898236321692,0.979866325495114,0,0,17699,0,0,0
"232","AG-1296",0,NA,NA,NA,NA,NA,0,0,0,0,0,0
"233","AICAR",58095.4148772889,0.125201996428077,0.408519941409777,0.306477074279442,0.759241432639486,1,0,50766,0,94436,96733,79296
"234","Ala Gln Asp",2440437.65411188,0.0869869220691861,0.603821791822738,0.144060587489897,0.885452626641141,1,3191149,715110,2368215,2490284,4909854,1044324
"235","Ala Gly Glu",570863.270998002,-0.195208291407259,0.656218952506878,-0.297474327221923,0.766104405268376,1,1581592,224240,221106,730556,565505,230826
"236","Ala-Ala-Lys",0,NA,NA,NA,NA,NA,0,0,0,0,0,0
"237","Ala-Gly",605179.532924671,0.165688989550885,0.232605860793245,0.712316486720683,0.476268817061553,1,715420,509370,753063,485446,562977,641972
"238","Ala-Val-Lys",306576.503808714,0,0.352505653035998,0,1,1,2171138,0,0,0,0,0
"239","Allopurinol",2700845.02170022,0.534930446167392,0.634731690666546,0.842766249162144,0.399359187428877,1,120245,2922600,3160855,232829,1536651,7853348
"240","alpha-Pyrrolidinopentiophenone",252532.321651699,0.163668418070577,0.465138478987563,0.351870304144313,0.724935530626245,1,284497,225004,172469,321893,234280,256990
"241","ALPHA,BETA-TREHALOSE",711948.878817708,-1.03101405992096,0.625020898195448,-1.64956733910449,0.0990314597265563,0.922283592828184,245907,286020,2906221,417988,372033,447199
"242","Aminodiphenylmethane",210115.01553053,-0.597649034881488,0.22772510153724,-2.62443196137407,0.00867936316128868,0.204774559043722,234006,164157,311610,251026,147646,175055
"243","Aminoguanidine",0,NA,NA,NA,NA,NA,0,0,0,0,0,0
"244","Ammelide",0,NA,NA,NA,NA,NA,0,0,0,0,0,0
"245","Anabasine",0,NA,NA,NA,NA,NA,0,0,0,0,0,0
"246","Aniline",0,NA,NA,NA,NA,NA,0,0,0,0,0,0
"247","Anthranilic acid",13759.6004523325,-0.362426993172132,0.352504332766291,-1.02814904522725,0.303879722990825,0.979866325495114,0,0,0,77824,0,0
"248","APIOLE",205698.308545362,-0.177642690738187,0.470702855918491,-0.377398795236859,0.705877262068638,1,223805,201437,382109,232005,219632,0
"249","Apomorphine",10834.1675607515,-0.0220057171492166,0.352504338811432,-0.0624267979889697,0.95022295486486,1,0,0,42103,0,0,29288
"250","Arachidonic Acid methyl ester-d8",68188.9011160338,-0.265036557514679,0.64480320233531,-0.411034803417206,0.681047014852132,1,142766,69353,39217,78188,64018,19185
"251","Arachidonoyl amide",5001.55375872732,-0.362419746825484,0.352502276187074,-1.02813448680583,0.30388657019569,0.979866325495114,0,0,17141,14886,0,0
"252","Arg Gly Asp",0,NA,NA,NA,NA,NA,0,0,0,0,0,0
"253","Arg Phe",0,NA,NA,NA,NA,NA,0,0,0,0,0,0
"254","Asn Leu Pro Ala Lys",206222.538194266,0.23078710642372,0.497396111553294,0.463990572228252,0.642654500223652,1,555684,81178,295850,74586,197626,124373
"255","Avobenzone",0,NA,NA,NA,NA,NA,0,0,0,0,0,0
"256","Barbituric acid, 2-thio-",0,NA,NA,NA,NA,NA,0,0,0,0,0,0
"257","Benzamide",0,NA,NA,NA,NA,NA,0,0,0,0,0,0
"258","Benzamidine",7785.89937245489,0.362424271044634,0.352503540862104,1.02814363270867,0.303882268627349,0.979866325495114,0,0,0,0,19201,24884
"259","Benzeneacetic acid, .alpha.-ethyl-",0,NA,NA,NA,NA,NA,0,0,0,0,0,0
"260","Benzhydrol",210115.01553053,-0.597649034881488,0.22772510153724,-2.62443196137407,0.00867936316128868,0.204774559043722,234006,164157,311610,251026,147646,175055
"261","Benzoic acid, 2-amino-3-hydroxy-",3755.69044370232,0.362415727180849,0.352500664362329,1.02812778477015,0.303889722372117,0.979866325495114,0,0,0,0,20451,0
"262","Benzoic acid, 2,6-dihydroxy-",116259.80686541,0.441735623575837,0.659579994758145,0.669722591780263,0.503034647227774,1,27188,141570,164685,27327,105242,218717
"263","Benzoic acid, 3-amino-",17186970.696541,0.319804786269706,0.648727346979872,0.492972568149849,0.622031970326696,1,720551,10564067,24823802,10781545,48181196,4706340
"264","Benzoic acid, 3-amino-, methyl ester",0,NA,NA,NA,NA,NA,0,0,0,0,0,0
"265","Benzoic acid, 4-hydroxy-",0,NA,NA,NA,NA,NA,0,0,0,0,0,0
"266","Benzyl alcohol",0,NA,NA,NA,NA,NA,0,0,0,0,0,0
"267","Benzylamine",0,NA,NA,NA,NA,NA,0,0,0,0,0,0
"268","Betaine",111329068.988029,0.641135842359304,0.285624410520729,2.2446815424159,0.0247885837917798,0.377869024475043,138669984,70378032,97513392,93255288,115494664,155522800
"269","BICUCULLINE (+)",0,NA,NA,NA,NA,NA,0,0,0,0,0,0
"270","Bilirubin",24668.2465407786,0.362429659299029,0.352504960585818,1.02815477744403,0.303877027008061,0.979866325495114,0,0,0,0,0,144103
"271","Bisindolylmaleimide IV",4902.14852378273,-0.36241850491651,0.352501797307174,-1.02813236041658,0.303887570300529,0.979866325495114,0,0,35460,0,0,0
"272","butamben",191189.910974308,0,0.352505610686343,0,1,1,1353984,0,0,0,0,0
"273","Butanedioic acid, methylene-",2762.40948785622,0.362410971684367,0.352498913387794,1.02811940099704,0.303893665552696,0.979866325495114,0,0,0,0,0,16137
"274","Butanoic acid, 2-amino-, (R)-",21401452.8698262,-0.294761798003342,0.151107874157468,-1.95067133097361,0.0510961558563304,0.605639729708857,24949598,21234324,26331710,22081320,16533083,18050896
"275","Butanoic acid, 2-amino-, (S)-",7241514.79084845,-0.0964257288774948,0.352505721085577,-0.273543727405451,0.784435283921357,1,19367436,0,14225141,7514680,0,7077464
"276","Butylphosphonic acid",545954.004588035,0.437746653032812,0.659917768926632,0.663335151203482,0.507115928542274,1,132582,489835,976316,107625,609543,959353
"277","Butyryl-L-carnitine",1220309.11128954,-0.537023866759961,0.298070247765227,-1.80166880386849,0.0715975290565626,0.779832546210668,1798659,1034726,1468205,1423930,773093,961416
"278","Caffeic Acid",81419.7872507791,0.0847337114528126,0.352505539591484,0.240375545731877,0.810039134200192,1,129947,0,0,119799,93462,144440
"279","Caffeine",14825109.2866738,-0.323015514672398,0.629427594885842,-0.513189312475222,0.607818901241885,1,455474,7959658,37307376,16672635,26850406,860081
"280","Cannabidiol",75662.4496657293,0.763018248499837,0.647644618835782,1.17814342358229,0.238739433070781,0.979866325495114,138526,28647,46774,15679,12274,227430
"281","CAY10441",0,NA,NA,NA,NA,NA,0,0,0,0,0,0
"282","CAY10572",0,NA,NA,NA,NA,NA,0,0,0,0,0,0
"283","CAY10580",121727.29695153,0.822910653845794,0.660080685468176,1.24668191626017,0.212514152137016,0.979866325495114,269884,35921,69494,45434,49091,291174
"284","Choline",24189174.2692504,0.0333219424899205,0.433859357718965,0.0768035583353834,0.938779819960221,1,17864284,26697256,33615904,18985654,21209318,26154452
"285","Choline cation",73880131.5108223,0.144561762696539,0.403706152978051,0.358086597467337,0.720278508616186,1,46264560,70977376,102044192,60453036,68603672,92812072
"286","cis-12-Octadecenoic Acid methyl ester",112654.64710567,-0.272272380252823,0.313755898240722,-0.867784101524456,0.385512535068265,1,157724,76661,174449,94865,120783,70809
"287","cis-3-Hydroxy-DL-proline",0,NA,NA,NA,NA,NA,0,0,0,0,0,0
"288","cis-7-Hexadecenoic acid methyl ester",0,NA,NA,NA,NA,NA,0,0,0,0,0,0
"289","cis-9-Hexadecenoic acid",0,NA,NA,NA,NA,NA,0,0,0,0,0,0
"290","cis-9-palmitoleic acid",142632.139495416,0.177837358363301,0.47580101223383,0.373764144654454,0.708579797645181,1,223425,141718,119632,120427,160542,91636
"291","Citrulline",18249428.1500426,-0.757173245066897,0.294695721225081,-2.56933912009054,0.0101892691018147,0.205313772401567,12645960,7476647,40973644,22101442,13552157,17065554
"292","Clozapine",0,NA,NA,NA,NA,NA,0,0,0,0,0,0
"293","Codeine",0,NA,NA,NA,NA,NA,0,0,0,0,0,0
"294","Conjugated linoleic acid (9E,11E)",292606.80877947,0.404729667070486,0.449822932819207,0.899753297445054,0.368251553090301,1,379199,242717,269542,229839,419967,209950
"295","Creatine",89824.6049769384,-0.537347578667603,0.57086671649901,-0.941283776295505,0.346559454486144,1,216628,66161,81910,93314,67043,34996
"296","Creatinine",54139722.7208729,0.317338358100067,0.312047209921856,1.01695624254912,0.309174245961062,0.979866325495114,64552400,36218772,69266120,40904260,48134908,71267336
"297","Cumylamine",273565.592170487,-0.0806570301923277,0.464925892959565,-0.173483626990297,0.862271296518746,1,438072,144072,349116,336887,0,440056
"298","Cyclizine",0,NA,NA,NA,NA,NA,0,0,0,0,0,0
"299","Cyclohexylamine",0,NA,NA,NA,NA,NA,0,0,0,0,0,0
"300","Cyclopropanecarboxylic acid, 1-amino-",7327603.42026869,-0.0159996673624635,0.324283097268938,-0.0493385794610025,0.960649474977266,1,6361843,6397827,8610424,8018952,7615350,6745977
"301","Cycluron",6955511.48076098,-0.0120657546668606,0.418355165612249,-0.0288409362633369,0.976991452030779,1,9759446,7137430,5251409,7899488,6056041,5422422
"302","Cymoxanil",14659.3067785768,-0.215156386181058,0.35250452004266,-0.610364900157933,0.541620113893339,1,0,0,86942,0,14376,0
"303","Cys-Glu-Lys",0,NA,NA,NA,NA,NA,0,0,0,0,0,0
"304","Cys-Gly",0,NA,NA,NA,NA,NA,0,0,0,0,0,0
"305","Cytosine",13196.6371167798,0,0.352504093066435,0,1,1,93457,0,0,0,0,0
"306","D-(-)-Ribose",0,NA,NA,NA,NA,NA,0,0,0,0,0,0
"307","D-(-)-Tagatose",0,NA,NA,NA,NA,NA,0,0,0,0,0,0
"308","D-(+)-Arabitol",83906.3261874773,0.984781124674681,0.366079015058814,2.69007805464202,0.00714353083706377,0.204774559043722,82455,59816,60360,63292,114884,115532
"309","D-(+)-Mannose",0,NA,NA,NA,NA,NA,0,0,0,0,0,0
"310","d-Dethiobiotin",327299.132446733,-0.0136149526385399,0.461962064416408,-0.0294720144515319,0.97648813847502,1,236601,757135,293540,198068,371654,0
"311","D-Glucosaminic acid",597084.642265012,0.486120676627047,0.650684853761656,0.747090813343432,0.455008745145466,1,160641,573683,892093,195410,558480,1169960
"312","D-Mannitol",232023.207256772,-0.101780111359615,0.503000015680693,-0.202346139536158,0.839646131776655,1,399446,87136,420469,158045,205220,202086
"313","D-Mannosamine",1885107.72082691,-0.105091227571922,0.369288202957835,-0.284577808687599,0.775967614663123,1,2907722,1495823,1856638,2003974,1650909,1541848
"314","D-Ornithine",12399470.1158282,-0.0451043029689912,0.450944602282995,-0.10002182693981,0.920326996946132,1,11897221,9025570,21769532,8866937,9497075,15244653
"315","D-Pipecolic acid",4866338.60084319,0.131818608924853,0.65478741508309,0.201315122875607,0.840452178287425,1,13277468,857501,7373906,2287649,2497776,5485258
"316","D-Proline",15886810.8365872,-0.35018930908101,0.354538450348517,-0.987732948955941,0.323283453290771,1,12936600,15049801,25113998,15698235,12895192,14383476
"317","D-Ribose",440692.612721498,0.510972369134699,0.658883941415229,0.775511948336716,0.438037207932107,1,49701,516642,586358,149652,796362,452886
"318","D-Ribulose",0,NA,NA,NA,NA,NA,0,0,0,0,0,0
"319","D-Serine",25331706.8885594,0.102101616618744,0.33368548182469,0.305981596982949,0.759618657693058,1,24464112,20545630,38249428,18764324,23959960,28041772
"320","D-Threitol",0,NA,NA,NA,NA,NA,0,0,0,0,0,0
"321","D-Tryptophan",60362668.2596409,-0.0938683388612864,0.257003357980002,-0.365241682439769,0.714931006236075,1,81831408,41658640,79013744,57064408,48664908,61938192
"322","D-Xylose",0,NA,NA,NA,NA,NA,0,0,0,0,0,0
"323","DEA",0,NA,NA,NA,NA,NA,0,0,0,0,0,0
"324","Decanoyl m-Nitroaniline",97046.4257061074,0.26414992704436,0.504673908654023,0.523407139768438,0.600690956707651,1,103032,173975,58128,79273,73266,73110
"325","Decanoyl-L-carnitine",870329.517858737,1.11620487257145,0.646160573751435,1.72744193612906,0.0840883246313884,0.8703090425143,1377192,80879,312629,121846,185172,3277553
"326","Demethylmethadone (EDDP)",0,NA,NA,NA,NA,NA,0,0,0,0,0,0
"327","DESOXYPEGANINE",0,NA,NA,NA,NA,NA,0,0,0,0,0,0
"328","Dextromethorphan",390613.287930445,-0.246463282079923,0.531668697352087,-0.463565531142617,0.642959054536076,1,596207,377904,228542,569933,251278,309789
"329","Di(propylene glycol) butyl ether",0,NA,NA,NA,NA,NA,0,0,0,0,0,0
"330","Di(propylene glycol) propyl ether",0,NA,NA,NA,NA,NA,0,0,0,0,0,0
"331","Diaminopimelic acid",883367.938098315,-0.57523598179109,0.376096367773282,-1.52949092594761,0.126142786857942,0.979866325495114,1081850,662440,1278331,1047799,476332,875540
"332","Diazoxide",0,NA,NA,NA,NA,NA,0,0,0,0,0,0
"333","dibucaine",177015.335751554,2.19686431825423,0.623882333064847,3.52127989818535,0.000429469034391795,0.0346152041719787,0,0,0,0,327924,682270
"334","Dibutyl adipate",137676.30579553,-0.116063303737202,0.367289064019009,-0.315999889752218,0.752002591814339,1,361184,247807,0,212485,0,0
"335","Diethanolamine",283937.289048573,-0.154543294374624,0.352505665979969,-0.438413646331023,0.661086455911448,1,0,845216,842306,0,0,0
"336","Diethyl methylphosphonate",493828.55473363,0.142736923356885,0.594577880634666,0.240064301087898,0.810280408648997,1,1151662,271739,378588,434476,277465,568092
"337","Diethyl phthalate",0,NA,NA,NA,NA,NA,0,0,0,0,0,0
"338","Diethylene glycol hexyl ether",18754.0209472918,0.130890917567348,0.352504816581412,0.371316678270462,0.710401677060059,1,0,0,40702,0,71482,0
"339","Difenoxuron",13936.4495944984,0.18009250249797,0.388040629606857,0.464107335050019,0.642570846775802,1,21601,0,18149,0,18577,29008
"340","Dihydralazine",0,NA,NA,NA,NA,NA,0,0,0,0,0,0
"341","Diisopropyl methylphosphonate",0,NA,NA,NA,NA,NA,0,0,0,0,0,0
"342","Diisopropylethylamine",0,NA,NA,NA,NA,NA,0,0,0,0,0,0
"343","Dimethylformamide",1916586.94384712,-0.0287897882220138,0.317319522352106,-0.0907280712154477,0.927708665009301,1,1674120,1766085,2288006,2026851,1880815,1811814
"344","Dimethylglycine",0,NA,NA,NA,NA,NA,0,0,0,0,0,0
"345","Dioctyl phthalate",34132.6902659179,0.362430583393392,0.352505166547996,1.02815679821829,0.303876076598987,0.979866325495114,0,0,0,0,185864,0
"346","Diphenylmethylphosphine",2175.00007683795,-0.362403526347638,0.352496875206105,-1.02810422400409,0.303900803907695,0.979866325495114,0,0,15733,0,0,0
"347","Diphenylmethylphosphine oxide",0,NA,NA,NA,NA,NA,0,0,0,0,0,0
"348","DL-.alpha.-Lipoamide",1932100.52064699,-0.43455147249681,0.585712057137657,-0.741919971086885,0.458135824948622,1,2211962,1819415,1115114,3628877,1472473,1127697
"349","DL-.alpha.-Phenylglycine",0,NA,NA,NA,NA,NA,0,0,0,0,0,0
"350","DL-.beta.-Leucine",1927814.39097316,-0.0546360627160029,0.480555459350482,-0.113693563672856,0.909480714882571,1,2857818,1796719,1627108,2071642,2048458,1173159
"351","DL-2-Methylglutamic acid",190011.098285499,-0.133676265475134,0.408893637950147,-0.326921852208991,0.743726992766379,1,205930,110878,220658,241208,157080,215921
"352","DL-2,3-Diaminopropionic acid",0,NA,NA,NA,NA,NA,0,0,0,0,0,0
"353","DL-3-amino-isobutanoic acid",0,NA,NA,NA,NA,NA,0,0,0,0,0,0
"354","DL-Arginine",1300051.59783616,0.124509984781438,0.4636515515798,0.268542150580959,0.788282034444039,1,1690305,1346746,0,1578892,1364668,1546429
"355","DL-Homocysteine",0,NA,NA,NA,NA,NA,0,0,0,0,0,0
"356","DL-Homoserine",833186.079349027,-0.00491916050054631,0.389981303366724,-0.0126138367610934,0.989935881278316,1,757945,796742,1126830,727950,896762,695774
"357","DL-Indole-3-lactic acid",309003.274301641,-0.0540142538341917,0.639888646156849,-0.0844119584846513,0.932728899725445,1,983472,19997,72563,387484,372290,112511
"358","DL-Methionine sulfoxide",5497209.92344749,0.26504234837271,0.376212981665401,0.70450080483516,0.481120949023911,1,6605832,4947641,7584138,3303284,5390438,5617078
"359","DL-Norvaline",1490593.71886382,-0.119678689747977,0.246389377196465,-0.485729908934136,0.62715867506559,1,1825316,1247949,2120888,1258500,1267098,1385315
"360","DL-Octopamine",1064428.58058934,-0.0898912913493253,0.282316007683053,-0.318406639733456,0.75017650238487,1,1083865,948945,1403896,1000835,811198,1187772
"361","DL-Ornithine",316913309.934518,-0.323348524520429,0.196888421107001,-1.64229324762934,0.100529245808028,0.922283592828184,315645056,323574368,431807776,316612992,236879200,286510496
"362","DL-Phenylalanine",13724273.5025947,-0.159162664378235,0.297903049378807,-0.534276720933619,0.593150095629849,1,13382899,13028757,18992226,12839953,12708758,11818059
"363","DL-Propargylglycine",0,NA,NA,NA,NA,NA,0,0,0,0,0,0
"364","DMABA-d4 NHS ester",0,NA,NA,NA,NA,NA,0,0,0,0,0,0
"365","DMPO",0,NA,NA,NA,NA,NA,0,0,0,0,0,0
"366","E-64",0,NA,NA,NA,NA,NA,0,0,0,0,0,0
"367","Ectoine",272784.030711251,0.626674201557522,0.535596975240143,1.17004805950695,0.241981628938475,0.979866325495114,664601,222145,267564,87565,188437,279469
"368","Eflornithine",0,NA,NA,NA,NA,NA,0,0,0,0,0,0
"369","Ephedrine",197789.800696063,-0.235249459611389,0.496472561930246,-0.473841814534036,0.635612713990444,1,263726,121184,295518,193484,121208,229075
"370","Ergothioneine",2653221.79389473,-0.542266040468136,0.655394942560167,-0.827388197946546,0.408017067763876,1,7690468,468281,7024577,1039214,237284,1612682
"371","Ethanol, 2-(2-butoxyethoxy)-",0,NA,NA,NA,NA,NA,0,0,0,0,0,0
"372","Ethanol, 2-(2-ethoxyethoxy)-",0,NA,NA,NA,NA,NA,0,0,0,0,0,0
"373","Ethyl imidazole-2-carboxylate",1286184.20772822,0.222132694427036,0.624483630494102,0.355706192412571,0.722060607089024,1,1076595,1523549,2070851,425857,855118,1832135
"374","ethyl-2,4-dimethyl-Thiazole-5-Carboxylate",0,NA,NA,NA,NA,NA,0,0,0,0,0,0
"375","Ethylenediaminetetraacetic acid",0,NA,NA,NA,NA,NA,0,0,0,0,0,0
"376","Ethylmalonic acid",2878.30161298968,0.362411745821311,0.35249918756416,1.02812079745672,0.303893008746697,0.979866325495114,0,0,0,0,0,16814
"377","Ethylphosphonic acid",0,NA,NA,NA,NA,NA,0,0,0,0,0,0
"378","F16 cation",0,NA,NA,NA,NA,NA,0,0,0,0,0,0
"379","FENDILINE",0,NA,NA,NA,NA,NA,0,0,0,0,0,0
"380","Ferimzone",0,NA,NA,NA,NA,NA,0,0,0,0,0,0
"381","Fexofenadine",69485.5130530683,0.863007634074358,0.364013335352419,2.37081323748438,0.01774899715644,0.31099329800197,72198,49942,52716,54811,85415,97728
"382","Flavone",546711.591413826,-0.112902713109523,0.596259798509837,-0.189351543390461,0.849817300142458,1,412019,730387,960653,281205,507048,398138
"383","Flurenol butyl ester",84680.7512623567,6.50232194868542,0.582493710605677,11.1629049898656,6.19341214960009e-29,1.24797254814442e-26,111032,49115,0,0,148108,187344
"384","Fluroxypyr 1-methylheptyl ester",2285.65975595565,0.362406990920151,0.35249749307011,1.02811225056874,0.303897028675097,0.979866325495114,0,0,0,0,0,13352
"385","Formamide, N,N-dimethyl-",0,NA,NA,NA,NA,NA,0,0,0,0,0,0
"386","Gabapentin",0,NA,NA,NA,NA,NA,0,0,0,0,0,0
"387","Genipin",5375.05763027349,0.362420267610592,0.352502188416037,1.02813622020085,0.30388575492948,0.979866325495114,0,0,0,0,29269,0
"388","Gln-Met-Lys",0,NA,NA,NA,NA,NA,0,0,0,0,0,0
"389","Gly His Val",0,NA,NA,NA,NA,NA,0,0,0,0,0,0
"390","Gly Leu",1072783.02783901,-0.11042368839837,0.157408857976815,-0.701508732212739,0.482985587035176,1,1847152,1835794,672435,793703,480590,739642
"391","Gly Val Arg",0,NA,NA,NA,NA,NA,0,0,0,0,0,0
"392","Gly-Pro",295205.439493617,1.19457538953462,0.534117119426061,2.2365420356087,0.0253162869995687,0.377869024475043,161938,443774,100481,223931,341816,398066
"393","Gly-Pro-Lys",3804550.20894183,0.179217487265158,0.352505719020324,0.508410155055739,0.611165732546083,1,0,0,0,4575911,16311564,0
"394","Gly-Val",844804.276138907,-0.19918115638937,0.498688392063169,-0.399410051566109,0.689591088812188,1,1281524,803695,638998,1056244,760942,524304
"395","Glycerophosphocholine",84569952.2963958,0.1350780430731,0.297202550165867,0.454498263886744,0.649470241220257,1,100672720,60102916,93407568,81464048,107356168,66668024
"396","Glycine",8907134.2083421,0.324200509100387,0.403348555956478,0.803772579107408,0.42152832881898,1,7980762,7945465,12268206,5820825,9492146,10149023
"397","Glycyl-L-4-Hydroxyproline",3826623.74682125,0.29404509038215,0.28919676921519,1.01676478330003,0.309265338962963,0.979866325495114,3784572,3405368,4267482,3275878,4265050,3884694
"398","guanabenz",0,NA,NA,NA,NA,NA,0,0,0,0,0,0
"399","Guanidineacetic acid",8257877.32742881,0.709065716547961,0.29770236473193,2.3817940350808,0.0172285304817468,0.31099329800197,10181511,5550396,7808465,5712770,12508159,7791192
"400","Guanine",474615.980570794,0.259468031983771,0.476960286312878,0.544003430536279,0.586439112152141,1,606254,687078,0,251060,680175,488104
"401","GUVACINE",0,NA,NA,NA,NA,NA,0,0,0,0,0,0
"402","Harmane",0,NA,NA,NA,NA,NA,0,0,0,0,0,0
"403","HARMOL",0,NA,NA,NA,NA,NA,0,0,0,0,0,0
"404","Hemin",31769.0448703442,-0.182047384133722,0.352505217246616,-0.516438836155891,0.605547947294766,1,0,0,181866,0,0,38713
"405","Hexaethylene glycol",238820.787288084,0.207479478751826,0.352505649148481,0.588584833329671,0.556139810479965,1,708067,0,0,0,756019,0
"406","Hexanedioic acid, 2-amino-",564258.546396207,-0.819165599400548,0.304476201049778,-2.69040928839829,0.00713644337364111,0.204774559043722,748746,602346,696970,684197,241115,453117
"407","Hexanedioic acid, bis(2-ethylhexyl) ester",16965171.2430551,-0.222164673287629,0.441368065963383,-0.503354661154983,0.614714942046118,1,34901344,16107580,12652902,17164274,12707298,10090948
"408","Hippuric acid",2812494.72439435,-0.396105923840519,0.574962195039336,-0.688925162833392,0.490870363588995,1,2604054,1640028,7124466,1746265,1672367,3031848
"409","His Gly Val",0,NA,NA,NA,NA,NA,0,0,0,0,0,0
"410","His Pro Asp",8753.18147904016,-0.0556423290573411,0.352503980702209,-0.157848796335571,0.874575946699983,1,24453,0,0,18666,10891,0
"411","His Val Gly",0,NA,NA,NA,NA,NA,0,0,0,0,0,0
"412","Hydralazine",0,NA,NA,NA,NA,NA,0,0,0,0,0,0
"413","Hydrogen sulfate anion",49469.9968188848,0.14436021756581,0.465698325646101,0.309986550554003,0.756571184044932,1,45476,27022,63950,49972,43299,70486
"414","Hypotaurine",0,NA,NA,NA,NA,NA,0,0,0,0,0,0
"415","Hypoxanthine",113397.684612963,0.00277258196985964,0.352505560750231,0.00786535668815779,0.99372441803864,1,0,474520,61733,0,0,63263
"416","Ile-Glu-Lys",12176362.4684391,0.151291525119669,0.35616285818171,0.424781870552268,0.670995694930418,1,0,0,5887000,13172476,49190832,0
"417","Ile-Ile",3155.80045285972,0,0.352498906804889,0,1,1,22349,0,0,0,0,0
"418","Ile-Leu-Lys",19294.7482322449,-0.0202758201310908,0.352504946350477,-0.0575192499878616,0.954131572220415,1,0,0,0,58310,48928,0
"419","Ile-Ser-Lys",0,NA,NA,NA,NA,NA,0,0,0,0,0,0
"420","Ile-Val",114261.527373651,-0.384555969960553,0.594988665973516,-0.646324866258327,0.518068987220344,1,128506,102851,229274,68754,140814,35183
"421","Indole-3-acetamide",3319.78727136368,0.362414215384972,0.352500056673477,1.02812526841855,0.303890905896373,0.979866325495114,0,0,0,0,0,19393
"422","Indole-3-acetonitrile",1187184.58150003,0.0399120082941858,0.177300803693056,0.225109009450864,0.821894472318675,1,1081609,938328,1370111,1299839,1124320,1301574
"423","Indole-3-butyric acid",0,NA,NA,NA,NA,NA,0,0,0,0,0,0
"424","Inosine",4028758.69714746,1.42999635634741,0.651092464608027,2.1963030354042,0.0280702606226867,0.404011251105098,421510,8942329,381656,131375,8407108,3372225
"425","Isocytosine",13196.6371167798,0,0.352504093066435,0,1,1,93457,0,0,0,0,0
"426","Isoetharine",19485.4802099066,-0.196628163827844,0.352504807452901,-0.557802786431829,0.576979059768073,1,62397,0,77216,0,0,0
"427","Isonicotinamide",0,NA,NA,NA,NA,NA,0,0,0,0,0,0
"428","Isopimaric acid",98732.6596273288,0.111241662586755,0.416434702972906,0.267128704194454,0.789370067608304,1,42889,44725,94709,148115,67037,188231
"429","Isoprothiolane",1117853.53952027,1.36008226540315,0.658030478627021,2.06689858536789,0.0387437110766892,0.503668243996959,341317,2669771,309131,137035,1652149,994419
"430","Isoquinoline N-oxide",98279.7798898904,0.754480790001038,0.591555902901715,1.27541756628602,0.202161484370632,0.979866325495114,68371,61637,103141,53508,225471,65927
"431","Jasmine lactone",0,NA,NA,NA,NA,NA,0,0,0,0,0,0
"432","JNJ-10198409",0,NA,NA,NA,NA,NA,0,0,0,0,0,0
"433","JWH 081 N-(5-hydroxypentyl)",0,NA,NA,NA,NA,NA,0,0,0,0,0,0
"434","Kavain, DL-",0,NA,NA,NA,NA,NA,0,0,0,0,0,0
"435","Kenpaullone",37879.348609906,0,0.352505155280846,0,1,1,268257,0,0,0,0,0
"436","L-(+)-Gulose",766108.397381546,1.08279598550172,0.659100446483436,1.64283910180743,0.100416227625143,0.922283592828184,2987772,191738,65861,114903,1342591,176678
"437","L-(+)-Threose",0,NA,NA,NA,NA,NA,0,0,0,0,0,0
"438","L-2-Aminoadipic acid",564258.546396207,-0.819165599400548,0.304476201049778,-2.69040928839829,0.00713644337364111,0.204774559043722,748746,602346,696970,684197,241115,453117
"439","L-Alanine, N-acetyl-",1654161.88913115,0.193678906186905,0.362003494876666,0.535019437458444,0.592636416509653,1,1255910,1218983,2364701,1374654,1622210,2146219
"440","L-Alloisoleucine",28811031.7271094,-0.267233347638743,0.219552717500549,-1.21717166920548,0.223538906909016,0.979866325495114,38767292,28593568,34803616,27277222,18365378,27244194
"441","L-Arginine",11609541.5993257,-0.0028315452564909,0.352505721903458,-0.00803262211234795,0.993590963755595,1,26059936,0,0,22709572,0,22867634
"442","L-Asparagine",17560432.0834537,-0.0289740019618683,0.272201563272691,-0.106443187223147,0.915230729238797,1,17618348,13929228,22749860,17089204,13273750,21662000
"443","L-Aspartic acid",4943303.95565787,0.0553822439989825,0.642330985626234,0.0862207261338766,0.931290954986428,1,1668949,3574910,10812835,2228504,3517690,8554437
"444","L-Carnitine",2456994.10240753,0.598631157821138,0.659248627619494,0.908050669718887,0.363851451648074,1,8827350,247879,1976990,662634,1919431,2444422
"445","L-Citrulline",34009019.9324621,-0.734012798783381,0.384890624333539,-1.90706853422156,0.0565117132585649,0.650692012662905,28013814,24044522,74819520,32936942,22145490,29528704
"446","L-Cysteine",0,NA,NA,NA,NA,NA,0,0,0,0,0,0
"447","L-Cystine",1579970.92622991,-0.033846314708733,0.445743531564647,-0.0759322621910537,0.939472989427681,1,1097427,780722,2540006,1595675,1145278,2492682
"448","L-Fucitol",787702.421578058,-0.281837709708877,0.474860189419922,-0.593517241470933,0.552835047817843,1,1148327,390569,1236291,779733,532796,826826
"449","L-Glutamic acid",0,NA,NA,NA,NA,NA,0,0,0,0,0,0
"450","L-Glutamine",396813729.008205,0.134561679278281,0.120898358330992,1.11301494193893,0.265702012251133,0.979866325495114,432387552,348482432,471176032,350345248,396867904,389863712
"451","L-Histidine",27647.3906776244,-0.0472342325674092,0.35250517835303,-0.133995854438497,0.893405852552085,1,0,0,115930,0,0,67884
"452","L-Histidine, 1-methyl-",15514648.6035859,0.171853327341445,0.289859495616142,0.592884931977622,0.553258162750606,1,15996880,16044935,18407720,12197382,13517546,16897060
"453","L-Histidine, 3-methyl-",5533490.23098523,0.0145562465695344,0.657642387178557,0.0221339847511717,0.9823410771999,1,14380176,6031225,7533342,853694,526783,5950453
"454","L-Isoleucine",48145437.8613295,-0.363508188383059,0.270078483651684,-1.34593538688506,0.178323355275995,0.979866325495114,59268452,45871440,67593920,44791624,29937634,46292488
"455","L-Kynurenine",789255.562868874,0.552222797921104,0.562667353655266,0.981437423610397,0.326377078842244,1,910358,491023,474230,784162,402910,1666091
"456","L-Leucine",121173279.136595,-0.127619516560058,0.296199661154938,-0.430856389445031,0.666572794978113,1,128144888,99756072,161702864,116655752,79052072,150790976
"457","L-Lysine",4801704.48936073,-0.139875212780171,0.45193052012165,-0.30950601154912,0.756936639961304,1,5380022,4611796,7705276,5846865,0,6011942
"458","L-Methionine",4044624.96556376,-0.0286083790976785,0.297084264169691,-0.0962971875256835,0.923284544737218,1,3456559,3658006,5210672,3999123,3627807,4311228
"459","L-Methionine, N-acetyl-",255652.386762442,0.437817543697441,0.649329580811431,0.674260894059877,0.50014546146244,1,51536,79691,537359,85834,249513,568386
"460","L-N.gamma.-Monomethylarginine",3969156.91754755,-0.692027783018078,0.433234414243426,-1.59735182678549,0.110187304225417,0.944797523464744,6670968,2708791,5054402,4969608,2264893,2903685
"461","L-N5-(1-Imino-3-pentenyl) ornithine",51936.588113537,0,0.433442600554809,0,1,1,169058,141622,0,0,0,0
"462","L-Ornithine",3368014.02169576,-0.00922886337082905,0.524392443716887,-0.0175991539950786,0.985958631587234,1,2860910,3359649,5240369,2281267,2220950,4454936
"463","L-Phenylalanine",393533.658201705,-0.144469730209243,0.451510127581803,-0.319970076824177,0.748991014256112,1,568045,399307,361868,401840,175836,472175
"464","L-Pipecolic acid",5777291.06736754,-0.352589609737734,0.29216052688531,-1.20683520630474,0.227495614645331,0.979866325495114,7090844,4536418,7706100,6314072,3885827,5735178
"465","L-Proline",321335973.97852,-0.251409400801602,0.204482487014423,-1.2294911142384,0.218887727371812,0.979866325495114,315645056,323574368,431807776,316612992,260962096,286510496
"466","L-Serine",25331706.8885594,0.102101616618744,0.33368548182469,0.305981596982949,0.759618657693058,1,24464112,20545630,38249428,18764324,23959960,28041772
"467","L-Theanine",0,NA,NA,NA,NA,NA,0,0,0,0,0,0
"468","L-Threonine",7327603.42026869,-0.0159996673624635,0.324283097268938,-0.0493385794610025,0.960649474977266,1,6361843,6397827,8610424,8018952,7615350,6745977
"469","L-Tryptophan",51475006.9717576,0.00167283636756169,0.336406176824654,0.00497266840743423,0.996032401003145,1,67328248,31176542,69209464,47463664,40917260,60262240
"470","L-Tyrosinamide",0,NA,NA,NA,NA,NA,0,0,0,0,0,0
"471","L-Tyrosine",32681593.7739577,-0.151396307256494,0.217106477317895,-0.697336666905677,0.485592126357153,1,35627800,28474402,43413396,31370848,24573106,34741692
"472","L-Valine",190839954.980304,-0.303525897840318,0.194520380272816,-1.56038096067169,0.118669881372816,0.979866325495114,224397552,172348784,258383728,187593616,128796688,189619744
"473","Labetalol",1262230.26487271,0.381621647020302,0.360242190174455,1.05934745409885,0.289441570754868,0.979866325495114,0,0,0,0,0,7373494
"474","Lactose",266019.113313822,-1.03868553535484,0.641239058240282,-1.6198101503755,0.105273065186344,0.922283592828184,78659,106511,1136445,142190,167031,121997
"475","Leu Val Val Val Asp",2963396.35046031,1.14220813211496,0.394170838193146,2.89774894903634,0.00375851314863104,0.189335099862288,3121676,1352795,2730176,1657633,3829198,5145350
"476","Leu-Gly",1072783.02783901,-0.11042368839837,0.157408857976815,-0.701508732212739,0.482985587035176,1,1847152,1835794,672435,793703,480590,739642
"477","Leu-Leu",109422.695514995,0.311833057142346,0.343745062248349,0.907163742521055,0.364320214091715,1,243103,73967,141813,37836,142988,46057
"478","Leu-Val",114261.527373651,-0.384555969960553,0.594988665973516,-0.646324866258327,0.518068987220344,1,128506,102851,229274,68754,140814,35183
"479","Linoleic acid",292606.80877947,0.404729667070486,0.449822932819207,0.899753297445054,0.368251553090301,1,379199,242717,269542,229839,419967,209950
"480","Loxistatin acid",184952.534608887,-0.482674343012021,0.621010711952284,-0.77723996337298,0.437017208411399,1,348462,130447,149406,256536,182361,60736
"481","Luminol",2060230.5505282,0.226198308733004,0.369082458835569,0.612866592052748,0.539964554697248,1,0,4623554,0,0,2586487,3908102
"482","Lys Ile Glu Arg",681253.336540198,0.915530432932078,0.310536135468711,2.94822511251456,0.00319604237807324,0.184000725480502,736757,382594,691108,424804,837923,1033235
"483","Lys Lys Gly",3389.74435735293,0.00698261924034697,0.352501306472699,0.0198087754914116,0.984195917428054,1,0,0,11970,0,0,10135
"484","Lys-Cys",7517.43069861536,0,0.3525028841383,0,1,1,0,37935,0,0,0,0
"485","Lyso-PC(16:0)",79405641.0185547,0.669885983680261,0.387959741713089,1.72668942587261,0.0842234557271903,0.8703090425143,129085232,59542864,49751100,66094672,74642432,99935952
"486","Malathion",0,NA,NA,NA,NA,NA,0,0,0,0,0,0
"487","Mechlorethamine",16401.3686264347,0.208392809870956,0.352504762059434,0.591177289786001,0.554401637593391,1,0,0,22941,0,40456,33884
"488","Meconine",57323.4853789291,-0.137977503595969,0.474830582772275,-0.290582596408165,0.771370572046897,1,164231,41066,60319,53496,44642,0
"489","Mesterolone",5001.55375872732,-0.362419746825484,0.352502276187074,-1.02813448680583,0.30388657019569,0.979866325495114,0,0,17141,14886,0,0
"490","Met-Lys-OH",8706.97411137801,-0.362424597025844,0.352503742507628,-1.02814396933105,0.303882110305405,0.979866325495114,0,0,28871,26672,0,0
"491","Metformin",1933.19020551281,0.362402826676647,0.352495992624657,1.02810481327241,0.303900526748837,0.979866325495114,0,0,0,0,0,11293
"492","Methanesulfonic acid",0,NA,NA,NA,NA,NA,0,0,0,0,0,0
"493","Methyl acetoacetate",2124.85951114739,0,0.352495599945598,0,1,1,15048,0,0,0,0,0
"494","Methyl myristoleate",0,NA,NA,NA,NA,NA,0,0,0,0,0,0
"495","Methyldopa",0,NA,NA,NA,NA,NA,0,0,0,0,0,0
"496","Methylmalonic acid",0,NA,NA,NA,NA,NA,0,0,0,0,0,0
"497","Metronidazole",18335.092831122,0.362428592137217,0.352504697170694,1.0281525183811,0.303878089491229,0.979866325495114,0,0,0,0,0,107107
"498","Metyrapone",0,NA,NA,NA,NA,NA,0,0,0,0,0,0
"499","Mexiletine",773691.235736986,-0.0971806657323547,0.267334722374136,-0.363516810945157,0.716218857282708,1,1252949,621677,879229,692140,691873,599312
"500","Mitragynine",11506.8283270284,-0.131394417625295,0.352504285236158,-0.372745589567141,0.709337802153406,1,29987,16165,0,23015,0,0
"501","Molinate",0,NA,NA,NA,NA,NA,0,0,0,0,0,0
"502","Monoacetyldapsone(MADDS)",22899.1395668939,0.153996924033179,0.352505052385217,0.436864444895647,0.662209658652374,1,0,39262,17480,0,36822,34700
"503","N-(2-Furoyl)glycine",50698.3421987411,0.399696063748331,0.658959381935292,0.606556450527295,0.54414530881202,1,23616,129548,17253,32941,57616,16950
"504","N-(4-Morpholin-4-yl-phenyl)-2-nitrobenzenesulfonamide",0,NA,NA,NA,NA,NA,0,0,0,0,0,0
"505","N-(tert-Butyl)benzenesulfonamide",0,NA,NA,NA,NA,NA,0,0,0,0,0,0
"506","N-Acetyl-D-glucosamine",213900.043309155,0.80613594858296,0.369941894802772,2.17908801330203,0.0293251305499981,0.407518193505146,114540,109446,218643,171377,229805,428247
"507","N-Acetyl-DL-serine",0,NA,NA,NA,NA,NA,0,0,0,0,0,0
"508","N-Acetyl-L-alanine",21132305.482365,-0.367608503788118,0.382873836549134,-0.960129600657482,0.336989992447208,1,19564566,30036696,25914534,19572928,13706210,16691076
"509","N-Acetylglycine methyl ester",1654161.88913115,0.193678906186905,0.362003494876666,0.535019437458444,0.592636416509653,1,1255910,1218983,2364701,1374654,1622210,2146219
"510","N-Acetylpyrrolidine",0,NA,NA,NA,NA,NA,0,0,0,0,0,0
"511","N-Benzoylaminopurine",0,NA,NA,NA,NA,NA,0,0,0,0,0,0
"512","N-Benzylacetamidine",0,NA,NA,NA,NA,NA,0,0,0,0,0,0
"513","N-benzylideneaniline n-oxide",0,NA,NA,NA,NA,NA,0,0,0,0,0,0
"514","N-Formylglycine",0,NA,NA,NA,NA,NA,0,0,0,0,0,0
"515","N-Isovaleroylglycine",3282165.46434903,-0.448748635805664,0.467367486536363,-0.960162289275442,0.336973542940782,1,2150135,0,18804216,393685,743866,1009230
"516","N-Lauroylsarcosine",0,NA,NA,NA,NA,NA,0,0,0,0,0,0
"517","N-Methyl-.alpha.-aminoisobutyric acid",1743928.52486633,-0.314789769947581,0.310854650113229,-1.01265903480266,0.311223051273882,0.979866325495114,1825316,1603362,2599047,1642660,1267098,1670855
"518","N-Methylnicotinic acid cation",17186970.696541,0.319804786269706,0.648727346979872,0.492972568149849,0.622031970326696,1,720551,10564067,24823802,10781545,48181196,4706340
"519","N-Methylpropionamide",0,NA,NA,NA,NA,NA,0,0,0,0,0,0
"520","N-Methyltryptamine",13746.0100633935,-0.017411134990163,0.352504554964724,-0.0493926525060234,0.960606383467725,1,36745,18664,0,15492,11543,0
"521","N-n-Butylpropionamide",0,NA,NA,NA,NA,NA,0,0,0,0,0,0
"522","N-Nervonoyl-D-erythro-sphingosylphosphorylcholine",0,NA,NA,NA,NA,NA,0,0,0,0,0,0
"523","N-Nitrosopiperidine",0,NA,NA,NA,NA,NA,0,0,0,0,0,0
"524","N-Nitrosopyrrolidine",0,NA,NA,NA,NA,NA,0,0,0,0,0,0
"525","N-Oleoylethanolamine",318924.620709917,-0.0483616566976927,0.607960075362215,-0.0795474220389874,0.936597213754698,1,538858,346224,168296,373039,330515,141995
"526","n-Pentadecylamine",0,NA,NA,NA,NA,NA,0,0,0,0,0,0
"527","N-Tetracosenoyl-4-sphingenyl-1-O-phosphorylcholine",0,NA,NA,NA,NA,NA,0,0,0,0,0,0
"528","N,N-Bis(2-hydroxyethyl)glycine",418053.606005313,-0.105997689031253,0.424953163249852,-0.249433815766026,0.803025230383274,1,684616,0,738814,546080,668121,0
"529","N,N-Dimethyl-L-valine",9962551.57587266,-0.0221044874590503,0.326955585822772,-0.0676070035733605,0.946098480112684,1,15154454,7170154,14312779,7332215,8124084,9550010
"530","N,N-Dimethyltryptamine (DMT)",0,NA,NA,NA,NA,NA,0,0,0,0,0,0
"531","N.alpha.-Acetyl-L-lysine",0,NA,NA,NA,NA,NA,0,0,0,0,0,0
"532","N.epsilon.-Acetyl-L-lysine",1072783.02783901,-0.11042368839837,0.157408857976815,-0.701508732212739,0.482985587035176,1,1847152,1835794,672435,793703,480590,739642
"533","N.epsilon.-Methyl-L-lysine",1468043.16207575,-0.342041266774335,0.501937297373401,-0.681442221098553,0.495591714924203,1,2176284,1313966,2142618,1209234,648393,1584725
"534","N6-(1-Iminoethyl)-L-lysine",0,NA,NA,NA,NA,NA,0,0,0,0,0,0
"535","N8-Acetylspermidine",0,NA,NA,NA,NA,NA,0,0,0,0,0,0
"536","Nadolol",323127.026301116,0.0975380852212576,0.491990053246531,0.198252148753061,0.842847788299819,1,310528,299378,298655,327515,143855,551105
"537","Nalbuphine",1042949.08415845,-0.326357808896656,0.367558271039408,-0.88790767236378,0.374590417339317,1,1202140,1201645,1254225,1038040,885228,675232
"538","Niacinamide",0,NA,NA,NA,NA,NA,0,0,0,0,0,0
"539","Nicotinamide N-oxide",0,NA,NA,NA,NA,NA,0,0,0,0,0,0
"540","Nicotinuric acid",60887.0377695187,-0.144459493977173,0.463678198917364,-0.31155118854945,0.755381634865558,1,93629,44698,107129,64113,0,73973
"541","NOMIFENSIN",0,NA,NA,NA,NA,NA,0,0,0,0,0,0
"542","Norfenfluramine",139518.140056951,0.168346642365368,0.415379299211908,0.405284140747431,0.685268662614063,1,0,264640,0,122201,209721,157467
"543","Norfloxacin",0,NA,NA,NA,NA,NA,0,0,0,0,0,0
"544","Nylidrin",86353.6703799099,0.362432670071601,0.352505505351089,1.02816172958952,0.303873757288355,0.979866325495114,0,0,0,0,0,504447
"545","O-Methyltyramine",6202.06117378637,-0.362421133829391,0.352502620124236,-1.02813741838758,0.303885191388177,0.979866325495114,0,0,44863,0,0,0
"546","o-Toluidine",0,NA,NA,NA,NA,NA,0,0,0,0,0,0
"547","Oleic Acid-biotin",122292.679804431,-0.025143345130316,0.352505558271927,-0.0713275139648155,0.943137098015047,1,824531,0,0,33169,0,0
"548","Oleoyl Ethanolamide-d4",265639.912599603,-0.00418103017568359,0.357384564660523,-0.0116989668528497,0.990665787893693,1,1028253,527325,0,51310,37438,0
"549","Oxalic acid",0,NA,NA,NA,NA,NA,0,0,0,0,0,0
"550","OXIBENDAZOLE",0,NA,NA,NA,NA,NA,0,0,0,0,0,0
"551","Oxindole",650934.476028663,-0.00414738687938839,0.638350441729076,-0.00649703769007273,0.994816150405839,1,335609,1254332,893404,290920,503820,511210
"552","p-Chloroaniline",2007.31323384781,0.362403820705053,0.352496351914003,1.02810658532281,0.303899693276467,0.979866325495114,0,0,0,0,0,11726
"553","p-Hydroxyphenyllactic acid",1468277.17606168,-0.185270189655084,0.28015060164605,-0.661323547286756,0.508404843622792,1,1753617,1168302,1989623,1425178,1087810,1532486
"554","Palmitoleic Acid ethyl ester",8638.26844133455,0,0.35250349484,0,1,1,30121,22128,0,0,0,0
"555","Palmitoleoyl-EA",56167.1332914724,0.0372615241617387,0.535404842461781,0.0695950451071958,0.944515980811466,1,48842,79680,50379,55410,49278,44803
"556","Palmitoyl ethanolamide",22431989.9337352,-0.269884698283355,0.657976557576485,-0.410173729102777,0.681678510785672,1,80137320,44583396,941843,7253206,3718328,1085374
"557","Pantothenic acid",1115876.9902834,-0.0486349307494713,0.519518046245043,-0.0936154790021124,0.925414613150231,1,2580286,868413,1488354,577515,576156,968343
"558","Paraxanthine",5698485.46839581,0.405760869267701,0.645351792220856,0.628743693220952,0.529516868133387,1,425394,2382370,8212220,2673908,18691222,734539
"559","PE(19:1(9Z)/0:0)",640219.304297526,0.53041556335887,0.400096875784938,1.32571783350786,0.18493317808238,0.979866325495114,894595,501787,457226,580551,551271,860885
"560","Pentazocine",0,NA,NA,NA,NA,NA,0,0,0,0,0,0
"561","Perillaldehyde",0,NA,NA,NA,NA,NA,0,0,0,0,0,0
"562","Phe Asp",0,NA,NA,NA,NA,NA,0,0,0,0,0,0
"563","Phe Pro Ser",0,NA,NA,NA,NA,NA,0,0,0,0,0,0
"564","Phe Val Lys Lys",2757831.10707356,0.703922360756568,0.254655464537496,2.76421463028499,0.00570599933310833,0.204774559043722,2873582,1526521,3534582,1658040,3818396,3309600
"565","Phe-Ser-Lys",0,NA,NA,NA,NA,NA,0,0,0,0,0,0
"566","Phenazopyridine",0,NA,NA,NA,NA,NA,0,0,0,0,0,0
"567","Pheniramine",424577.029637634,0,0.618266892889818,0,1,1,1749498,895907,0,0,0,0
"568","Phenol, 4-amino-",23443.8260723448,-0.0534956077747904,0.352505006547811,-0.151758434011163,0.879377467178758,1,0,0,98840,0,53254,0
"569","Phenol, o-amino-",0,NA,NA,NA,NA,NA,0,0,0,0,0,0
"570","Phenylacetaldehyde",539125.441602412,-0.243187171373591,0.262555748653455,-0.926230610530535,0.354326147844952,1,660659,437664,661456,585230,494186,429004
"571","Phenylbutazone",73173.153717134,0.166888405958764,0.466085443827973,0.358063973395316,0.720295439072782,1,64118,76978,0,87383,100453,87436
"572","Phenylpiperazine",0,NA,NA,NA,NA,NA,0,0,0,0,0,0
"573","Phenyltoloxamine",11400.0291268744,0.362426225942814,0.352504056541534,1.02814767438034,0.303880367731468,0.979866325495114,0,0,0,0,62077,0
"574","Phenyltriethylammonium cation",0,NA,NA,NA,NA,NA,0,0,0,0,0,0
"575","Phosphocholine",127856.871855953,-0.143547812324024,0.43862788511166,-0.327265587064721,0.743467018127315,1,499668,78834,252859,0,36606,0
"576","Phthalazinone pyrazole",133712.953833246,-0.0637625967306119,0.455645136973602,-0.139939157815056,0.888708062215049,1,98209,82457,248142,107720,164672,116334
"577","Phthalic anhydride",473043.072234484,-0.0263055801578255,0.352505690482715,-0.0746245546328716,0.94051343682022,1,1048487,482392,0,746427,530517,0
"578","Pifithrin-.alpha.",0,NA,NA,NA,NA,NA,0,0,0,0,0,0
"579","Pinolenic acid",709582.16160806,0.271132948976307,0.378557919460891,0.716225800697633,0.473851934269921,1,757217,529051,726281,682393,940478,607836
"580","PP2",256821.034203107,-0.574045111509639,0.630212202048179,-0.910875907581607,0.362360761180904,1,139389,370145,547598,170961,159025,167395
"581","Pro Glu Leu Ala Lys",0,NA,NA,NA,NA,NA,0,0,0,0,0,0
"582","Pro Leu",1942134.74236641,0.410118650929096,0.629868173385462,0.65111823117647,0.514970168682771,1,5108370,745424,1812905,1046601,1069706,2576020
"583","Pro-Ala-Arg",46909.6058466724,0.362431420154815,0.352505322167323,1.02815871807683,0.303875173654345,0.979866325495114,0,0,0,0,0,274029
"584","Pro-Leu",1942134.74236641,0.410118650929096,0.629868173385462,0.65111823117647,0.514970168682771,1,5108370,745424,1812905,1046601,1069706,2576020
"585","Procarbazine",2250.48155156963,-0.362404410639777,0.352497171944635,-1.02810586717756,0.303900031051225,0.979866325495114,0,0,16279,0,0,0
"586","Procyclidine",0,NA,NA,NA,NA,NA,0,0,0,0,0,0
"587","Propamocarb",1790581.56847743,0.0320196419644631,0.424464989092105,0.0754352956952951,0.939868377297016,1,1641505,2175366,2151470,1466656,1658526,1556163
"588","Propiolic acid",3843.28832848282,0.362416065563272,0.352500779660847,1.02812840843066,0.303889429044213,0.979866325495114,0,0,0,0,20928,0
"589","Propylpyrazole Triol",0,NA,NA,NA,NA,NA,0,0,0,0,0,0
"590","Prostaglandin A2 methyl ester",7100.49863418591,-0.164058656877298,0.352503448528001,-0.465410076305299,0.641637819676353,1,0,19993,22703,0,0,0
"591","PSN375963",0,NA,NA,NA,NA,NA,0,0,0,0,0,0
"592","Pterine",0,NA,NA,NA,NA,NA,0,0,0,0,0,0
"593","Pterostilbene",0,NA,NA,NA,NA,NA,0,0,0,0,0,0
"594","Purine",0,NA,NA,NA,NA,NA,0,0,0,0,0,0
"595","Pyrantel",0,NA,NA,NA,NA,NA,0,0,0,0,0,0
"596","Pyrazinamide",21956.8371261895,-0.0944334609076154,0.352505037324074,-0.267892514740998,0.788782055556247,1,15992,0,76892,14153,0,38359
"597","Pyridine-2-azo-p-dimethylaniline",6798.47727430239,0,0.352502558968136,0,1,1,48146,0,0,0,0,0
"598","Pyridine-3,4-dicarboxylic acid",0,NA,NA,NA,NA,NA,0,0,0,0,0,0
"599","Pyridine, 4-methyl-",0,NA,NA,NA,NA,NA,0,0,0,0,0,0
"600","Pyridoxal",70487.3019878543,-0.101442891948383,0.35250550735264,-0.287776757617864,0.77351762983055,1,144004,0,177794,64790,0,82478
"601","Pyridoxamine",1852350.55085193,0.0916286071764066,0.458721509042103,0.199747788953137,0.841677836669095,1,2527579,1859844,0,2483682,1563695,2340145
"602","Pyridoxine",26219.1319717306,-3.28971008602397,0.64250281026177,-5.12014894484847,3.0529443546992e-07,3.07584143735945e-05,43415,45789,34486,35335,0,0
"603","pyro-Glu-His-Pro-NH2",0,NA,NA,NA,NA,NA,0,0,0,0,0,0
"604","Pyroquilon",0,NA,NA,NA,NA,NA,0,0,0,0,0,0
"605","Pyrrole-2-carboxylic acid",0,NA,NA,NA,NA,NA,0,0,0,0,0,0
"606","Quinine",0,NA,NA,NA,NA,NA,0,0,0,0,0,0
"607","S-methyl Isothiourea",0,NA,NA,NA,NA,NA,0,0,0,0,0,0
"608","S-Methyl-L-cysteine",3316341.77387623,-0.413628314131073,0.537785917055056,-0.769131918507877,0.441815001591634,1,3119825,2937359,2507787,6011256,2750910,2214168
"609","S-Methyl-L-thiocitrulline",0,NA,NA,NA,NA,NA,0,0,0,0,0,0
"610","S(-)-Cathinone",104822.806572612,0.0122951975914893,0.424586399731928,0.0289580580048069,0.976898041417106,1,174018,73536,123012,89212,86117,99802
"611","Salicin",0,NA,NA,NA,NA,NA,0,0,0,0,0,0
"612","Salicylic acid",0,NA,NA,NA,NA,NA,0,0,0,0,0,0
"613","SANGUINARINE",341242.051460366,0.36243451652264,0.35250566807722,1.02816649303706,0.303871516966352,0.979866325495114,0,0,0,0,0,1993413
"614","Sarcosine",87498894.7661825,0.219621553603969,0.17881282878716,1.22822034131222,0.21936426471008,0.979866325495114,77951280,54469172,95688856,97065264,95774872,103510336
"615","Ser Gly Ser",13104480.5426886,0.541238846656885,0.651189650842337,0.83115394410334,0.40588666887868,1,1473651,8190884,22794828,909112,12705616,32876408
"616","Ser-Ile-Lys",0,NA,NA,NA,NA,NA,0,0,0,0,0,0
"617","Ser-Leu-Lys",0,NA,NA,NA,NA,NA,0,0,0,0,0,0
"618","Serotonin",215747.486331892,-1.02341675168717,0.520386013010841,-1.96664922980136,0.0492236637615011,0.605639729708857,149950,127737,567946,232355,101947,180752
"619","SM(d18:1/16:0)",0,NA,NA,NA,NA,NA,0,0,0,0,0,0
"620","Spiroxamine",56167.1332914724,0.0372615241617387,0.535404842461781,0.0695950451071958,0.944515980811466,1,48842,79680,50379,55410,49278,44803
"621","Splitomicin",0,NA,NA,NA,NA,NA,0,0,0,0,0,0
"622","Stearamide",413723.712322904,0.0574018738733037,0.623500877872008,0.092063822057821,0.926647332156454,1,832106,245455,199106,507228,456854,271528
"623","Stearidonic acid ethyl ester",0,NA,NA,NA,NA,NA,0,0,0,0,0,0
"624","Stearoylethanolamide",861169.112655753,-0.0106820364066739,0.484630288951992,-0.0220416194575327,0.982414756066539,1,4272790,1179602,0,82779,33617,19053
"625","Suberoylanilide hydroxamic acid",0,NA,NA,NA,NA,NA,0,0,0,0,0,0
"626","Succinic acid-2,2,3,3-d4",0,NA,NA,NA,NA,NA,0,0,0,0,0,0
"627","Sulfamoxole",0,NA,NA,NA,NA,NA,0,0,0,0,0,0
"628","Sulfolane",0,NA,NA,NA,NA,NA,0,0,0,0,0,0
"629","Sulforaphane",2453561.80028901,-0.235481960121771,0.571242122274463,-0.412227934425027,0.680172364126481,1,2885458,2241354,1536045,4009324,2248912,1564080
"630","Syringic acid",0,NA,NA,NA,NA,NA,0,0,0,0,0,0
"631","Taurine",22199427.366162,0.0505860961592258,0.584997816146964,0.0864722820546691,0.931090989236954,1,9974990,17545090,46844020,11851088,25111772,24133012
"632","TEBUTHIURON",0,NA,NA,NA,NA,NA,0,0,0,0,0,0
"633","TEGASEROD",5878001.86365888,-0.0959555123252247,0.447721060296146,-0.214319854111296,0.830297636388623,1,9920704,6465074,4629068,7950640,6263975,0
"634","Tetraethylene glycol",12176362.4684391,0.151291525119669,0.35616285818171,0.424781870552268,0.670995694930418,1,0,0,5887000,13172476,49190832,0
"635","Tetramethylammonium cation",0,NA,NA,NA,NA,NA,0,0,0,0,0,0
"636","Tetramethylphosphonium cation",0,NA,NA,NA,NA,NA,0,0,0,0,0,0
"637","Tetramethylpyrazine",0,NA,NA,NA,NA,NA,0,0,0,0,0,0
"638","Tetramethylthiourea",3878.20750090797,0,0.352500176449225,0,1,1,27465,0,0,0,0,0
"639","Theobromine",5698485.46839581,0.405760869267701,0.645351792220856,0.628743693220952,0.529516868133387,1,425394,2382370,8212220,2673908,18691222,734539
"640","Theophylline",5698485.46839581,0.405760869267701,0.645351792220856,0.628743693220952,0.529516868133387,1,425394,2382370,8212220,2673908,18691222,734539
"641","Thiocarbonohydrazide",0,NA,NA,NA,NA,NA,0,0,0,0,0,0
"642","Thr Asn Leu Arg",3854.78784216398,-0.0063764286533601,0.352501837724558,-0.0180890649947266,0.985567801395868,1,0,0,14243,0,0,11016
"643","Thr-Ala-Arg",21803.6998668401,-0.0102210667483175,0.352504995479446,-0.0289955231256104,0.976868161122844,1,67887,16384,0,26482,23354,0
"644","THYMOQUINONE",8240.53876818825,0,0.352503133261086,0,1,1,0,41584,0,0,0,0
"645","Tolmetin",0,NA,NA,NA,NA,NA,0,0,0,0,0,0
"646","Tramadol",0,NA,NA,NA,NA,NA,0,0,0,0,0,0
"647","trans-2-Hydroxycinnamic acid",1358750.19964721,-0.163461629049209,0.406064681654912,-0.402550717740394,0.687278770538788,1,1187161,1364365,2060679,1151641,1161895,1278613
"648","trans-2-Phenylcyclopropylamine",1241995.09018994,-0.128967405488914,0.308689759659146,-0.417789711039717,0.676100874185946,1,1069025,1140890,1632294,1287747,1147834,1173180
"649","trans-4-(Aminomethyl)cyclohexanecarboxylic acid",570986.473252606,-1.31757095664086,0.509114004798228,-2.58796840044312,0.00965438367699929,0.204774559043722,496792,680995,888762,874220,309756,184420
"650","Trans-4-Hydroxy-L-proline",21132305.482365,-0.367608503788118,0.382873836549134,-0.960129600657482,0.336989992447208,1,19564566,30036696,25914534,19572928,13706210,16691076
"651","trans-4,5-Epoxy-2(E)-decenal",0,NA,NA,NA,NA,NA,0,0,0,0,0,0
"652","trans-Cinnamic acid",119274.84291823,0.208241856706153,0.418038835839486,0.498139978521305,0.618385384041137,1,94786,90174,133838,117867,86625,191438
"653","Tri(propylene glycol) methyl ether",0,NA,NA,NA,NA,NA,0,0,0,0,0,0
"654","Triamifos",0,NA,NA,NA,NA,NA,0,0,0,0,0,0
"655","Triethanolamine",1927814.39097316,-0.0546360627160029,0.480555459350482,-0.113693563672856,0.909480714882571,1,2857818,1796719,1627108,2071642,2048458,1173159
"656","Triethylene glycol",3804550.20894183,0.179217487265158,0.352505719020324,0.508410155055739,0.611165732546083,1,0,0,0,4575911,16311564,0
"657","Trigonelline",15990817.9857568,0.303416155220756,0.64432055426575,0.470908700974969,0.63770593427,1,447202,9127470,23960028,9997873,44832852,4706340
"658","Trimethylamine N-oxide",8250536.06576923,-0.490006186621193,0.476014984425763,-1.02939235665514,0.303295339354281,0.979866325495114,5166093,9116202,3747404,18117568,3436913,7956602
"659","Trinexapac-ethyl",0,NA,NA,NA,NA,NA,0,0,0,0,0,0
"660","Triphenylphosphine",0,NA,NA,NA,NA,NA,0,0,0,0,0,0
"661","Tripropylene glycol",0,NA,NA,NA,NA,NA,0,0,0,0,0,0
"662","Tris(2-butoxyethyl) phosphate",12191.5395013671,-0.0568906396187199,0.352504491536855,-0.161389829022283,0.87178637692972,1,0,18715,37735,0,0,19080
"663","Tris(hydroxymethyl)aminomethane",0,NA,NA,NA,NA,NA,0,0,0,0,0,0
"664","Trp His Tyr",358230.433289384,0.362434584491369,0.352505670691668,1.02816667822739,0.303871429868738,0.979866325495114,0,0,0,0,0,2092653
"665","Trp-Glu",2811.97684495458,0,0.35249813364723,0,1,1,0,14190,0,0,0,0
"666","Tumonoic Acid I",1611121.13970072,0.729986447430388,0.501202747318343,1.45646936561329,0.145262912234468,0.979866325495114,2710467,1000625,993027,1271259,1541503,2248841
"667","Tyr-Ser-Lys",0,NA,NA,NA,NA,NA,0,0,0,0,0,0
"668","Tyr-Val-Lys",4443559.52743967,-0.196339376044016,0.278793701505681,-0.704246096607083,0.481279528572838,1,7861778,3102412,5823863,3551084,4454674,2731589
"669","U-73122",0,NA,NA,NA,NA,NA,0,0,0,0,0,0
"670","UNDEC-2-ENE-8,10-DIYNOIC ACID ISOBUTYLAMIDE",252532.321651699,0.163668418070577,0.465138478987563,0.351870304144313,0.724935530626245,1,284497,225004,172469,321893,234280,256990
"671","Urea",57201143.8819649,-0.0764835946924278,0.206694328212965,-0.370032382376858,0.711358362543305,1,72045576,46268864,68269072,56025112,58173772,45754524
"672","Urea, N,N'-dimethyl-",621346.73587722,0,0.352505688584444,0,1,1,4400303,0,0,0,0,0
"673","Val-Ala-Arg",27059.698517314,0.362429953232373,0.352505027983345,1.02815541470659,0.303876727290988,0.979866325495114,0,0,0,0,0,158073
"674","Val-Gly-Arg",0,NA,NA,NA,NA,NA,0,0,0,0,0,0
"675","Val-Ser-Lys",0,NA,NA,NA,NA,NA,0,0,0,0,0,0
"676","Vanillic acid diethyl amide",59685.8551204676,-0.132677636979854,0.352505458717193,-0.376384630929354,0.706630970154394,1,101030,34844,227555,0,0,41223
"677","Venlafaxine",67945.1358828013,-0.0552636327725798,0.467176397180847,-0.118292861339026,0.905835613512789,1,119773,91333,70448,51655,76570,0
"678","YC-1",23066.8967586745,-0.173994642138111,0.35250504727971,-0.493594754120066,0.621592406344731,1,50620,0,53763,36127,0,12263
