,Metabolite,Formula,Ion Type,mz,ppm,RT,RT_range,Detection,Skeleton_Metabolite,Before dialysis 1_1,Before dialysis 1_2,Before dialysis 2_1,Before dialysis 2_2,After dialysis 1_1,After dialysis 1_2,After dialysis 2_1,After dialysis 2_2,Control_vs_Treatment_ttest_pval,Control_vs_Treatment_Log2FoldChange,Control_vs_Treatment_impact_score,Treatment_vs_Control_ttest_pval,Treatment_vs_Control_Log2FoldChange,Treatment_vs_Control_impact_score
0,1         1-Methylnicotinamide,C7H8N2O,[M+H]+,137.0709,0.4,20.66,0.48,0,1-Methylnicotinamide,-,-,-,-,-,-,-,-,NA,0.0,0.0,NA,0.0,0.0
1,"2         2,3-Diphosphoglyceric acid",C3H8O10P2,[M-H]-,264.952,0.0,0.0,0.0,0,"2,3-Diphosphoglyceric acid",-,-,-,-,-,-,-,-,NA,0.0,0.0,NA,0.0,0.0
2,3         3-Hydroxybutyric acid,C4H8O3,[M-H]-,103.0401,-13.3,6.73,0.46,4,3-Hydroxybutyric acid,6016996,4720918,6784330,4962580,-,-,-,-,0.0011632847757622395,0.9808277110540436,7184.0,0.0011632847757622395,-0.9808277110540434,7184.0
3,4         3-Phosphoglyceric acid,C3H7O7P,[M-H]-,184.9857,-1.4,13.09,0.05,0,3-Phosphoglyceric acid,-,-,-,-,-,-,-,-,NA,0.0,0.0,NA,0.0,0.0
4,"5         4,5-Dihydroorotic acid",C5H6N2O4,[M-H]-,157.0255,-8.8,7.69,0.26,0,"4,5-Dihydroorotic acid",-,-,-,-,-,-,-,-,NA,0.0,0.0,NA,0.0,0.0
5,6         4-Hydroxyproline,C5H9NO3,[M+H]+,132.0655,13.5,10.67,0.34,8,4-Hydroxyproline,93320288,93209128,102071768,94032904,15000817,21303470,24084724,24103990,2.9878062001128174e-07,2.1790616603939434,885025052.0,2.9878062001128174e-07,-2.1790616603939434,885025052.0
6,7         5'-Methylthioadenosine,C11H15N5O3S,[M+H]+,298.0968,-0.5,4.43,0.24,0,5'-Methylthioadenosine,-,-,-,-,-,-,-,-,NA,0.0,0.0,NA,0.0,0.0
7,8         5-Phosphoribosylamine,C5H12NO7P,[M-H]-,228.0279,-11.7,13.15,0.0,0,5-Phosphoribosylamine,-,-,-,-,-,-,-,-,NA,0.0,0.0,NA,0.0,0.0
8,9         6-Phosphogluconic acid,C6H13O10P,[M-H]-,275.0174,-2.8,16.8,0.0,0,6-Phosphogluconic acid,-,-,-,-,-,-,-,-,NA,0.0,0.0,NA,0.0,0.0
9,10         Acetoacetic acid,C4H6O3,[M-H]-,101.0244,-12.1,9.87,0.42,8,Acetoacetic acid,3308037,2383258,3464363,2664617,166059,201942,242552,280692,4.231949681110974e-05,3.7292977122666655,497963.0,4.231949681110974e-05,-3.7292977122666655,497963.0
10,11         Acetyl-CoA,C23H38N7O17P3S,[M+H]+,810.1331,-7.4,10.78,0.38,3,Acetyl-CoA,43294,60664,-,-,29870,-,-,-,0.2594233417488657,0.8432132655868214,0.0,0.2594233417488657,-0.8432132655868215,0.0
11,12         Acetylcysteine,C5H9NO3S,[M+H]+,164.0376,-2.4,7.1,0.37,8,Acetylcysteine,143499,129886,156748,157683,25582,22755,21711,26334,1.606443381646919e-06,2.6085289852965294,324692.0,1.606443381646919e-06,-2.6085289852965294,324692.0
12,13         Adenine,C5H5N5,[M+H]+,136.0618,-1.3,6.95,0.24,0,Adenine,-,-,-,-,-,-,-,-,NA,0.0,0.0,NA,0.0,0.0
13,14         Adenosine,C10H13N5O4,[M+H]+,268.10400000000004,-7.9,5.67,0.4,0,Adenosine,-,-,-,-,-,-,-,-,NA,0.0,0.0,NA,0.0,0.0
14,15         Adenosine diphosphate ribose,C15H23N5O14P2,[M-H]-,558.0644,-4.0,12.49,0.0,0,Adenosine diphosphate ribose,-,-,-,-,-,-,-,-,NA,0.0,0.0,NA,0.0,0.0
15,16         Adenosine monophosphate,C10H14N5O7P,[M+H]+,348.0704,-14.0,9.79,0.02,1,Adenosine monophosphate,-,13994,-,-,-,-,-,-,0.35591768374958205,0.03936124697415375,0.0,0.35591768374958205,-0.039361246974153885,0.0
16,17         Adenosine triphosphate,C10H16N5O13P3,[M-H]-,505.9885,14.9,13.31,0.18,0,Adenosine triphosphate,-,-,-,-,-,-,-,-,NA,0.0,0.0,NA,0.0,0.0
17,18         Adenylsuccinic acid,C14H18N5O11P,[M-H]-,462.0668,0.0,0.0,0.0,0,Adenylsuccinic acid,-,-,-,-,-,-,-,-,NA,0.0,0.0,NA,0.0,0.0
18,19         ADP,C10H15N5O10P2,[M-H]-,426.0221,0.4,11.61,0.0,0,ADP,-,-,-,-,-,-,-,-,NA,0.0,0.0,NA,0.0,0.0
19,20         Allantoin,C4H6N4O3,[M-H]-,157.0367,-6.5,10.16,0.32,8,Allantoin,20718788,19007210,21768410,18954804,2111225,2193000,2143986,2508905,2.2504363179647884e-07,3.1669720946415167,446031098.0,2.2504363179647884e-07,-3.1669720946415176,446031098.0
20,21         Aminoadipic acid,C6H11NO4,[M-H]-,160.0615,-5.2,6.86,0.35,8,Aminoadipic acid,770769,515303,770419,584887,64951,58482,59563,64573,9.453762674289195e-05,3.4153881960721395,40755.0,9.453762674289195e-05,-3.4153881960721395,40755.0
21,22         Argininosuccinic acid,C10H18N4O6,[M-H]-,289.1154,-5.4,13.41,0.38,2,Argininosuccinic acid,15819,-,19283,-,-,-,-,-,0.17920594097385595,0.22880028137689926,0.0,0.17920594097385595,-0.22880028137689934,0.0
22,23         Beta-Alanine,C3H7NO2,[M+H]+,90.055,4.9,10.31,0.41,4,Beta-Alanine,4142242,3573894,4197017,3668139,-,-,-,-,8.253852867373521e-06,1.2348786194755457,791353.0,8.253852867373521e-06,-1.234878619475546,791353.0
23,24         Betaine,C5H11NO2,[M+H]+,118.0863,-0.5,7.94,0.28,8,Betaine,1404434688,1236533888,1373805184,1314194944,68609264,77745288,81500072,89973536,4.6080929935818565e-08,4.067537500282537,256827627058.0,4.6080929935818565e-08,-4.067537500282538,256827627058.0
24,25         Butyrylcarnitine,C11H21NO4,[M+H]+,232.1543,-2.3,5.82,0.45,8,Butyrylcarnitine,30241606,21131496,29507216,23297760,3320258,3141187,3232492,3464232,5.584502457742017e-05,2.98502107324204,2079403.0,5.584502457742017e-05,-2.98502107324204,2079403.0
25,26         Carbamoyl phosphate,CH4NO5P,[M-H]-,139.9754,-8.1,27.6,0.25,8,Carbamoyl phosphate,3234544,2690228,3129102,3510592,1185999,1818357,1516091,1814968,0.0004757296971046301,0.9878383258085294,9849.0,0.0004757296971046301,-0.9878383258085294,9849.0
26,27         Carnosine,C9H14N4O3,[M+H]+,227.1139,-2.1,11.85,0.25,8,Carnosine,63101740,43224584,59495944,53488320,4183525,6187292,7305232,7872542,3.435369440290569e-05,3.1016598308274355,7647960.0,3.435369440290569e-05,-3.1016598308274355,7647960.0
27,28         CDP,C9H15N3O11P2,[M+H]+,404.0255,-12.0,13.08,0.09,0,CDP,-,-,-,-,-,-,-,-,NA,0.0,0.0,NA,0.0,0.0
28,29         Choline,C5H14NO,[Cat]+,104.107,2.0,14.99,0.24,6,Choline,11710446,5205050,9257233,7650890,-,1128327,-,1756109,0.001926919498988314,2.7972634245496,17446.0,0.001926919498988314,-2.7972634245496,17446.0
29,30         cis-Aconitic acid,C6H6O6,[M-H]-,173.0092,-5.6,14.82,0.3,8,cis-Aconitic acid,8266403,5843390,7319314,6023386,2214933,2909636,2984496,3077220,0.0005257948681538318,1.295206176020686,22543.0,0.0005257948681538318,-1.295206176020686,22543.0
30,31         Citric acid,C6H8O7,[M-H]-,191.0197,-4.3,15.02,0.34,4,Citric acid,44853892,25693374,32286028,32420610,-,-,-,-,0.07462206516774053,0.4246047799997684,531.0,0.07462206516774053,-0.4246047799997683,531.0
31,32         Citrulline,C6H13N3O3,[M+H]+,176.10299999999995,-1.0,12.04,0.3,8,Citrulline,120519392,98183840,124790936,104895568,11428374,16482531,19665100,22147946,7.977356835766464e-06,2.6850270249596413,52209524.0,7.977356835766464e-06,-2.6850270249596413,52209524.0
32,33         Creatine,C4H9N3O2,[M+H]+,132.0768,-1.9,10.85,0.3,8,Creatine,1286333824,1140518912,1351840256,1189758336,122325576,212094544,238311568,242781488,1.4482911700720352e-06,2.60701614072592,3041373844.0,1.4482911700720352e-06,-2.60701614072592,3041373844.0
33,34         Creatinine,C4H7N3O,[M+H]+,114.0662,0.1,6.63,0.23,8,Creatinine,858776192,814126656,862679296,772459712,48178416,50510224,55852576,57232060,2.9504838351954686e-08,3.9653850387684666,232935922228.0,2.9504838351954686e-08,-3.9653850387684666,232935922228.0
34,35         Cyclic AMP,C10H12N5O6P,[M-H]-,328.0452,1.7,6.73,0.1,0,Cyclic AMP,-,-,-,-,-,-,-,-,NA,0.0,0.0,NA,0.0,0.0
35,36         Cytidine,C9H13N3O5,[M+H]+,244.0928,-2.9,8.39,0.31,8,Cytidine,12580692,10000084,13294613,10600248,1174130,1263474,1331220,1528004,1.2436143034446604e-05,3.1332740720776675,4565966.0,1.2436143034446604e-05,-3.1332740720776675,4565966.0
36,37         Cytidine monophosphate,C9H14N3O8P,[M+H]+,324.0591,-7.5,12.03,0.0,0,Cytidine monophosphate,-,-,-,-,-,-,-,-,NA,0.0,0.0,NA,0.0,0.0
37,38         Cytidine triphosphate,C9H16N3O14P3,[M-H]-,481.9772,14.4,15.63,0.35,0,Cytidine triphosphate,-,-,-,-,-,-,-,-,NA,0.0,0.0,NA,0.0,0.0
38,39         Cytosine,C4H5N3O,[M+H]+,112.0505,1.4,10.09,0.49,0,Cytosine,-,-,-,-,-,-,-,-,NA,0.0,0.0,NA,0.0,0.0
39,40         D-2-Hydroxyglutaric acid,C5H8O5,[M-H]-,147.0299,-8.2,12.15,0.26,8,D-2-Hydroxyglutaric acid,17652420,12300885,16597237,13254280,1980606,2013579,2352952,2464527,6.299657760563417e-05,2.7627754227032373,924059.0,6.299657760563417e-05,-2.7627754227032373,924059.0
40,41         D-Glucose,C6H12O6,[M-H]-,179.0561,-5.1,9.84,0.37,8,D-Glucose,24436516,18395368,25898896,19111416,1928242,2228942,2521775,2656109,4.643514975974194e-05,3.234181684555232,2461578.0,4.643514975974194e-05,-3.234181684555232,2461578.0
41,42         D-Glyceraldehyde 3-phosphate,C3H7O6P,[M-H]-,168.9908,-5.0,13.15,0.16,1,D-Glyceraldehyde 3-phosphate,-,-,-,-,-,-,-,12758,0.35591768374958205,-0.02454786245952065,0.0,0.35591768374958205,0.024547862459520717,0.0
42,43         Dihydrofolic acid,C19H21N7O6,[M+H]+,444.1626,11.2,13.47,0.0,0,Dihydrofolic acid,-,-,-,-,-,-,-,-,NA,0.0,0.0,NA,0.0,0.0
43,44         Dihydroxyacetone phosphate,C3H7O6P,[M-H]-,168.9908,-7.4,12.9,0.12,0,Dihydroxyacetone phosphate,-,-,-,-,-,-,-,-,NA,0.0,0.0,NA,0.0,0.0
44,45         D-Ribose 5-phosphate,C5H11O8P,[M-H]-,229.0119,-4.3,12.58,0.17,0,D-Ribose 5-phosphate,-,-,-,-,-,-,-,-,NA,0.0,0.0,NA,0.0,0.0
45,46         D-Sedoheptulose 7-phosphate,C7H15O10P,[M-H]-,289.033,-3.5,13.15,0.33,0,D-Sedoheptulose 7-phosphate,-,-,-,-,-,-,-,-,NA,0.0,0.0,NA,0.0,0.0
46,47         dTDP,C10H16N2O11P2,[M-H]-,401.0157,-12.9,12.18,0.0,0,dTDP,-,-,-,-,-,-,-,-,NA,0.0,0.0,NA,0.0,0.0
47,48         FAD,C27H33N9O15P2,[M+H]+,786.1644,-6.0,8.0,0.03,0,FAD,-,-,-,-,-,-,-,-,NA,0.0,0.0,NA,0.0,0.0
48,49         Folic acid,C19H19N7O6,[M+H]+,442.147,0.0,0.0,0.0,0,Folic acid,-,-,-,-,-,-,-,-,NA,0.0,0.0,NA,0.0,0.0
49,"50         Fructose 1,6-bisphosphate",C6H14O12P2,[M-H]-,338.9888,4.8,15.96,0.0,0,"Fructose 1,6-bisphosphate",-,-,-,-,-,-,-,-,NA,0.0,0.0,NA,0.0,0.0
50,51         Fructose 6-phosphate,C6H13O9P,[M-H]-,259.0224,-5.6,12.88,0.17,6,Fructose 6-phosphate,26920,14637,23729,17023,-,-,22757,18854,0.4370006583165551,0.21832004145653114,0.0,0.4370006583165551,-0.21832004145653094,0.0
51,52         Fumaric acid,C4H4O4,[M-H]-,115.0037,-11.2,12.93,0.28,8,Fumaric acid,7397215,5528028,7005761,6111049,238358,397689,623804,481916,8.013980924795946e-06,3.902219636981537,6479460.0,8.013980924795946e-06,-3.902219636981537,6479460.0
52,53         Glucose 6-phosphate,C6H13O9P,[M-H]-,259.0224,-3.3,13.65,0.14,8,Glucose 6-phosphate,43586,20892,33791,30928,20107,19241,20272,22061,0.04504887906357922,0.661500136541978,1.0,0.04504887906357922,-0.6615001365419781,1.0
53,54         Glutathione,C10H17N3O6S,[M+H]+,308.0911,-1.9,11.26,0.42,0,Glutathione,-,-,-,-,-,-,-,-,NA,0.0,0.0,NA,0.0,0.0
54,55         Glycerol 3-phosphate,C3H9O6P,[M-H]-,171.0064,-4.7,11.9,0.38,6,Glycerol 3-phosphate,180543,110626,145451,143252,-,-,59840,61038,0.0009395828970124408,1.3071127761466443,268.0,0.0009395828970124408,-1.307112776146644,268.0
55,56         Glycine,C2H5NO2,[M+H]+,76.0393,7.8,11.8,0.31,7,Glycine,22979668,21048244,23519990,21917264,-,2183883,2457128,2497179,6.560416043111742e-08,3.4404690630247394,2021082859.0,6.560416043111742e-08,-3.4404690630247394,2021082859.0
56,57         Guanidoacetic acid,C3H7N3O2,[M+H]+,118.0611,0.8,11.87,0.31,7,Guanidoacetic acid,20912458,18455360,21516784,19714150,-,1788097,1900482,2005029,2.791773219716413e-07,3.666276654949379,494247899.0,2.791773219716413e-07,-3.666276654949379,494247899.0
57,58         Guanine,C5H5N5O,[M+H]+,152.0567,-15.0,8.35,0.45,6,Guanine,110568,40504,64064,45658,-,78170,64728,-,0.553334613334276,0.29751321735948144,0.0,0.553334613334276,-0.2975132173594815,0.0
58,59         Guanosine,C10H13N5O5,[M+H]+,284.0989,-8.6,9.56,0.25,0,Guanosine,-,-,-,-,-,-,-,-,NA,0.0,0.0,NA,0.0,0.0
59,60         Guanosine diphosphate,C10H15N5O11P2,[M-H]-,442.0171,-8.1,14.8,0.01,0,Guanosine diphosphate,-,-,-,-,-,-,-,-,NA,0.0,0.0,NA,0.0,0.0
60,61         Guanosine monophosphate,C10H14N5O8P,[M+H]+,364.0653,-9.6,12.75,0.25,0,Guanosine monophosphate,-,-,-,-,-,-,-,-,NA,0.0,0.0,NA,0.0,0.0
61,62         Guanosine triphosphate,C10H16N5O14P3,[M-H]-,521.9834,-9.8,16.37,0.0,0,Guanosine triphosphate,-,-,-,-,-,-,-,-,NA,0.0,0.0,NA,0.0,0.0
62,63         Homocysteine,C4H9NO2S,[M-H]-,134.0281,-5.4,8.47,0.09,4,Homocysteine,131447,94934,124048,99257,-,-,-,-,2.7940361142543764e-05,3.490846064406909,24629.0,2.7940361142543764e-05,-3.490846064406909,24629.0
63,64         Hypotaurine,C2H7NO2S,[M+H]+,110.027,1.6,11.23,0.26,8,Hypotaurine,1677505,1543790,1937472,1895973,47490,121340,120376,142670,2.31143403739098e-06,4.029903862627986,6613571.0,2.31143403739098e-06,-4.029903862627986,6613571.0
64,65         Hypoxanthine,C5H4N4O,[M+H]+,137.0458,-2.1,7.0,0.33,8,Hypoxanthine,292521088,260497904,294261792,274557696,11670470,14285507,14762492,17059372,5.2344862963810024e-08,4.279204869065485,54694762616.0,5.2344862963810024e-08,-4.279204869065485,54694762616.0
65,66         Inosine,C10H12N4O5,[M+H]+,269.088,3.2,7.68,0.31,6,Inosine,238052,193936,234481,203028,-,14886,-,14597,1.6956060291493184e-06,3.974125446197462,1071458.0,1.6956060291493184e-06,-3.9741254461974616,1071458.0
66,67         Inosinic acid,C10H13N4O8P,[M+H]+,349.0544,0.0,0.0,0.0,0,Inosinic acid,-,-,-,-,-,-,-,-,NA,0.0,0.0,NA,0.0,0.0
67,68         L-Acetylcarnitine,C9H17NO4,[M+H]+,204.123,-1.6,7.66,0.33,8,L-Acetylcarnitine,115497200,86557000,118936520,96674080,9607087,10107523,10718598,11543983,1.8710068736804973e-05,3.3146680272869284,30554053.0,1.8710068736804973e-05,-3.3146680272869284,30554053.0
68,69         L-Alanine,C3H7NO2,[M+H]+,90.055,3.8,11.05,0.24,8,L-Alanine,166562416,147670960,166316160,152463216,11527785,24690198,27270406,28413506,6.064954671113649e-07,2.7840680479051367,1029099390.0,6.064954671113649e-07,-2.7840680479051363,1029099390.0
69,70         L-Arginine,C6H14N4O2,[M+H]+,175.11900000000003,-1.4,20.27,0.25,2,L-Arginine,19104958,-,-,18164972,-,-,-,-,0.2446930827881697,0.029575176827406006,75.0,0.2446930827881697,-0.02957517682740593,75.0
70,71         L-Asparagine,C4H8N2O3,[M+H]+,133.0608,-1.3,11.52,0.25,8,L-Asparagine,4338355,3142275,4013066,3765274,90567,245121,309706,307966,8.81474462767574e-06,4.000492675760975,3679714.0,8.81474462767574e-06,-4.000492675760975,3679714.0
71,72         L-Aspartic acid,C4H7NO4,[M-H]-,132.0302,-8.6,11.69,0.35,8,L-Aspartic acid,13209552,10550244,13222512,11236272,547837,999722,1164335,1247020,4.153205479744433e-06,3.606412532339131,19127057.0,4.153205479744433e-06,-3.6064125323391303,19127057.0
72,73         L-Carnitine,C7H16NO3,[Cat]+,162.1125,-1.7,9.69,0.26,8,L-Carnitine,335746976,265286032,336823456,290538272,20960710,27360636,29599402,32378852,4.211735767097326e-06,3.477274770968081,442480699.0,4.211735767097326e-06,-3.477274770968081,442480699.0
73,74         L-Cystathionine,C7H14N2O4S,[M+H]+,223.0747,-1.8,13.26,0.35,8,L-Cystathionine,1848213,631105,1176666,909924,99316,205480,232983,289602,0.012138499287842408,2.464278057535359,306.0,0.012138499287842408,-2.464278057535359,306.0
74,75         L-Cysteine,C3H7NO2S,[M+H]+,122.027,2.2,13.26,0.46,3,L-Cysteine,-,-,-,-,43953,27398,-,49990,0.1331471357200136,-0.4627933759010514,0.0,0.1331471357200136,0.4627933759010514,0.0
75,76         L-Cystine,C6H12N2O4S2,[M-H]-,239.0166,-4.5,12.67,0.27,0,L-Cystine,-,-,-,-,-,-,-,-,NA,0.0,0.0,NA,0.0,0.0
76,77         L-Glutamic acid,C5H9NO4,[M+H]+,148.0604,-2.3,11.5,0.27,8,L-Glutamic acid,240878544,193681200,230641072,205825984,34168508,42556112,50268896,51969196,5.7925988160820396e-06,2.283058084489449,110278408.0,5.7925988160820396e-06,-2.283058084489449,110278408.0
77,78         L-Glutamine,C5H10N2O3,[M+H]+,147.0764,-2.2,11.27,0.38,8,L-Glutamine,562710400,467413856,573554624,512134976,59641256,95418616,107622800,108998720,3.631963295348498e-06,2.5090743408596365,487346061.0,3.631963295348498e-06,-2.5090743408596365,487346061.0
78,79         L-Histidine,C6H9N3O2,[M+H]+,156.0768,-2.3,10.8,0.3,8,L-Histidine,117455392,99392072,117450080,106632160,16634672,27641110,31668638,31203492,6.001515221157645e-06,2.0409449335261027,46976084.0,6.001515221157645e-06,-2.0409449335261027,46976084.0
79,80         L-Isoleucine,C6H13NO2,[M+H]+,132.1019,-0.8,7.44,0.13,8,L-Isoleucine,201582288,159261392,210699152,161911056,29590378,30339730,31459448,35242372,2.784054056472582e-05,2.53406506633846,22366794.0,2.784054056472582e-05,-2.53406506633846,22366794.0
80,81         L-Kynurenine,C10H12N2O3,[M+H]+,209.0921,-1.8,7.44,0.41,8,L-Kynurenine,2277219,1650304,2492018,1802515,4697968,3990146,4193753,4719182,0.00012634168268165383,-1.0980903110338476,54693.0,0.00012634168268165383,1.0980903110338476,54693.0
81,82         L-Lactic acid,C3H6O3,[M-H]-,89.0244,-14.8,7.17,0.46,8,L-Lactic acid,1133503232,943142464,1176138880,1009230272,34281528,36092692,37349224,40048740,1.3571737402465202e-06,4.8500889857411735,11714248896.0,1.3571737402465202e-06,-4.8500889857411735,11714248896.0
82,83         L-Leucine,C6H13NO2,[M+H]+,132.1019,-0.8,7.48,0.28,8,L-Leucine,205144528,159839664,206915968,172001136,28347634,31520728,32434184,33588448,1.2858994304303497e-05,2.562936131978914,49961931.0,1.2858994304303497e-05,-2.562936131978914,49961931.0
83,84         L-Lysine,C6H14N2O2,[M+H]+,147.1128,-2.1,19.17,0.16,7,L-Lysine,25753836,14632469,21553092,22536300,-,12078088,11720812,12746246,0.008072724515090805,0.825553115866157,3626.0,0.008072724515090805,-0.825553115866157,3626.0
84,85         L-Malic acid,C4H6O5,[M-H]-,133.0142,-9.4,12.93,0.26,8,L-Malic acid,114020128,87612336,103835120,100563848,11160340,15399683,19893884,18255718,6.025030681289579e-06,2.649539192923005,61280683.0,6.025030681289579e-06,-2.649539192923005,61280683.0
85,86         L-Methionine,C5H11NO2S,[M+H]+,150.0583,-2.2,8.1,0.27,8,L-Methionine,60329688,48089616,60337672,54056068,4897543,5451610,5413209,6297262,2.648109404493253e-06,3.3363535879874515,116750005.0,2.648109404493253e-06,-3.3363535879874515,116750005.0
86,87         L-Phenylalanine,C9H11NO2,[M+H]+,166.0863,-1.5,6.95,0.46,8,L-Phenylalanine,211600800,176315120,221629232,192711312,23188768,22925712,24234962,26160704,2.243684305810085e-06,3.055310984415939,416231980.0,2.243684305810085e-06,-3.055310984415939,416231980.0
87,88         L-Proline,C5H9NO2,[M+H]+,116.0706,0.8,9.23,0.26,8,L-Proline,611968576,523619776,614130432,532398784,53174788,70695608,74355704,81672480,1.0940918548956377e-06,3.0273970440898244,2386576775.0,1.0940918548956377e-06,-3.0273970440898244,2386576775.0
88,89         L-Serine,C3H7NO3,[M+H]+,106.0499,2.2,11.87,0.32,7,L-Serine,35917232,30778270,37788760,33573504,-,3524055,4374758,4400282,1.4667557108772527e-06,3.3130087064967215,128696142.0,1.4667557108772527e-06,-3.3130087064967215,128696142.0
89,90         L-Threonine,C4H9NO3,[M-H]-,118.051,-9.9,10.79,0.33,8,L-Threonine,4062626,3308030,3867300,3775303,96331,205893,183840,194681,5.584524761860064e-07,4.462978892582388,77472589.0,5.584524761860064e-07,-4.462978892582388,77472589.0
90,91         L-Tryptophan,C11H12N2O2,[M+H]+,205.0972,-2.2,8.14,0.46,8,L-Tryptophan,35115000,26154722,35314664,29775320,23699374,20880444,22296776,23480826,0.008055385897147698,0.4838215027279921,4703.0,0.008055385897147698,-0.4838215027279922,4703.0
91,92         L-Tyrosine,C9H11NO3,[M+H]+,182.0812,-1.5,9.46,0.25,8,L-Tyrosine,50511276,39092684,52164680,42700180,6233210,6944206,7141409,8059538,1.6692364071957944e-05,2.7005137087831503,10360858.0,1.6692364071957944e-05,-2.700513708783151,10360858.0
92,93         L-Valine,C5H11NO2,[M+H]+,118.0863,0.4,8.92,0.38,8,L-Valine,306109088,253423712,309408736,274086624,26518938,30387246,32501128,35426936,1.4577466889083497e-06,3.1947752528657585,995458720.0,1.4577466889083497e-06,-3.1947752528657585,995458720.0
93,94         N6-Acetyl-L-lysine,C8H16N2O3,[M+H]+,189.1234,-8.8,3.19,0.24,3,N6-Acetyl-L-lysine,-,-,1177675,780570,954592,-,-,-,0.5357819940599816,0.4655041050060909,1.0,0.5357819940599816,-0.4655041050060907,1.0
94,95         N-Acetylglutamic acid,C7H11NO5,[M+H]+,190.071,-2.1,11.19,0.37,8,N-Acetylglutamic acid,118829,94247,107753,109343,33297,34260,42434,31785,1.3434594618316327e-05,1.6013002902317917,16147.0,1.3434594618316327e-05,-1.6013002902317914,16147.0
95,96         N-Acetylglutamine,C7H12N2O4,[M-H]-,187.0724,-3.4,7.04,0.42,2,N-Acetylglutamine,-,46309,-,28471,-,-,-,-,0.18428073189966115,0.7679024322153187,0.0,0.18428073189966115,-0.7679024322153187,0.0
96,97         N-Acetyl-L-alanine,C5H9NO3,[M+H]+,132.0655,-0.9,6.86,0.31,8,N-Acetyl-L-alanine,3661468,3257826,3348944,3681845,379834,397410,394498,396458,1.2000661922088998e-07,3.153092235750305,143788390.0,1.2000661922088998e-07,-3.153092235750305,143788390.0
97,98         N-Acetyl-L-methionine,C7H13NO3S,[M+H]+,192.0689,0.6,4.2,0.25,8,N-Acetyl-L-methionine,188482,133564,204238,139189,31186,26872,25117,28363,0.0002298704198914293,2.5768448261688266,2521.0,0.0002298704198914293,-2.5768448261688266,2521.0
98,99         N-Acetyl-L-phenylalanine,C11H13NO3,[M+H]+,208.0968,-1.5,3.55,0.29,8,N-Acetyl-L-phenylalanine,1282139,942616,1140809,903504,207123,267854,229468,297559,0.00010510219207016424,2.0910328750040788,26709.0,0.00010510219207016424,-2.0910328750040788,26709.0
99,100         N-Acetylornithine,C7H14N2O3,[M+H]+,175.1077,-1.3,9.86,0.45,8,N-Acetylornithine,148294816,121706264,154341792,131237568,15233900,18962214,20979818,19460086,4.145325280297228e-06,2.8960518857622732,141461945.0,4.145325280297228e-06,-2.8960518857622732,141461945.0
100,101         N-Acetylserine,C5H9NO4,[M-H]-,146.0459,-7.4,7.93,0.49,8,N-Acetylserine,5694984,4354078,5485296,4722640,153963,156052,158147,184562,4.528787095783116e-06,4.955803491841036,17911084.0,4.528787095783116e-06,-4.955803491841036,17911084.0
101,102         NAD,C21H28N7O14P2,[Cat]+,664.1164,7.7,11.61,0.14,1,NAD,-,17183,-,-,-,-,-,-,0.35591768374958205,0.20188511676916635,0.0,0.35591768374958205,-0.20188511676916612,0.0
102,103         NADH,C21H29N7O14P2,[M-H]-,664.1175,8.7,10.25,0.22,0,NADH,-,-,-,-,-,-,-,-,NA,0.0,0.0,NA,0.0,0.0
103,104         NADP,C21H29N7O17P3,[Cat]+,744.0827,-8.4,14.06,0.41,0,NADP,-,-,-,-,-,-,-,-,NA,0.0,0.0,NA,0.0,0.0
104,105         NADPH,C21H30N7O17P3,[M-H]-,744.0838,-8.1,13.31,0.12,0,NADPH,-,-,-,-,-,-,-,-,NA,0.0,0.0,NA,0.0,0.0
105,106         Niacinamide,C6H6N2O,[M+H]+,123.0553,-0.7,4.7,0.2,8,Niacinamide,130635144,109983136,137625920,114246872,2910494,2701912,2898968,3038739,1.7177925652638926e-06,5.414118699909753,1563930491.0,1.7177925652638926e-06,-5.414118699909753,1563930491.0
106,107         Nicotinic acid,C6H5NO2,[M-H]-,122.0248,-7.8,7.36,0.33,1,Nicotinic acid,-,-,99151,-,-,-,-,-,0.35591768374958205,0.024207574615256685,0.0,0.35591768374958205,-0.02420757461525652,0.0
107,108         O-Phosphoethanolamine,C2H8NO4P,[M+H]+,142.0264,3.0,13.41,0.0,0,O-Phosphoethanolamine,-,-,-,-,-,-,-,-,NA,0.0,0.0,NA,0.0,0.0
108,109         Ornithine,C5H12N2O2,[M+H]+,133.0972,-1.2,17.52,0.25,4,Ornithine,24243494,15355125,20550540,20376988,-,-,-,-,0.020872748510713805,0.4775799797483471,1154.0,0.020872748510713805,-0.4775799797483472,1154.0
109,110         Orotic acid,C5H4N2O4,[M-H]-,155.0098,-4.1,7.52,0.44,4,Orotic acid,47700,43290,44397,41892,-,-,-,-,2.1866604290184564e-07,1.8533436972262076,467524.0,2.1866604290184564e-07,-1.853343697226208,467524.0
110,111         Orotidylic acid,C10H13N2O11P,[M+H]+,369.033,-6.2,6.27,0.0,1,Orotidylic acid,-,-,24359,-,-,-,-,-,0.35591768374958205,0.4425189162173191,0.0,0.35591768374958205,-0.4425189162173192,0.0
111,112         Oxidized glutathione,C20H32N6O12S2,[M+H]+,613.1592,-8.1,13.96,0.18,0,Oxidized glutathione,-,-,-,-,-,-,-,-,NA,0.0,0.0,NA,0.0,0.0
112,113         Oxoadipic acid,C6H8O5,[M-H]-,159.0299,-5.7,8.15,0.43,0,Oxoadipic acid,-,-,-,-,-,-,-,-,NA,0.0,0.0,NA,0.0,0.0
113,114         Oxoglutaric acid,C5H6O5,[M-H]-,145.0142,-7.2,12.52,0.43,8,Oxoglutaric acid,3599337,2448706,3435008,2718548,401668,337929,397283,605709,9.1155138647366e-05,2.8077659765766723,133889.0,9.1155138647366e-05,-2.8077659765766723,133889.0
114,115         Palmitic acid,C16H32O2,[M-H]-,255.233,-1.8,2.83,0.07,8,Palmitic acid,44431656,40927460,53085688,46591184,61709932,46772312,46697152,64693796,0.15999215049055746,-0.24886582405351315,376.0,0.15999215049055746,0.24886582405351296,376.0
115,116         Pantothenic acid,C9H17NO5,[M+H]+,220.118,-2.0,6.05,0.49,8,Pantothenic acid,217017872,179061824,226230688,190448960,54919396,52222088,49545076,53638988,1.0022847685838092e-05,1.9502041339490988,49306082.0,1.0022847685838092e-05,-1.9502041339490988,49306082.0
116,117         Phenol,C6H6O,[M-H]-,93.0346,-13.9,3.44,0.31,0,Phenol,-,-,-,-,-,-,-,-,NA,0.0,0.0,NA,0.0,0.0
117,118         Phosphocreatine,C4H10N3O5P,[M-H]-,210.0285,-14.4,12.51,0.0,0,Phosphocreatine,-,-,-,-,-,-,-,-,NA,0.0,0.0,NA,0.0,0.0
118,119         Phosphoenolpyruvic acid,C3H5O6P,[M-H]-,166.9751,-5.4,14.2,0.0,0,Phosphoenolpyruvic acid,-,-,-,-,-,-,-,-,NA,0.0,0.0,NA,0.0,0.0
119,120         Phosphoribosyl pyrophosphate,C5H13O14P3,[M-H]-,388.9445,0.0,0.0,0.0,0,Phosphoribosyl pyrophosphate,-,-,-,-,-,-,-,-,NA,0.0,0.0,NA,0.0,0.0
120,121         Phosphorylcholine,C5H14NO4P,[M+H]+,184.0733,-0.7,11.77,0.47,8,Phosphorylcholine,623409,303110,408497,323429,135108,114234,78272,142535,0.007285792497778921,1.818641213519148,129.0,0.007285792497778921,-1.818641213519148,129.0
121,122         Phosphoserine,C3H8NO6P,[M+H]+,186.0162,-5.4,11.59,0.06,0,Phosphoserine,-,-,-,-,-,-,-,-,NA,0.0,0.0,NA,0.0,0.0
122,123         Pipecolic acid,C6H11NO2,[M+H]+,130.0863,-2.0,7.72,0.23,8,Pipecolic acid,30772066,23020156,28567666,27003710,1321740,1663556,1845967,1779897,4.269518183976687e-06,4.048085371960747,56168101.0,4.269518183976687e-06,-4.048085371960747,56168101.0
123,124         Propionylcarnitine,C10H19NO4,[M+H]+,218.1387,-2.7,6.62,0.32,8,Propionylcarnitine,48614280,33452022,48595332,36821252,5013042,5021232,5259682,5529336,8.844632888998176e-05,3.0077436127547528,2140503.0,8.844632888998176e-05,-3.0077436127547528,2140503.0
124,125         Pyruvic acid,C3H4O3,[M-H]-,87.0088,-12.3,7.19,0.44,5,Pyruvic acid,2084298,1406028,1865767,1558725,-,102764,-,-,3.9550028447287534e-05,4.098051708122791,396121.0,3.9550028447287534e-05,-4.098051708122791,396121.0
125,126         Ribose 1-phosphate,C5H11O8P,[M-H]-,229.0119,-6.5,11.9,0.14,7,Ribose 1-phosphate,22781,-,19398,14133,13596,13635,14145,14935,0.18789331602969367,0.3077108365575354,0.0,0.18789331602969367,-0.3077108365575353,0.0
126,127         Saccharopine,C11H20N2O6,[M-H]-,275.1249,-2.0,12.43,0.14,0,Saccharopine,-,-,-,-,-,-,-,-,NA,0.0,0.0,NA,0.0,0.0
127,128         S-Adenosylhomocysteine,C14H20N6O5S,[M-H]-,383.1143,12.2,9.33,0.3,2,S-Adenosylhomocysteine,22168,-,49377,-,-,-,-,-,0.21449479333667293,1.19448109113246,0.0,0.21449479333667293,-1.19448109113246,0.0
128,129         S-Adenosylmethionine,C15H22N6O5S,[M+H]+,399.1445,-9.3,12.27,0.2,0,S-Adenosylmethionine,-,-,-,-,-,-,-,-,NA,0.0,0.0,NA,0.0,0.0
129,130         Sarcosine,C3H7NO2,[M+H]+,90.055,3.8,11.21,0.25,7,Sarcosine,40761436,23826920,25335330,29763100,-,2936223,3819039,5849022,0.0005314403433007725,3.07314014626249,265076.0,0.0005314403433007725,-3.0731401462624897,265076.0
130,131         Succinic acid,C4H6O4,[M-H]-,117.0193,-10.5,12.15,0.26,8,Succinic acid,144303488,104375776,136116240,113552992,12611625,13617641,16074086,16671117,2.3866254792199175e-05,3.078992545692172,24666174.0,2.3866254792199175e-05,-3.078992545692172,24666174.0
131,132         Taurine,C2H7NO3S,[M-H]-,124.0074,-9.6,11.22,0.31,8,Taurine,22399134,20124404,22640108,21066412,171870,446093,473552,555757,3.3328208956215586e-08,5.71004015059424,17253144214.0,3.3328208956215586e-08,-5.71004015059424,17253144214.0
132,133         Thymidine,C10H14N2O5,[M-H]-,241.083,-2.5,4.65,0.45,6,Thymidine,445664,313842,467107,331035,29649,-,29420,-,9.007644700003942e-05,3.808062713169301,32438.0,9.007644700003942e-05,-3.808062713169301,32438.0
133,134         Uracil,C4H4N2O2,[M+H]+,113.0346,1.3,5.76,0.48,4,Uracil,2111094,1725519,1984381,1739811,-,-,-,-,1.1319398970980474e-06,5.84597575014783,48860090.0,1.1319398970980474e-06,-5.84597575014783,48860090.0
134,135         Ureidopropionic acid,C4H8N2O3,[M-H]-,131.0462,-7.0,11.45,0.3,8,Ureidopropionic acid,456123,413218,484623,409179,20754,45920,44346,47282,7.659965940813936e-07,3.4773981015932947,3492306.0,7.659965940813936e-07,-3.4773981015932947,3492306.0
135,136         Ureidosuccinic acid,C5H8N2O5,[M-H]-,175.03599999999997,-8.3,13.54,0.42,1,Ureidosuccinic acid,15347,-,-,-,-,-,-,-,0.35591768374958205,0.1323247314216332,0.0,0.35591768374958205,-0.13232473142163328,0.0
136,137         Uric acid,C5H4N4O3,[M+H]+,169.0356,-0.7,9.81,0.28,8,Uric acid,1188947,699533,1129506,699692,33081,31610,44218,49757,0.0005476351609950654,4.550336903061711,20731.0,0.0005476351609950654,-4.550336903061711,20731.0
137,138         Uridine,C9H12N2O6,[M-H]-,243.0623,-2.7,6.73,0.37,8,Uridine,3645240,2733641,3964353,2834250,225850,256392,256456,251270,5.5685529621967227e-05,3.734549238262385,423322.0,5.5685529621967227e-05,-3.734549238262385,423322.0
138,139         Uridine 5'-diphosphate,C9H14N2O12P2,[M+H]+,405.0095,11.2,13.71,0.0,0,Uridine 5'-diphosphate,-,-,-,-,-,-,-,-,NA,0.0,0.0,NA,0.0,0.0
139,140         Uridine 5'-monophosphate,C9H13N2O9P,[M-H]-,323.0286,-3.4,12.28,0.0,0,Uridine 5'-monophosphate,-,-,-,-,-,-,-,-,NA,0.0,0.0,NA,0.0,0.0
140,141         Uridine diphosphate glucose,C15H24N2O17P2,[M-H]-,565.0478,0.3,13.33,0.13,0,Uridine diphosphate glucose,-,-,-,-,-,-,-,-,NA,0.0,0.0,NA,0.0,0.0
141,142         Uridine diphosphate-N-acetylglucosamine,C17H27N3O17P2,[M+H]+,608.0889,-2.2,12.0,0.34,0,Uridine diphosphate-N-acetylglucosamine,-,-,-,-,-,-,-,-,NA,0.0,0.0,NA,0.0,0.0
142,143         Uridine triphosphate,C9H15N2O15P3,[M-H]-,482.9613,-7.4,15.78,0.1,0,Uridine triphosphate,-,-,-,-,-,-,-,-,NA,0.0,0.0,NA,0.0,0.0
143,144         Valerylcarnitine,C12H23NO4,[M+H]+,246.17,-2.0,5.06,0.26,8,Valerylcarnitine,7049334,5331382,7304927,5415717,790998,728153,724193,775010,4.288781933829154e-05,3.055931608256703,681576.0,4.288781933829154e-05,-3.0559316082567034,681576.0
144,145         Xanthine,C5H4N4O2,[M-H]-,151.0261,-7.6,8.4,0.37,8,Xanthine,24536696,19434136,23638088,20083986,1451866,1738448,1811804,1915237,3.99475032133005e-06,3.664167736395784,37530384.0,3.99475032133005e-06,-3.664167736395784,37530384.0
145,146         Xanthosine,C10H12N4O6,[M-H]-,283.0684,-3.2,7.73,0.1,8,Xanthosine,167436,129599,149253,153204,27146,25053,20215,27205,4.280763966035928e-06,2.5892476674653397,122850.0,4.280763966035928e-06,-2.5892476674653397,122850.0
146,147         Xanthylic acid,C10H13N4O9P,[M-H]-,363.0347,8.1,11.39,0.0,0,Xanthylic acid,-,-,-,-,-,-,-,-,NA,0.0,0.0,NA,0.0,0.0
