Metabolite	Formula	Ion Type	RT Start (min)	RT End (min)	m/z Tolerance (ppm)	RT Tolerance (min)	mz	obs_mz	ppm	winner	RT	RT_min	RT_max	RT_range	detections	S09012	S09013	S09014	S09015	S09016	S09017	S09018	S09019	S09020	S09021	SQ515_Blank_0	SQ515_Blank_1	SQ515_Blank_2	SQ515_Blank_3	SQ515_Blank_4	SQ515_Blank_5	SQ515_ISTD_0	SQ515_ISTD_1	SQ515_ISTD_2
1-Methylnicotinamide	C7H8N2O	[M+H]+	19.0	21.0	15.0	0.2	137.0709	137.0708	-1.0	S09012	19.03	19.01	19.28	0.27	19	60339	32051	43577	36914	37023	35679	30508	34480	22321	38544	19615	10455	17226	11747	15883	7857	14706	12002	6512
"2,3-Diphosphoglyceric acid"	C3H8O10P2	[M-H]-	12.0	15.0	15.0	0.2	264.9520	264.9480	-15.1	S09012	13.82	13.73	13.82	0.09	2	1539	1168	0	0	0	0	0	0	0	0	0	0	0	0	0	0	0	0	0
3-Hydroxybutyric acid	C4H8O3	[M-H]-	5.7	7.7	15.0	0.2	103.0401	103.0387	-13.3	S09012	7.30	7.27	7.55	0.28	19	2169571	2076246	1826480	1985256	1864843	1871216	1890378	1913446	1706066	2113353	1397490	1402272	1434586	1438608	1471535	1523780	1422241	1435610	1509811
3-Phosphoglyceric acid	C3H7O7P	[M-H]-	13.0	15.0	15.0	0.2	184.9857	184.9849	-4.1	S09012	14.63	14.43	14.88	0.44	15	28018	9413	10115	8701	8797	21902	19310	6136	10599	19683	0	0	3463	1108	1994	0	0	2432	1247
"4,5-Dihydroorotic acid"	C5H6N2O4	[M-H]-	7.5	9.5	15.0	0.2	157.0255	157.0249	-3.7	S09013	8.51	8.27	8.66	0.39	15	8366	8673	5715	8286	6242	4729	2525	2439	5529	2318	2423	0	0	1195	1707	2075	0	0	1189
4-Hydroxyproline	C5H9NO3	[M+H]+	10.2	11.2	15.0	0.2	132.0655	132.0637	-13.8	S09019	11.01	10.77	11.19	0.41	9	0	0	0	0	0	0	0	937993	0	0	22114	25113	0	16696	60840	16704	22804	21753	13913
5'-Methylthioadenosine	C11H15N5O3S	[M+H]+	3.0	5.0	15.0	0.2	298.0968	298.0967	-0.5	S09021	4.46	4.25	4.62	0.38	17	143717	70196	149605	114403	160374	109077	90565	45518	117826	266063	3172	0	3398	0	7236	1981	2429	2205	2584
5-Phosphoribosylamine	C5H12NO7P	[M-H]-	11.5	13.5	15.0	0.2	228.0279	228.0271	-3.4	S09012	12.99	12.78	12.99	0.21	6	2728	1434	0	0	0	1788	1231	1395	0	1239	0	0	0	0	0	0	0	0	0
6-Phosphogluconic acid	C6H13O10P	[M-H]-	14.0	17.0	15.0	0.2	275.0174	275.0167	-2.4	S09012	15.02	15.02	15.17	0.15	3	3421	0	0	0	0	2973	1102	0	0	0	0	0	0	0	0	0	0	0	0
Acetoacetic acid	C4H6O3	[M-H]-	8.3	10.3	15.0	0.2	101.0244	101.0231	-13.1	S09021	9.61	9.46	9.82	0.36	19	417561	185127	356419	271032	200813	298048	385695	319956	261611	506842	20578	16608	22823	18592	18475	21131	17553	18545	17626
Acetyl-CoA	C23H38N7O17P3S	[M+H]+	8.0	11.0	15.0	0.2	810.1331	810.1440	13.5	S09012	10.39	10.39	10.46	0.07	2	13148	0	0	0	0	0	0	0	0	0	0	0	0	0	0	0	0	2002	0
Acetylcysteine	C5H9NO3S	[M+H]+	6.0	8.0	15.0	0.2	164.0376	164.0374	-1.2	S09014	7.21	6.97	7.30	0.33	14	146932	296384	437169	146036	180168	162948	48944	151407	207640	90815	2049	2592	0	0	2165	0	0	2821	0
Adenine	C5H5N5	[M+H]+	5.0	7.0	15.0	0.2	136.0618	136.0615	-2.0	S09014	6.36	6.18	6.61	0.43	19	14722257	16620149	20616472	16648619	14790478	11870275	15097437	20530844	10136840	18761948	478389	551194	670440	644087	714742	641442	412416	526177	529652
Adenosine	C10H13N5O4	[M+H]+	4.5	7.0	15.0	0.2	268.1040	268.1032	-3.1	S09021	5.98	5.76	6.09	0.33	19	36590896	38184356	45285748	27876074	35264204	32260642	40769744	38263140	26783772	48203572	73788	28146	465037	59484	280695	65009	19583	108674	81193
Adenosine diphosphate ribose	C15H23N5O14P2	[M-H]-	10.9	12.9	15.0	0.2	558.0644	558.0614	-5.4	S09018	11.89	11.88	12.01	0.13	12	39282	36652	47643	122604	126882	114759	221698	54266	98947	92577	0	0	1469	0	2991	0	0	0	0
Adenosine monophosphate	C10H14N5O7P	[M+H]+	9.8	11.8	15.0	0.2	348.0704	348.0688	-4.5	S09021	10.85	10.60	10.88	0.28	19	8030280	3622335	7464082	4623064	4693298	7494667	7939181	4664831	5086837	8668914	160712	10069	1070016	56681	921549	57303	26555	265539	170225
Adenosine triphosphate	C10H16N5O13P3	[M-H]-	12.5	14.5	15.0	0.2	505.9885	505.9872	-2.5	S09012	14.42	14.23	14.46	0.22	12	18916	1283	0	2217	1637	2101	1593	0	1489	2065	1372	0	1486	1131	0	1119	0	0	0
Adenylsuccinic acid	C14H18N5O11P	[M-H]-	14.5	16.5	15.0	0.2	462.0668	462.0655	-2.8	S09012	15.74	15.58	15.75	0.17	17	80849	22163	38100	28228	36279	43848	31385	17005	19498	26075	1157	0	4907	1274	5311	1842	0	1708	2076
ADP	C10H15N5O10P2	[M-H]-	11.1	13.1	15.0	0.2	426.0221	426.0215	-1.5	S09012	12.30	12.30	12.55	0.25	19	1087244	250953	369388	298308	276175	610937	440060	115207	332409	559922	29952	10044	41570	15411	56805	21244	14312	20244	28963
Allantoin	C4H6N4O3	[M-H]-	9.3	11.3	15.0	0.2	157.0367	157.0347	-12.8	SQ515_ISTD_2	10.01	10.01	10.01	0.00	1	0	0	0	0	0	0	0	0	0	0	0	0	0	0	0	0	0	0	1219
Aminoadipic acid	C6H11NO4	[M-H]-	5.9	7.9	15.0	0.2	160.0615	160.0605	-6.5	S09021	6.14	5.96	6.34	0.38	19	200609	161896	291631	118427	200588	160327	316750	271956	207535	637498	5406	8059	8119	8331	6265	6012	6852	9055	11878
Argininosuccinic acid	C10H18N4O6	[M-H]-	12.5	14.5	15.0	0.2	289.1154	289.1145	-3.0	S09014	13.58	13.48	13.68	0.20	15	55664	30255	60472	37909	33654	36555	48671	34063	23609	57713	1770	0	6013	0	6397	0	0	1749	1188
Beta-Alanine	C3H7NO2	[M+H]+	9.8	10.5	15.0	0.2	90.0550	90.0553	3.8	S09019	10.32	10.22	10.38	0.16	19	414036	450547	421774	430033	421236	380818	382010	583095	392462	472978	136500	137995	141624	127663	156616	142666	151677	140257	136463
Betaine	C5H11NO2	[M+H]+	7.0	8.2	15.0	0.2	118.0863	118.0862	-0.5	S09012	7.73	7.64	7.94	0.30	19	223060272	88141584	171005440	99899944	102706848	107282848	108511144	69021352	103747536	138729712	1045183	1024161	1608062	1132233	1792726	1136278	874003	1200152	1149757
Butyrylcarnitine	C11H21NO4	[M+H]+	4.2	6.2	15.0	0.2	232.1543	232.1538	-2.3	S09021	5.75	5.52	6.00	0.48	19	7158102	3218878	6425460	5366520	3998587	5220274	7195314	6968354	4509411	11782896	5305	10284	15227	5099	15589	5775	13305	5257	5249
Carbamoyl phosphate	CH4NO5P	[M-H]-	27.0	30.0	15.0	0.2	139.9754	139.9746	-6.0	S09012	27.11	27.01	27.35	0.34	19	4931	1993	2078	4622	2339	1777	2017	1619	1654	1855	1833	1900	1126	1102	1773	1233	1217	1447	1621
Carnosine	C9H14N4O3	[M+H]+	10.6	12.6	15.0	0.2	227.1139	227.1135	-1.6	S09014	11.74	11.50	11.97	0.47	19	103690	27432	105473	50852	67671	94937	80034	70991	78099	88424	3548	2428	4514	2474	3599	2306	2956	2943	2872
CDP	C9H15N3O11P2	[M+H]+	13.0	15.0	15.0	0.2	404.0255	404.0228	-6.6	S09021	14.26	14.21	14.45	0.24	12	6255	0	0	0	2899	6075	2662	0	4907	6445	2982	0	0	1749	1572	0	2714	1745	1868
Choline	C5H14NO	[Cat]+	11.0	15.0	15.0	0.2	104.1070	104.1071	1.1	S09014	14.09	14.05	14.15	0.10	19	204965936	186070256	253328960	144518528	223703072	207709792	205931312	169494000	162889312	186929216	38839616	1236379	36822472	1989385	31791284	1751024	3995749	7076102	5665830
cis-Aconitic acid	C6H6O6	[M-H]-	14.1	16.1	15.0	0.2	173.0092	173.0081	-6.1	S09020	15.19	15.06	15.20	0.14	19	478665	343659	338640	421162	407762	856827	705535	474679	927240	732872	45608	33061	55523	19612	46548	20694	29352	21108	17520
Citric acid	C6H8O7	[M-H]-	14.2	16.2	15.0	0.2	191.0197	191.0188	-4.9	SQ515_Blank_0	15.19	15.12	15.21	0.09	19	149930	56607	110539	66514	71947	111305	75531	131864	106441	76856	266544	127316	86898	76462	55965	49118	164349	90441	71702
Citrulline	C6H13N3O3	[M+H]+	10.9	12.9	15.0	0.2	176.1030	176.1026	-2.1	S09012	11.98	11.98	12.12	0.14	19	3872684	2117396	2150706	2312403	1642891	2003598	2194532	1715641	1381163	3419078	24783	25749	78138	21808	102873	20538	21514	31062	26883
Creatine	C4H9N3O2	[M+H]+	10.0	11.5	15.0	0.2	132.0768	132.0765	-1.9	S09021	10.91	10.72	10.91	0.19	19	1962332800	1936245248	1854166528	1871527552	1839342080	1873253888	1938502784	1814357120	1897494016	1977540480	108591832	541428	383174816	1779391	364024608	2628707	1484448	24735750	23549214
Creatinine	C4H7N3O	[M+H]+	5.2	7.2	15.0	0.2	114.0662	114.0664	1.9	S09021	6.61	6.39	6.65	0.26	19	20241080	15178901	14986530	15107259	16036084	13510684	16440813	14328790	13123609	25021950	878794	956437	1085816	1082537	1134653	1022709	316074	436344	445958
Cyclic AMP	C10H12N5O6P	[M-H]-	5.8	7.8	15.0	0.2	328.0452	328.0454	0.5	S09021	6.87	6.87	7.05	0.18	10	12383	9782	11374	14173	11620	9744	11127	11929	9721	14551	0	0	0	0	0	0	0	0	0
Cytidine	C9H13N3O5	[M+H]+	7.1	9.1	15.0	0.2	244.0928	244.0922	-2.5	S09012	8.32	8.12	8.52	0.40	19	2632104	1993106	2630462	1712451	2291507	1563026	1375270	1292969	975537	1401450	16650	9588	19464	12625	17748	11668	12819	15363	12504
Cytidine monophosphate	C9H14N3O8P	[M+H]+	11.8	13.8	15.0	0.2	324.0591	324.0587	-1.3	S09021	12.90	12.69	12.98	0.29	19	148598	57686	124514	70595	75985	175425	171891	95046	124570	194667	2996	2233	12517	1856	10874	1897	2794	3201	2006
Cytidine triphosphate	C9H16N3O14P3	[M-H]-	15.0	20.0	15.0	0.2	481.9772	481.9740	-6.7	S09015	17.58	17.58	17.70	0.12	2	2158	0	0	2169	0	0	0	0	0	0	0	0	0	0	0	0	0	0	0
Cytosine	C4H5N3O	[M+H]+	9.0	11.0	15.0	0.2	112.0505	112.0508	2.3	S09016	9.25	9.03	9.47	0.44	19	54996	48304	59432	39945	81262	74685	60739	56324	46493	45274	46424	36317	44352	34489	39244	30711	48182	34578	42441
D-2-Hydroxyglutaric acid	C5H8O5	[M-H]-	11.6	13.6	15.0	0.2	147.0299	147.0288	-7.5	S09021	12.46	12.22	12.50	0.28	19	2692460	1928353	3523210	1466941	2836508	2721178	3351240	2427516	3414512	3978073	700452	328257	169817	103751	98194	65760	456315	101436	59504
D-Glucose	C6H12O6	[M-H]-	9.0	11.0	15.0	0.2	179.0561	179.0552	-5.1	S09017	11.00	10.79	11.03	0.23	19	145289	239829	80818	162420	84317	504464	352358	155784	233345	165605	9926	13323	27293	12168	25309	16518	12299	11518	17499
D-Glyceraldehyde 3-phosphate	C3H7O6P	[M-H]-	13.0	14.0	15.0	0.2	168.9908	168.9892	-9.2	S09012	13.23	13.23	13.46	0.23	14	34658	19124	20037	20263	22088	26803	33855	10033	27875	24851	0	0	2969	1663	2191	0	0	0	1332
Dihydrofolic acid	C19H21N7O6	[M+H]+	13.0	16.0	15.0	0.2	444.1626	444.1683	12.8	S09021	14.49	14.49	14.49	0.00	1	0	0	0	0	0	0	0	0	0	3507	0	0	0	0	0	0	0	0	0
Dihydroxyacetone phosphate	C3H7O6P	[M-H]-	12.0	13.0	15.0	0.2	168.9908	168.9897	-6.2	S09018	12.38	12.37	12.48	0.11	16	527820	689739	289435	466429	600369	347554	798076	109748	436450	505000	1568	0	6293	1317	12618	1311	0	0	2125
D-Ribose 5-phosphate	C5H11O8P	[M-H]-	12.4	13.8	15.0	0.2	229.0119	229.0111	-3.4	S09012	12.62	12.52	12.85	0.33	16	263339	154286	72807	174706	164393	100038	123898	43511	43241	84087	1229	0	2710	0	13523	1638	0	1637	2203
D-Sedoheptulose 7-phosphate	C7H15O10P	[M-H]-	12.2	14.2	15.0	0.2	289.0330	289.0315	-5.2	S09012	13.17	13.17	13.37	0.20	17	287193	144976	126456	175249	103317	153286	152324	90328	48323	165733	2157	0	12727	1929	15336	1273	0	2018	4219
dTDP	C10H16N2O11P2	[M-H]-	11.0	13.0	15.0	0.2	401.0157	401.0157	0.1	S09012	11.90	11.90	11.90	0.00	1	4441	0	0	0	0	0	0	0	0	0	0	0	0	0	0	0	0	0	0
FAD	C27H33N9O15P2	[M+H]+	7.6	9.6	15.0	0.2	786.1644	786.1588	-7.1	S09014	8.81	8.56	8.81	0.24	10	9700	12121	23354	7682	9470	14141	14497	9932	13278	22240	0	0	0	0	0	0	0	0	0
Folic acid	C19H19N7O6	[M+H]+	13.0	16.0	15.0	0.2	442.1470	442.1433	-8.3	S09021	14.11	13.96	14.14	0.19	9	9700	12123	11754	7124	0	11714	12068	15851	9866	17020	0	0	0	0	0	0	0	0	0
"Fructose 1,6-bisphosphate"	C6H14O12P2	[M-H]-	14.1	16.1	15.0	0.2	338.9888	338.9879	-2.6	S09012	16.01	15.94	16.09	0.15	8	13698	1417	0	1489	1667	6186	1128	0	0	2271	0	0	0	0	0	1433	0	0	0
Fructose 6-phosphate	C6H13O9P	[M-H]-	12.6	13.5	15.0	0.2	259.0224	259.0220	-1.7	S09012	12.86	12.81	13.00	0.19	19	3098065	1724968	1016245	1745132	1950590	1098146	1200906	899624	620944	957867	8036	1686	59726	9513	122379	16099	2811	17786	31622
Fumaric acid	C4H4O4	[M-H]-	12.2	14.2	15.0	0.2	115.0037	115.0023	-12.0	S09012	13.13	12.97	13.37	0.40	19	3191776	1752197	2664431	1688685	2199760	2262066	2411114	1296533	2081661	2743448	15788	10744	24488	12792	37978	12662	12874	11248	10194
Glucose 6-phosphate	C6H13O9P	[M-H]-	13.6	14.4	15.0	0.2	259.0224	259.0219	-2.1	S09012	13.80	13.77	13.89	0.12	19	2926662	1989860	1002454	2209347	1436027	1476207	1666412	1263470	611539	1346985	10613	1553	109689	11553	229293	25644	6392	33039	53795
Glutathione	C10H17N3O6S	[M+H]+	10.0	13.0	15.0	0.2	308.0911	308.0898	-4.2	S09012	11.31	11.31	11.52	0.21	19	14580485	4139061	9051809	6284848	6998768	7643094	2170299	2411366	5074030	4163745	13586	11019	16941	8999	48796	11310	14610	11356	17083
Glycerol 3-phosphate	C3H9O6P	[M-H]-	11.5	13.0	15.0	0.2	171.0064	171.0054	-5.9	S09021	12.09	11.88	12.28	0.40	19	4868144	2285858	2423413	3204322	2360226	2986934	3066049	2216214	2336758	4890936	32494	18560	210960	28118	257603	30552	21233	41387	54295
Glycine	C2H5NO2	[M+H]+	10.7	12.7	15.0	0.2	76.0393	76.0398	6.5	S09016	11.82	11.74	11.89	0.15	19	13133504	17085560	21211948	10882535	31916432	13159326	19516536	17672006	12573935	22928096	603684	43390	1995786	60329	1206316	56264	54510	196099	148318
Guanidoacetic acid	C3H7N3O2	[M+H]+	10.7	12.7	15.0	0.2	118.0611	118.0612	0.8	S09018	11.83	11.79	11.91	0.12	19	176095488	102098240	216591648	140039152	148686672	154338672	224574160	160044896	138481168	188943776	7131312	9476	17807348	36042	16388111	53905	27157	1166492	1030791
Guanine	C5H5N5O	[M+H]+	7.7	9.7	15.0	0.2	152.0567	152.0565	-1.2	S09019	8.71	8.60	8.76	0.16	19	269052	344830	530903	391313	273313	264989	414825	625228	228982	433069	35390	42318	53883	36783	38774	39341	27308	20500	22530
Guanosine	C10H13N5O5	[M+H]+	7.7	9.7	15.0	0.2	284.0989	284.0964	-9.0	S09012	8.93	8.69	9.14	0.45	19	152780	129946	129083	115073	126517	119727	121797	138902	78601	133502	6717	11335	13990	9650	12141	8317	3986	11190	7312
Guanosine diphosphate	C10H15N5O11P2	[M-H]-	13.8	15.8	15.0	0.2	442.0171	442.0155	-3.5	S09012	15.47	15.34	15.68	0.34	19	22655	8835	9277	9830	8810	18314	13366	5589	10024	13739	5802	1714	5071	1352	6850	1952	1638	2327	1807
Guanosine monophosphate	C10H14N5O8P	[M+H]+	12.6	14.6	15.0	0.2	364.0653	364.0643	-2.7	S09021	13.68	13.58	13.78	0.20	19	1150304	515618	1137940	487533	716599	1270704	1242262	641865	792911	1516994	14027	1987	53894	8045	40935	5926	10902	23775	13722
Guanosine triphosphate	C10H16N5O14P3	[M-H]-	15.0	17.0	15.0	0.2	521.9834	521.9907	14.0	SQ515_Blank_1	15.40	15.40	15.40	0.00	1	0	0	0	0	0	0	0	0	0	0	0	1302	0	0	0	0	0	0	0
Homocysteine	C4H9NO2S	[M-H]-	7.3	9.3	15.0	0.2	134.0281	134.0291	7.3	S09018	7.27	7.27	7.40	0.14	3	0	0	0	7534	5458	0	9994	0	0	0	0	0	0	0	0	0	0	0	0
Hypotaurine	C2H7NO2S	[M+H]+	10.0	12.0	15.0	0.2	110.0270	110.0271	0.7	S09021	11.24	11.07	11.31	0.24	18	98001816	92122992	109468184	69533680	86550680	90475632	107910096	68801672	111419760	113833184	1582489	0	5110027	3220	5272492	10594	4377	76998	70125
Hypoxanthine	C5H4N4O	[M+H]+	5.8	7.8	15.0	0.2	137.0458	137.0455	-2.1	S09012	6.97	6.82	7.15	0.33	19	125243264	94316072	115546904	81292776	87348016	62650092	48355704	51809944	48610020	53891400	115018	21922	377015	30610	659562	28852	20190	25036	34071
Inosine	C10H12N4O5	[M+H]+	6.4	8.4	15.0	0.2	269.0880	269.0870	-3.9	S09012	7.62	7.47	7.86	0.39	19	24943930	20094640	19165296	18928452	21987628	11233310	7798592	10875168	2569271	8022345	12466	3427	50797	4720	72107	8280	3441	3608	2829
Inosinic acid	C10H13N4O8P	[M+H]+	11.4	13.4	15.0	0.2	349.0544	349.0522	-6.2	S09012	12.44	12.42	12.63	0.21	15	131317	73878	75663	72075	41394	59285	42476	46574	50393	85212	2223	0	2915	0	8975	0	0	1915	2811
L-Acetylcarnitine	C9H17NO4	[M+H]+	6.3	8.3	15.0	0.2	204.1230	204.1225	-2.6	S09021	7.56	7.38	7.72	0.34	19	259377184	151924128	249536992	157095280	215829152	205886976	246666448	201672208	220091168	318049152	75732	13521	1539176	12724	1272966	11677	19350	22574	16450
L-Alanine	C3H7NO2	[M+H]+	10.6	11.2	15.0	0.2	90.0550	90.0553	3.8	S09018	10.99	10.84	11.05	0.21	19	93827752	105059064	131162432	95589160	117989056	94099600	132673400	119402360	104390192	130889560	4433774	176190	18016702	261128	13833393	274793	240905	982770	842690
L-Arginine	C6H14N4O2	[M+H]+	18.5	21.0	15.0	0.2	175.1190	175.1186	-2.0	S09014	19.33	19.27	19.39	0.12	19	62085320	65991216	69130616	65935696	61977064	65499740	65878076	68958520	39607868	61877724	31762728	16297964	51892196	34124316	48241284	32023648	23574050	41269684	40599616
L-Asparagine	C4H8N2O3	[M+H]+	10.3	12.3	15.0	0.2	133.0608	133.0606	-1.3	S09021	11.54	11.35	11.57	0.22	19	2481226	3088566	2934636	3394206	3086331	1838965	3518323	3589738	2286550	4843146	29055	10253	184224	7709	175014	8488	9156	13097	11558
L-Aspartic acid	C4H7NO4	[M-H]-	10.8	12.8	15.0	0.2	132.0302	132.0289	-10.1	S09014	11.90	11.73	11.98	0.24	19	3233755	3893784	7493560	3566734	5097544	3563851	4704470	4697057	3511437	3996469	43058	16593	208934	25224	132895	19066	20051	33618	31084
L-Carnitine	C7H16NO3	[Cat]+	8.3	10.3	15.0	0.2	162.1125	162.1120	-2.9	S09021	9.60	9.45	9.73	0.28	19	339173376	194791504	282707584	235698288	198216512	270174272	281413600	260174112	245563632	374850176	1334340	47013	8587527	57936	7885801	73147	37953	119338	131070
L-Cystathionine	C7H14N2O4S	[M+H]+	12.2	14.2	15.0	0.2	223.0747	223.0743	-1.8	S09012	13.22	13.18	13.45	0.26	15	449931	49300	81868	97284	36697	46076	94466	45824	29579	73533	0	0	5345	0	9741	0	2121	2845	1753
L-Cysteine	C3H7NO2S	[M+H]+	13.0	17.0	15.0	0.2	122.0270	122.0275	3.9	S09021	14.46	14.46	14.65	0.19	4	0	2155	2187	0	0	0	2718	0	0	3006	0	0	0	0	0	0	0	0	0
L-Cystine	C6H12N2O4S2	[M-H]-	11.7	13.7	15.0	0.2	239.0166	239.0139	-11.2	SQ515_ISTD_0	12.45	12.27	12.70	0.43	16	1990	2050	0	0	1124	1539	1835	1795	0	1657	1675	1788	1884	1714	1549	1962	2689	1719	1980
L-Glutamic acid	C5H9NO4	[M+H]+	10.0	13.0	15.0	0.2	148.0604	148.0601	-2.3	S09021	11.71	11.48	11.87	0.39	19	109641056	100123968	123056960	102901624	115919168	105787280	151920000	115059376	125472856	152151696	1160434	888190	7180982	953544	6786426	901650	792855	960861	1027666
L-Glutamine	C5H10N2O3	[M+H]+	10.1	12.1	15.0	0.2	147.0764	147.0760	-2.9	S09021	11.34	11.13	11.34	0.20	19	982360256	743387136	969830528	820313792	757872832	867664512	896785152	864787584	830362560	1053924736	46693752	134201	135668912	1110200	129390024	1308519	1462227	10189590	9388322
L-Histidine	C6H9N3O2	[M+H]+	9.9	11.9	15.0	0.2	156.0768	156.0764	-2.3	S09021	11.12	10.87	11.12	0.25	19	11093653	8579538	13162881	9868727	10511802	11124474	13098363	13783935	12113928	15110046	1619661	221663	5384100	655083	4527038	364466	451117	1351758	1019283
L-Isoleucine	C6H13NO2	[M+H]+	6.0	7.5	15.0	0.2	132.1019	132.1017	-1.6	S09021	7.42	7.28	7.44	0.17	19	78055928	65310456	91234448	51019128	70097080	84231768	106106992	76115288	83278584	128111328	394083	255548	1521675	320776	1086637	307912	256548	298222	349467
L-Kynurenine	C10H12N2O3	[M+H]+	6.0	8.0	15.0	0.2	209.0921	209.0918	-1.3	S09012	7.34	7.12	7.54	0.41	19	108901	39908	71343	35433	15827	64453	67824	40639	45267	67692	3530	3958	2992	2681	5585	2538	4496	2877	3627
L-Lactic acid	C3H6O3	[M-H]-	6.2	8.2	15.0	0.2	89.0244	89.0231	-14.8	S09021	7.26	7.03	7.29	0.26	19	243062208	177009504	219838432	163135712	207028688	184902896	179360192	173705360	189988272	260539488	832676	778516	1288230	856836	1291357	894936	707101	789160	786569
L-Leucine	C6H13NO2	[M+H]+	7.5	9.0	15.0	0.2	132.1019	132.1017	-1.6	S09021	7.81	7.64	7.86	0.22	19	77653112	62569844	89397904	51490400	72325928	95682848	104271232	81320504	85568176	130597416	595402	317459	2106792	273981	1346039	318952	315315	348934	341231
L-Lysine	C6H14N2O2	[M+H]+	18.0	20.0	15.0	0.2	147.1128	147.1126	-1.4	S09014	18.47	18.36	18.51	0.15	19	13222394	13655438	15382657	13455647	13438744	13453732	14467748	13479513	6965960	13067441	4087150	1127271	8078360	3276287	7523067	3010825	2302176	5155875	4633800
L-Malic acid	C4H6O5	[M-H]-	12.2	14.2	15.0	0.2	133.0142	133.0129	-10.1	S09012	13.17	13.17	13.33	0.16	19	65329656	31053156	43715056	36213432	38771520	43528772	47180360	25389142	32453630	53610796	324197	91152	1342261	164545	1774049	190691	150917	364051	425606
L-Methionine	C5H11NO2S	[M+H]+	6.8	8.8	15.0	0.2	150.0583	150.0581	-1.5	S09021	8.03	7.84	8.28	0.44	19	55501128	39437620	50870288	37232096	36913752	52457028	54933700	47608796	46262664	76381584	89461	32031	784789	32890	571934	29275	15844	30684	29371
L-Phenylalanine	C9H11NO2	[M+H]+	5.6	7.6	15.0	0.2	166.0863	166.0859	-2.1	S09021	6.88	6.66	7.02	0.37	19	73430408	51560084	72792672	49813080	52024116	74143360	77106048	64821164	60698896	103193064	69172	57303	703102	56437	612310	65439	57814	90532	115267
L-Proline	C5H9NO2	[M+H]+	7.9	9.9	15.0	0.2	116.0706	116.0706	-0.0	S09021	9.14	9.03	9.20	0.18	19	527215008	354387296	432276736	392420608	332118080	442543648	458771584	429583392	396480352	592304128	4295898	819904	27223236	893858	22598750	960554	863824	1502529	1421521
L-Serine	C3H7NO3	[M+H]+	10.8	12.8	15.0	0.2	106.0499	106.0501	2.2	S09021	12.02	11.85	12.02	0.16	19	22740072	16531094	20099712	16798972	17376634	18975446	21506364	17615662	17298080	24631974	461304	28755	1702350	54004	1717989	61081	59551	206706	204090
L-Threonine	C4H9NO3	[M-H]-	9.5	11.5	15.0	0.2	118.0510	118.0496	-11.6	S09021	10.76	10.52	10.77	0.25	19	7401520	4636544	6402752	4904152	5714110	5932883	6788997	5809329	5408030	8072788	122143	17102	830064	18307	726889	12487	19546	28684	26553
L-Tryptophan	C11H12N2O2	[M+H]+	6.8	8.8	15.0	0.2	205.0972	205.0968	-1.7	S09021	8.12	7.89	8.26	0.37	19	9083737	5837892	8084290	6004493	5743702	9301418	9425325	8148348	6863262	13721359	17123	9197	73185	7869	52112	4626	5637	8788	8270
L-Tyrosine	C9H11NO3	[M+H]+	8.2	10.2	15.0	0.2	182.0812	182.0808	-2.0	S09021	9.40	9.23	9.51	0.29	19	33043032	20244848	31940130	22024214	22271170	34207260	34933424	28450170	26488752	45578568	100613	23136	837881	18283	661084	21798	29230	43446	34932
L-Valine	C5H11NO2	[M+H]+	8.3	9.2	15.0	0.2	118.0863	118.0862	-0.5	S09021	8.90	8.75	8.95	0.20	19	69039632	56552312	73513808	46876292	57801976	75110368	78994928	69067960	70188976	97479048	1220664	920215	2897089	870556	2204684	882237	952676	962097	1069082
N6-Acetyl-L-lysine	C8H16N2O3	[M+H]+	1.9	3.9	15.0	0.2	189.1234	189.1216	-9.4	S09018	3.33	3.26	3.35	0.08	19	312875	674177	197946	101504	415365	2067850	4953222	648967	779467	1016321	123602	147837	115696	167091	121777	132305	134880	128260	133500
N-Acetylglutamic acid	C7H11NO5	[M+H]+	10.3	12.3	15.0	0.2	190.0710	190.0707	-1.6	S09021	11.48	11.23	11.68	0.45	19	3105611	2513145	3013924	2908832	3575236	2894639	3650548	3249678	4469290	4493754	9166	8737	39468	8802	40995	8094	8826	12417	11155
N-Acetylglutamine	C7H12N2O4	[M-H]-	6.8	8.8	15.0	0.2	187.0724	187.0712	-6.6	S09021	7.90	7.67	8.12	0.45	19	51326	24300	37802	31924	35622	34891	48173	34399	30237	65248	2235	2930	2874	1759	1442	1350	1482	1684	1856
N-Acetyl-L-alanine	C5H9NO3	[M+H]+	6.0	7.0	15.0	0.2	132.0655	132.0654	-0.9	S09012	6.54	6.31	6.77	0.46	19	1069945	532368	809953	632532	562569	944859	658103	606925	690367	853902	27167	42150	47991	45013	42738	56091	38592	54844	48880
N-Acetyl-L-methionine	C7H13NO3S	[M+H]+	3.0	5.0	15.0	0.2	192.0689	192.0686	-1.5	S09020	4.17	4.05	4.41	0.36	12	214699	123233	178366	90447	140647	168860	155440	110456	259576	143456	0	0	0	0	1973	0	0	0	2135
N-Acetyl-L-phenylalanine	C11H13NO3	[M+H]+	2.8	4.0	15.0	0.2	208.0968	208.0972	1.8	SQ515_Blank_5	3.60	3.45	3.63	0.18	19	77809	76328	85034	70930	61330	60130	81821	69685	109834	93066	86134	96755	84712	83023	92090	109945	70352	90529	81591
N-Acetylornithine	C7H14N2O3	[M+H]+	8.6	10.6	15.0	0.2	175.1077	175.1076	-0.7	S09012	10.51	10.29	10.56	0.27	19	26198	9989	8774	5737	6223	4221	3466	4113	5284	4529	8208	7245	6453	3285	5114	6734	7570	3727	3774
N-Acetylserine	C5H9NO4	[M-H]-	7.5	8.5	15.0	0.2	146.0459	146.0447	-8.1	S09021	8.11	8.02	8.34	0.32	19	1351488	843711	1300995	1105198	861376	1180084	1135828	969332	1099824	1803763	11461	10445	11949	6701	7383	7878	12498	12584	9897
NAD	C21H28N7O14P2	[Cat]+	9.9	11.9	15.0	0.2	664.1164	664.1133	-4.7	S09021	10.98	10.83	11.04	0.21	13	332465	104861	303718	283896	277277	353916	553066	401799	474100	986904	0	0	21156	0	8928	0	0	5466	0
NADH	C21H29N7O14P2	[M-H]-	9.5	11.5	15.0	0.2	664.1175	664.1162	-2.0	S09021	10.57	10.44	10.65	0.21	12	113718	48905	59767	75015	70565	181852	276941	199048	119975	345400	0	0	2763	0	2967	0	0	0	0
NADP	C21H29N7O17P3	[Cat]+	12.7	14.7	15.0	0.2	744.0827	744.0787	-5.4	S09012	13.87	13.69	14.02	0.33	9	16458	0	2419	2012	6936	14568	12406	0	8267	14858	0	0	0	0	0	0	2561	0	0
NADPH	C21H30N7O17P3	[M-H]-	13.0	15.0	15.0	0.2	744.0838	744.0809	-3.9	S09020	14.44	14.35	14.50	0.15	6	1760	0	1603	2075	0	0	0	0	4032	2260	0	0	0	0	0	1112	0	0	0
Niacinamide	C6H6N2O	[M+H]+	3.3	5.3	15.0	0.2	123.0553	123.0551	-1.5	S09014	4.70	4.55	4.80	0.25	19	247812816	220779760	260786192	206736032	240250480	173422032	191712432	138056592	207628256	160859616	261024	190025	571822	315128	618879	318544	171827	321589	368104
Nicotinic acid	C6H5NO2	[M-H]-	5.5	7.5	15.0	0.2	122.0248	122.0239	-7.0	SQ515_ISTD_0	7.25	7.01	7.47	0.46	19	19208	29577	22785	19258	23655	19805	13538	16709	21606	21770	21667	26852	21372	16411	14421	12548	31059	17134	14687
O-Phosphoethanolamine	C2H8NO4P	[M+H]+	11.4	13.4	15.0	0.2	142.0264	142.0262	-1.2	S09012	12.59	12.59	12.78	0.19	19	9571842	4161433	6102490	4481172	5542270	7601766	5999430	2988106	5845129	7309434	158857	17582	642577	76202	803313	104534	46744	218277	279289
Ornithine	C5H12N2O2	[M+H]+	17.0	19.0	15.0	0.2	133.0972	133.0970	-1.2	S09014	17.01	17.00	17.05	0.04	19	2939192	2531106	3488863	2366132	2845669	3464116	3261784	3032206	2593053	2734681	1213780	219615	1609912	503536	1224771	332482	571147	965452	644872
Orotic acid	C5H4N2O4	[M-H]-	6.7	8.7	15.0	0.2	155.0098	155.0090	-5.4	S09012	7.63	7.42	7.85	0.44	17	37998	18410	23530	17017	18568	15358	13796	4230	15315	5489	2697	2135	1285	2156	1807	0	2159	0	1517
Orotidylic acid	C10H13N2O11P	[M+H]+	0.0	30.0	15.0	0.2	369.0330	369.0378	13.1	SQ515_Blank_5	3.47	3.47	3.47	0.00	1	0	0	0	0	0	0	0	0	0	0	0	0	0	0	0	6447	0	0	0
Oxidized glutathione	C20H32N6O12S2	[M+H]+	13.5	15.5	15.0	0.2	613.1592	613.1583	-1.5	S09021	14.53	14.53	14.66	0.13	19	1048096	889339	1047499	887499	1198730	1269156	2762693	1164026	1305118	3401489	18364	6994	60825	17929	62931	17753	9737	26808	27437
Oxoadipic acid	C6H8O5	[M-H]-	7.5	9.5	15.0	0.2	159.0299	159.0287	-7.5	S09021	9.08	8.84	9.32	0.48	19	8212	3293	6656	5403	6558	7220	7967	6868	7727	8462	5784	2778	5838	3070	5502	2752	6516	2625	2867
Oxoglutaric acid	C5H6O5	[M-H]-	10.8	14.8	15.0	0.2	145.0142	145.0131	-7.9	S09021	12.87	12.62	12.95	0.33	19	894732	299939	290742	302583	197363	359690	724831	266337	386667	1085273	35855	32758	35940	39357	35907	32643	30263	30400	34097
Palmitic acid	C16H32O2	[M-H]-	1.6	3.6	15.0	0.2	255.2330	255.2322	-3.0	S09021	2.95	2.93	3.02	0.09	19	21525510	17983484	17141634	9683859	13815703	30083154	23663318	25235216	16240514	53318348	15604261	16932926	13936874	14736399	14794286	14702808	14148474	12076899	11290231
Pantothenic acid	C9H17NO5	[M+H]+	5.1	7.1	15.0	0.2	220.1180	220.1176	-1.6	S09021	6.25	6.03	6.47	0.44	19	40755160	41103604	67598480	33861844	52682724	48944844	74228832	54108588	56941324	88123976	8829	6763	51029	6931	43324	8240	4422	6688	5923
Phenol	C6H6O	[M-H]-	2.1	4.1	15.0	0.2	93.0346	93.0332	-14.9	SQ515_Blank_3	3.53	3.49	3.60	0.11	19	407028	543631	663393	509162	473823	633208	833074	806072	542345	839076	606766	834598	898679	1000887	905452	904991	639429	881156	940317
Phosphocreatine	C4H10N3O5P	[M-H]-	11.2	13.2	15.0	0.2	210.0285	210.0278	-3.5	S09021	12.33	12.19	12.57	0.38	15	171384	192412	39161	44989	76876	71412	248103	113422	231671	260105	0	0	8602	0	5369	0	1495	1460	1735
Phosphoenolpyruvic acid	C3H5O6P	[M-H]-	13.6	15.6	15.0	0.2	166.9751	166.9741	-6.0	S09017	14.86	14.78	14.89	0.11	18	326562	70805	91822	85529	102201	337100	335034	89922	169376	239931	3222	0	26153	9426	26188	6124	2692	11566	6278
Phosphoribosyl pyrophosphate	C5H13O14P3	[M-H]-	15.0	18.0	15.0	0.2	388.9445	388.9389	-14.5	S09014	17.26	17.26	17.26	0.00	1	0	0	1187	0	0	0	0	0	0	0	0	0	0	0	0	0	0	0	0
Phosphorylcholine	C5H14NO4P	[M+H]+	10.0	13.0	15.0	0.2	184.0733	184.0728	-2.8	S09012	11.55	11.52	11.69	0.17	19	496861120	294271712	443375104	326147744	359408736	331658912	401768704	288157792	323633728	388364256	4045299	50062	19850316	370296	25298714	428133	225951	2428960	2695280
Phosphoserine	C3H8NO6P	[M+H]+	11.5	13.5	15.0	0.2	186.0162	186.0162	-0.0	S09019	11.71	11.71	11.83	0.12	2	0	0	0	0	0	0	0	32127	0	0	0	0	0	0	0	0	1505	0	0
Pipecolic acid	C6H11NO2	[M+H]+	7.5	9.5	15.0	0.2	130.0863	130.0861	-1.2	S09012	8.67	8.44	8.85	0.41	19	4093116	1869388	1809879	2149684	995993	2117936	2207359	1947376	1833820	3246346	71208	56907	82898	59826	96949	53553	71695	60138	59888
Propionylcarnitine	C10H19NO4	[M+H]+	5.2	7.2	15.0	0.2	218.1387	218.1383	-1.8	S09012	6.33	6.14	6.56	0.43	19	16441325	6338510	12890890	11568169	5427207	7749154	7614718	7518942	6725492	12132542	13110	19134	23511	10238	28597	9106	11893	11034	7911
Pyruvic acid	C3H4O3	[M-H]-	5.5	7.5	15.0	0.2	87.0088	87.0075	-14.6	S09018	6.18	5.98	6.33	0.35	19	589807	150463	195266	86852	55639	70421	1052524	74604	59411	982488	51112	32682	47284	32047	32024	39200	44371	36423	30153
Ribose 1-phosphate	C5H11O8P	[M-H]-	11.0	12.4	15.0	0.2	229.0119	229.0112	-3.0	S09014	12.08	11.91	12.25	0.34	19	146356	141948	175099	70891	112437	119818	75980	61759	84450	96180	2698	1537	8958	2329	11465	1685	1288	5483	6758
Saccharopine	C11H20N2O6	[M-H]-	11.0	14.0	15.0	0.2	275.1249	275.1244	-1.7	S09012	12.49	12.25	12.61	0.35	14	170362	62515	112456	98639	64945	48588	70747	47645	39007	120107	0	0	5497	0	9120	0	1389	0	1584
S-Adenosylhomocysteine	C14H20N6O5S	[M-H]-	8.6	10.6	15.0	0.2	383.1143	383.1133	-2.6	S09012	9.71	9.52	9.94	0.42	14	45403	25289	42345	27893	30130	35797	27754	18931	25434	34595	2078	0	1775	0	1572	1275	0	0	0
S-Adenosylmethionine	C15H22N6O5S	[M+H]+	10.7	12.7	15.0	0.2	399.1445	399.1425	-5.1	S09021	12.10	11.95	12.22	0.27	18	564745	266119	444809	305259	407907	364274	406216	133916	277169	566429	14852	2271	21601	0	26643	2848	3790	9194	9536
Sarcosine	C3H7NO2	[M+H]+	11.2	12.0	15.0	0.2	90.0550	90.0553	3.8	S09021	11.21	11.20	11.44	0.23	19	4008691	2933930	6220392	5331256	10603480	9425472	5030046	14554726	7710022	19205220	175372	112518	651265	111745	838312	115227	121910	130201	129948
Succinic acid	C4H6O4	[M-H]-	11.3	13.3	15.0	0.2	117.0193	117.0180	-11.4	S09012	12.32	12.30	12.46	0.16	19	3747668	2766895	3132506	3009917	3409822	3065370	2901708	2500445	2453209	3484746	158521	149194	244610	219139	252123	190529	99039	135555	149722
Taurine	C2H7NO3S	[M-H]-	10.2	12.2	15.0	0.2	124.0074	124.0061	-10.4	S09021	11.42	11.24	11.42	0.17	19	4448018	3101364	2640235	2842524	1856304	4162665	4358871	3183989	4273864	4475948	13239	2127	26705	2472	30895	2399	1869	2118	2499
Thymidine	C10H14N2O5	[M-H]-	3.5	5.5	15.0	0.2	241.0830	241.0830	0.0	S09013	4.78	4.62	4.97	0.35	19	6597	8106	3778	2523	3464	3254	8070	2779	3860	7241	1908	2924	2898	3473	2114	2506	6764	3374	2324
Uracil	C4H4N2O2	[M+H]+	5.4	7.4	15.0	0.2	113.0346	113.0348	2.2	S09012	6.73	6.48	6.95	0.47	19	86517	52681	78546	47790	69022	51385	44178	41233	39470	51293	8798	4307	6556	9132	7672	7432	4342	4478	6690
Ureidopropionic acid	C4H8N2O3	[M-H]-	10.4	12.4	15.0	0.2	131.0462	131.0450	-9.3	S09021	11.53	11.34	11.71	0.37	19	1101983	1077611	1117847	1111917	1171032	673023	1301302	1247519	838526	1780703	12490	2110	49308	1658	43479	2148	2426	2626	6150
Ureidosuccinic acid	C5H8N2O5	[M-H]-	12.8	14.8	15.0	0.2	175.0360	175.0348	-7.1	S09012	13.84	13.59	13.94	0.35	10	5848	2127	1485	2019	1743	2027	1892	0	1466	1727	0	0	0	0	0	1234	0	0	0
Uric acid	C5H4N4O3	[M+H]+	8.8	10.8	15.0	0.2	169.0356	169.0363	4.0	SQ515_ISTD_0	10.66	10.43	10.66	0.23	4	0	0	0	0	0	0	2813	0	0	0	0	0	0	0	0	0	5052	2976	4417
Uridine	C9H12N2O6	[M-H]-	5.5	7.5	15.0	0.2	243.0623	243.0617	-2.3	S09012	6.69	6.47	6.86	0.39	19	853139	515550	688239	366514	368253	401854	360705	271887	404909	417224	2609	6104	7192	4989	7105	5419	1802	4945	5374
Uridine 5'-diphosphate	C9H14N2O12P2	[M+H]+	12.4	14.4	15.0	0.2	405.0095	405.0070	-6.1	S09021	13.46	13.43	13.61	0.18	11	27297	7925	20307	14553	13708	27105	22059	13271	17925	33405	0	0	1696	0	0	0	0	0	0
Uridine 5'-monophosphate	C9H13N2O9P	[M-H]-	11.2	13.2	15.0	0.2	323.0286	323.0281	-1.5	S09012	12.14	12.14	12.29	0.15	19	3678906	1580941	2944668	2053050	2036155	2595074	2840270	1975932	2164303	3260282	14713	2173	107262	6459	72746	6621	2656	12482	12986
Uridine diphosphate glucose	C15H24N2O17P2	[M-H]-	12.4	14.4	15.0	0.2	565.0478	565.0463	-2.6	S09021	13.51	13.40	13.53	0.13	12	358822	87030	236918	196872	100636	258216	261095	170360	204870	434484	0	0	5975	0	9035	0	0	0	0
Uridine diphosphate-N-acetylglucosamine	C17H27N3O17P2	[M+H]+	11.2	13.2	15.0	0.2	608.0889	608.0853	-5.8	S09021	12.36	12.25	12.42	0.17	12	182302	99071	188100	109293	133963	175193	175148	124197	138365	242253	0	0	3623	0	2521	0	0	0	0
Uridine triphosphate	C9H15N2O15P3	[M-H]-	15.0	18.0	15.0	0.2	482.9613	482.9590	-4.7	S09012	16.66	16.52	16.84	0.32	6	5932	0	1502	1147	0	0	0	1158	0	1234	0	0	0	1245	0	0	0	0	0
Valerylcarnitine	C12H23NO4	[M+H]+	3.6	5.7	15.0	0.2	246.1700	246.1693	-2.8	S09021	5.15	4.92	5.28	0.36	19	9096862	4545344	8860404	8999769	3862454	6096324	7661336	6626929	4512698	11289602	3362	4610	9396	3659	9743	2999	4625	4315	5167
Xanthine	C5H4N4O2	[M-H]-	7.5	9.4	15.0	0.2	151.0261	151.0250	-7.6	S09012	8.51	8.36	8.64	0.28	19	2404869	1510927	2072633	1510266	1366762	1454684	1444123	1565952	1496710	1888183	10120	6224	10861	6001	13298	6764	6215	6953	6533
Xanthosine	C10H12N4O6	[M-H]-	6.7	8.7	15.0	0.2	283.0684	0.0000	0.0		0.00	0.00	0.00	0.00	0	0	0	0	0	0	0	0	0	0	0	0	0	0	0	0	0	0	0	0
Xanthylic acid	C10H13N4O9P	[M-H]-	11.0	13.0	15.0	0.2	363.0347	363.0312	-9.8	S09020	11.15	11.15	11.15	0.00	1	0	0	0	0	0	0	0	0	4122	0	0	0	0	0	0	0	0	0	0
