Skeleton_Metabolite	Metabolite	Formula	Ion Type	RT Start (min)	RT End (min)	m/z Tolerance (ppm)	RT Tolerance (min)	mz	obs_mz	ppm	winner	RT	RT_min	RT_max	RT_range	detections	S09190	S09191	S09192	S09193	S09194	S09195	S09196	S09197	S09198	SQ530_Blank_0	SQ530_Blank_1	SQ530_Blank_2	SQ530_Blank_3	SQ530_Blank_4	SQ530_Blank_5	SQ530_ISTD_0	SQ530_ISTD_1	SQ530_ISTD_2
1-Methylnicotinamide	1         1-Methylnicotinamide	C7H8N2O	[M+H]+	19.0	21.0	15.0	0.2	137.0709	137.0707	-1.7	SQ530_Blank_0	19.3	19.06	19.55	0.49	18	6973	4974	7693	9938	5851	7952	6039	5683	9568	14188	7972	5104	7391	5566	6859	8871	6152	3452
2,3-Diphosphoglyceric acid	2         2,3-Diphosphoglyceric acid	C3H8O10P2	[M-H]-	12.0	15.0	15.0	0.2	264.952	264.9499	-7.9	SQ530_Blank_5	14.96	14.84	14.99	0.16	8	0	0	0	0	0	2870	0	0	0	1742	0	2280	2637	1201	6690	1784	1148	0
3-Hydroxybutyric acid	3         3-Hydroxybutyric acid	C4H8O3	[M-H]-	5.7	7.7	15.0	0.2	103.0401	103.0388	-12.3	S09194	7.41	7.32	7.65	0.33	18	1925403	1988801	1966183	1992092	2001793	1868714	1868157	1802422	1940056	1638470	1632202	1707951	1699677	1707809	1719238	1623593	1691456	1721683
3-Phosphoglyceric acid	4         3-Phosphoglyceric acid	C3H7O7P	[M-H]-	13.0	15.0	15.0	0.2	184.9857	184.9849	-4.1	S09195	14.79	14.66	14.98	0.32	18	7268	7087	8440	16519	11788	40346	16609	4134	12343	1535	1118	2360	1803	2394	1504	1345	1905	1687
4,5-Dihydroorotic acid	5         4,5-Dihydroorotic acid	C5H6N2O4	[M-H]-	7.5	9.5	15.0	0.2	157.0255	157.0249	-3.7	S09198	8.59	8.42	8.78	0.37	16	9084	7473	10219	9136	9771	8601	5398	9361	13054	2184	1403	0	1719	1609	1270	1714	0	1898
4-Hydroxyproline	6         4-Hydroxyproline	C5H9NO3	[M+H]+	10.2	11.2	15.0	0.2	132.0655	132.0661	4.4	S09192	10.85	10.78	10.93	0.15	18	676894	865509	1047665	787843	816978	980474	1007944	785694	893430	127291	25475	123807	18925	68826	14432	43432	32144	16885
5'-Methylthioadenosine	7         5'-Methylthioadenosine	C11H15N5O3S	[M+H]+	3.0	5.0	15.0	0.2	298.0968	298.0965	-1.1	S09195	4.33	4.17	4.46	0.3	18	696831	1503087	2047518	1846815	1447051	2773152	2626496	1669366	2296880	7810	2598	11584	1700	7922	1860	2684	3301	2469
5-Phosphoribosylamine	8         5-Phosphoribosylamine	C5H12NO7P	[M-H]-	11.5	13.5	15.0	0.2	228.0279	228.0267	-5.1	S09196	13.0	13.0	13.08	0.08	3	0	0	0	0	0	4003	6193	0	2632	0	0	0	0	0	0	0	0	0
6-Phosphogluconic acid	9         6-Phosphogluconic acid	C6H13O10P	[M-H]-	14.0	17.0	15.0	0.2	275.0174	275.0167	-2.4	S09195	15.34	15.3	15.58	0.28	9	0	0	3306	2115	0	13488	0	0	0	1327	1173	1786	1567	1315	0	0	1206	0
Acetoacetic acid	10         Acetoacetic acid	C4H6O3	[M-H]-	8.3	10.3	15.0	0.2	101.0244	101.0233	-11.1	S09193	9.94	9.74	10.18	0.45	18	91619	110300	97640	145633	119737	135244	109581	88940	102433	25625	21054	61477	33350	48120	27741	21320	42031	34399
Acetyl-CoA	11         Acetyl-CoA	C23H38N7O17P3S	[M+H]+	8.0	11.0	15.0	0.2	810.1331	810.1438	13.3	S09196	8.8	8.8	8.8	0.0	1	0	0	0	0	0	0	7263	0	0	0	0	0	0	0	0	0	0	0
Acetylcysteine	12         Acetylcysteine	C5H9NO3S	[M+H]+	6.0	8.0	15.0	0.2	164.0376	164.0381	3.1	S09193	7.2	7.03	7.23	0.21	11	95203	152445	171255	257765	137116	221391	156072	178789	157420	1627	0	0	0	0	0	0	1994	0
Adenine	13         Adenine	C5H5N5	[M+H]+	5.0	7.0	15.0	0.2	136.0618	136.0617	-0.5	S09196	6.33	6.1	6.39	0.29	18	16259498	25201638	28156822	28151896	20872244	29087894	33201872	19688840	23345924	762359	667638	655792	626668	658095	621847	719130	639632	613544
Adenosine	14         Adenosine	C10H13N5O4	[M+H]+	4.5	7.0	15.0	0.2	268.10400000000004	268.1038	-0.9	S09196	5.99	5.84	6.1	0.26	18	25351948	42133784	26670592	40911804	34938028	19464416	65012204	37852196	27819482	49187	17172	72078	20413	62071	22733	20948	23359	18230
Adenosine diphosphate ribose	15         Adenosine diphosphate ribose	C15H23N5O14P2	[M-H]-	10.9	12.9	15.0	0.2	558.0644	558.0643	-0.2	S09192	12.02	12.02	12.16	0.13	10	6972	14258	31551	24888	8848	28702	21753	7851	14325	0	0	0	0	1569	0	0	0	0
Adenosine monophosphate	16         Adenosine monophosphate	C10H14N5O7P	[M+H]+	9.8	11.8	15.0	0.2	348.0704	348.0686	-5.1	S09193	11.04	10.84	11.04	0.2	18	114598	274424	260635	294607	116862	265249	30682	29107	250521	18884	7672	46309	11977	30879	10335	9641	18505	14957
Adenosine triphosphate	17         Adenosine triphosphate	C10H16N5O13P3	[M-H]-	12.5	14.5	15.0	0.2	505.9885	505.9885	0.0	S09196	14.07	14.06	14.31	0.24	18	21923	39765	32069	53000	29265	51688	63410	33762	46029	8485	2867	19199	7326	11097	6016	5357	10914	7619
Adenylsuccinic acid	18         Adenylsuccinic acid	C14H18N5O11P	[M-H]-	14.5	16.5	15.0	0.2	462.0668	462.0646	-4.7	SQ530_ISTD_0	16.49	16.49	16.49	0.0	1	0	0	0	0	0	0	0	0	0	0	0	0	0	0	0	1421	0	0
ADP	19         ADP	C10H15N5O10P2	[M-H]-	11.1	13.1	15.0	0.2	426.0221	426.0208	-3.2	S09195	12.56	12.48	12.61	0.13	18	44244	51424	29839	72885	53543	91215	66212	38021	64951	11179	6312	35935	16236	28159	14097	9908	22403	17160
Allantoin	20         Allantoin	C4H6N4O3	[M-H]-	9.3	11.3	15.0	0.2	157.0367	157.0361	-3.9	S09197	10.4	10.38	10.47	0.09	10	21376	28825	23860	21673	23964	23974	35266	37202	26125	0	1468	0	0	0	0	0	0	0
Aminoadipic acid	21         Aminoadipic acid	C6H11NO4	[M-H]-	5.9	7.9	15.0	0.2	160.0615	160.0607	-5.2	S09195	7.04	6.88	7.22	0.35	18	742392	1060873	1429260	1342694	1153650	1840811	1466279	1212977	1407958	11307	6267	8441	8499	11340	6416	9954	7446	7104
Argininosuccinic acid	22         Argininosuccinic acid	C10H18N4O6	[M-H]-	12.5	14.5	15.0	0.2	289.1154	289.1148	-1.9	S09196	13.75	13.69	13.86	0.16	11	7067	8504	9938	10726	8616	18863	56743	33117	48657	1308	0	1469	0	0	0	0	0	0
Beta-Alanine	23         Beta-Alanine	C3H7NO2	[M+H]+	9.8	10.5	15.0	0.2	90.055	90.0556	7.2	S09193	10.36	10.28	10.41	0.14	18	329600	325932	364121	474096	334952	347633	365492	305142	321970	150852	131281	163043	141324	150280	136784	149427	161741	151450
Betaine	24         Betaine	C5H11NO2	[M+H]+	7.0	8.2	15.0	0.2	118.0863	118.0864	1.2	S09195	7.9	7.74	8.1	0.36	18	26708842	32589060	35277420	35828344	31241926	39124040	38536012	32842210	34507180	1055044	767064	1072767	788531	959051	810498	775755	749553	755478
Butyrylcarnitine	25         Butyrylcarnitine	C11H21NO4	[M+H]+	4.2	6.2	15.0	0.2	232.1543	232.1543	-0.2	S09195	5.71	5.47	5.93	0.46	18	1112232	1834422	2242588	2344046	1751426	2933315	2856718	1796824	2315923	10011	5891	5658	2867	3635	2731	5614	2661	2688
Carbamoyl phosphate	26         Carbamoyl phosphate	CH4NO5P	[M-H]-	27.0	30.0	15.0	0.2	139.9754	139.9749	-3.8	S09194	27.31	27.09	27.5	0.41	18	3276	2136	2115	4356	5037	3852	4245	4498	2067	1895	1689	1803	1211	1662	2273	2015	1841	2272
Carnosine	27         Carnosine	C9H14N4O3	[M+H]+	10.6	12.6	15.0	0.2	227.1139	227.1122	-7.3	S09190	11.9	11.67	12.12	0.45	7	42135	0	0	0	0	0	0	0	0	3130	1724	0	3033	0	2862	2419	3661	0
CDP	28         CDP	C9H15N3O11P2	[M+H]+	13.0	15.0	15.0	0.2	404.0255	404.0258	0.8	S09198	14.38	14.31	14.55	0.23	13	2310	3309	1994	3821	3508	6467	4595	2558	6552	0	0	2643	0	2026	1617	0	2139	0
Choline	29         Choline	C5H14NO	[Cat]+	11.0	15.0	15.0	0.2	104.10700000000001	104.1074	3.9	S09195	14.04	14.04	14.22	0.18	18	115059616	124910208	131269152	137897744	125723368	163344592	146746464	107011584	134810864	17522408	3349662	22708362	4774376	21030314	4622318	6792034	8249005	7943984
cis-Aconitic acid	30         cis-Aconitic acid	C6H6O6	[M-H]-	14.1	16.1	15.0	0.2	173.0092	173.0083	-5.0	S09196	15.33	15.25	15.38	0.13	18	2621500	3199978	3386901	4383227	3075470	4408516	6663232	4442668	6280930	271641	42030	788123	82112	472306	65829	91033	165718	98195
Citric acid	31         Citric acid	C6H8O7	[M-H]-	14.2	16.2	15.0	0.2	191.0197	191.0191	-3.3	S09196	15.39	15.28	15.62	0.35	18	95491	192203	105378	709935	200784	1074635	1104618	409391	1022127	131285	72793	144096	89403	122115	63192	91566	86741	79125
Citrulline	32         Citrulline	C6H13N3O3	[M+H]+	10.9	12.9	15.0	0.2	176.10299999999995	176.1029	-0.4	S09195	12.21	12.1	12.24	0.14	18	751697	561590	473597	3529372	530744	15833396	232399	260649	225963	119952	70199	338515	119743	123071	81166	111939	89405	72409
Creatine	33         Creatine	C4H9N3O2	[M+H]+	10.0	11.5	15.0	0.2	132.0768	132.0767	-0.4	S09196	10.96	10.88	10.96	0.08	18	150419264	174162800	188712208	199487184	175832224	225026064	229429264	178608800	204384832	9468035	502326	13914363	609201	12082580	228243	1312917	1338440	656125
Creatinine	34         Creatinine	C4H7N3O	[M+H]+	5.2	7.2	15.0	0.2	114.0662	114.0665	2.7	S09190	6.54	6.52	6.62	0.1	18	6828964	3526737	4573870	4309227	3593546	6506322	4610216	3533402	4009428	1010921	474054	376894	383130	252297	132394	877591	417369	166029
Cyclic AMP	35         Cyclic AMP	C10H12N5O6P	[M-H]-	5.8	7.8	15.0	0.2	328.0452	328.0441	-3.5	S09195	7.04	6.89	7.04	0.15	9	10836	6684	16708	15508	12625	18128	17182	14512	13517	0	0	0	0	0	0	0	0	0
Cytidine	36         Cytidine	C9H13N3O5	[M+H]+	7.1	9.1	15.0	0.2	244.0928	244.0927	-0.4	S09195	8.49	8.41	8.72	0.31	18	103697	212378	121712	233866	149148	4807023	912246	237084	132736	14165	11081	13382	11720	13224	11925	13617	12749	12290
Cytidine monophosphate	37         Cytidine monophosphate	C9H14N3O8P	[M+H]+	11.8	13.8	15.0	0.2	324.0591	324.0567	-7.5	S09195	12.55	12.49	12.74	0.25	16	21553	27048	24921	32391	27118	45617	42436	27720	28402	1943	0	2265	1835	2709	1604	1577	1673	0
Cytidine triphosphate	38         Cytidine triphosphate	C9H16N3O14P3	[M-H]-	15.0	20.0	15.0	0.2	481.9772	481.9772	-0.1	S09195	16.55	16.41	16.79	0.38	11	4371	1900	1322	2400	1995	6149	4342	1484	3735	0	0	2196	0	1473	0	0	0	0
Cytosine	39         Cytosine	C4H5N3O	[M+H]+	9.0	11.0	15.0	0.2	112.0505	112.0509	3.2	S09195	9.35	9.1	9.59	0.49	18	69204	52715	52792	53831	72864	87590	60054	48417	67611	64615	39745	36416	44087	40978	34527	45434	47886	38995
D-2-Hydroxyglutaric acid	40         D-2-Hydroxyglutaric acid	C5H8O5	[M-H]-	11.6	13.6	15.0	0.2	147.0299	147.0289	-6.8	S09196	12.56	12.36	12.64	0.28	18	648087	886967	1105866	1302175	1041870	1588352	4405415	2849337	3546333	41984	28321	36769	28055	35711	25170	30900	31656	26024
D-Glucose	41         D-Glucose	C6H12O6	[M-H]-	9.0	11.0	15.0	0.2	179.0561	179.0553	-4.5	S09195	11.02	10.77	11.03	0.26	18	13571387	15191066	19322880	17496420	16404799	20517378	19872596	16799792	18797498	1161183	21438	1539049	41494	1383346	28551	36225	67835	34520
D-Glyceraldehyde 3-phosphate	42         D-Glyceraldehyde 3-phosphate	C3H7O6P	[M-H]-	13.0	14.0	15.0	0.2	168.9908	168.9903	-2.7	S09193	13.46	13.32	13.64	0.32	12	2602	4418	2839	10213	3007	3259	2036	4580	2197	1576	0	1266	0	1990	0	0	0	0
Dihydrofolic acid	43         Dihydrofolic acid	C19H21N7O6	[M+H]+	13.0	16.0	15.0	0.2	444.1626	444.1619	-1.6	S09196	13.36	13.14	13.36	0.21	2	0	0	0	0	0	0	2460	0	0	0	0	1557	0	0	0	0	0	0
Dihydroxyacetone phosphate	44         Dihydroxyacetone phosphate	C3H7O6P	[M-H]-	12.0	13.0	15.0	0.2	168.9908	168.99	-4.4	S09195	12.6	12.49	12.66	0.18	17	79909	151295	168670	226576	148612	271372	165205	90656	145496	5751	0	16291	1142	10229	1389	1734	2501	1847
D-Ribose 5-phosphate	45         D-Ribose 5-phosphate	C5H11O8P	[M-H]-	12.4	13.8	15.0	0.2	229.0119	229.0105	-6.0	S09195	12.93	12.88	13.1	0.22	17	31148	45577	40980	93005	69127	233703	51027	42972	38067	5029	0	10091	1865	6538	1893	1648	2479	2407
D-Sedoheptulose 7-phosphate	46         D-Sedoheptulose 7-phosphate	C7H15O10P	[M-H]-	12.2	14.2	15.0	0.2	289.033	289.0317	-4.5	S09196	13.41	13.37	13.5	0.13	13	19148	20329	24697	30448	17479	39671	42906	27184	33467	1791	0	6223	0	6499	0	0	2196	0
dTDP	47         dTDP	C10H16N2O11P2	[M-H]-	11.0	13.0	15.0	0.2	401.0157	401.0139	-4.4	S09193	12.22	12.16	12.42	0.26	4	1383	1932	0	2924	0	0	0	0	0	0	0	0	0	2229	0	0	0	0
FAD	48         FAD	C27H33N9O15P2	[M+H]+	7.6	9.6	15.0	0.2	786.1644	786.1673	3.7	S09193	8.15	8.01	8.34	0.34	3	0	0	0	31893	0	0	9579	0	0	0	0	0	0	3621	0	0	0	0
Folic acid	49         Folic acid	C19H19N7O6	[M+H]+	13.0	16.0	15.0	0.2	442.147	442.1466	-0.8	S09196	14.14	14.14	14.26	0.11	12	59337	110743	121368	114533	105036	150367	159157	88539	108510	7167	0	12408	0	7891	0	0	0	0
Fructose 1,6-bisphosphate	50         Fructose 1,6-bisphosphate	C6H14O12P2	[M-H]-	14.1	16.1	15.0	0.2	338.9888	338.9922	10.1	S09196	15.33	15.33	15.53	0.2	3	0	0	0	0	1245	0	2576	0	0	0	0	0	0	0	1388	0	0	0
Fructose 6-phosphate	51         Fructose 6-phosphate	C6H13O9P	[M-H]-	12.6	13.5	15.0	0.2	259.0224	259.0223	-0.6	S09195	13.14	13.03	13.38	0.35	18	81197	124112	104465	178023	134126	264854	157833	81297	122811	11354	2911	34158	7646	20523	2969	5913	9976	8225
Fumaric acid	52         Fumaric acid	C4H4O4	[M-H]-	12.2	14.2	15.0	0.2	115.0037	115.0025	-10.3	S09196	13.34	13.28	13.4	0.13	18	1289357	1586562	1901462	2440619	1717420	4549376	9587739	7340844	8993491	29639	9136	110034	18349	48682	14708	13690	26585	17886
Glucose 6-phosphate	53         Glucose 6-phosphate	C6H13O9P	[M-H]-	13.6	14.4	15.0	0.2	259.0224	259.0223	-0.6	S09195	14.05	13.95	14.08	0.14	18	293965	492685	452541	576833	441372	874516	571215	349059	734045	37427	7538	92443	12545	57721	9138	15293	26753	22251
Glutathione	54         Glutathione	C10H17N3O6S	[M+H]+	10.0	13.0	15.0	0.2	308.0911	308.0894	-5.5	S09197	11.47	11.47	11.7	0.24	11	0	0	0	0	33296	0	0	967161	73463	0	1854	4870	2690	5446	6821	1915	5362	3754
Glycerol 3-phosphate	55         Glycerol 3-phosphate	C3H9O6P	[M-H]-	11.5	13.0	15.0	0.2	171.0064	171.0057	-4.1	S09195	12.18	12.08	12.38	0.3	18	660813	1028120	964804	1479194	1101668	2395761	1264464	724946	1163591	79412	24734	186908	28446	118633	25233	27310	45794	36817
Glycine	56         Glycine	C2H5NO2	[M+H]+	10.7	12.7	15.0	0.2	76.0393	76.0399	7.8	S09195	11.98	11.9	11.99	0.08	18	8711905	11479722	12428598	11388022	10158343	13133003	12438314	11043863	12364159	1164575	33144	1593378	72609	1352918	53186	94475	156006	123967
Guanidoacetic acid	57         Guanidoacetic acid	C3H7N3O2	[M+H]+	10.7	12.7	15.0	0.2	118.0611	118.0615	3.4	S09195	12.01	11.88	12.01	0.14	18	191998	169235	182285	221459	163569	387397	217318	171691	233209	48941	20624	38202	12498	30340	11150	26769	12930	10763
Guanine	58         Guanine	C5H5N5O	[M+H]+	7.7	9.7	15.0	0.2	152.0567	152.0545	-14.4	S09193	7.93	7.76	8.14	0.38	15	0	190258	0	659372	62440	519946	545243	199366	0	94208	15614	117898	11630	15086	16579	17557	16182	19570
Guanosine	59         Guanosine	C10H13N5O5	[M+H]+	7.7	9.7	15.0	0.2	284.0989	284.0972	-6.1	S09196	9.14	8.9	9.29	0.4	18	119719	196161	148589	203083	198038	148931	268149	229712	144249	12461	9156	12895	7631	13116	7747	8008	8307	8850
Guanosine diphosphate	60         Guanosine diphosphate	C10H15N5O11P2	[M-H]-	13.8	15.8	15.0	0.2	442.0171	442.0161	-2.2	S09195	15.4	15.25	15.62	0.36	15	2975	1604	1505	4123	2681	5990	3078	1157	4215	1592	0	2073	1301	1501	0	0	1964	1146
Guanosine monophosphate	61         Guanosine monophosphate	C10H14N5O8P	[M+H]+	12.6	14.6	15.0	0.2	364.0653	364.0627	-7.1	S09193	13.82	13.77	14.03	0.26	18	3461	9985	8511	13863	4840	8532	3372	2489	13025	2473	1327	2176	2151	1769	2038	2264	2615	1941
Guanosine triphosphate	62         Guanosine triphosphate	C10H16N5O14P3	[M-H]-	15.0	17.0	15.0	0.2	521.9834	521.9857	4.4	S09196	16.96	16.88	16.96	0.08	3	0	1091	0	0	0	1295	1420	0	0	0	0	0	0	0	0	0	0	0
Homocysteine	63         Homocysteine	C4H9NO2S	[M-H]-	7.3	9.3	15.0	0.2	134.0281	134.0262	-14.4	SQ530_Blank_1	7.48	7.48	7.48	0.0	1	0	0	0	0	0	0	0	0	0	0	1718	0	0	0	0	0	0	0
Hypotaurine	64         Hypotaurine	C2H7NO2S	[M+H]+	10.0	12.0	15.0	0.2	110.027	110.0274	3.4	S09195	11.25	11.23	11.4	0.16	12	370668	395318	550540	641354	366178	654660	408947	381266	653964	40607	0	29219	0	14895	0	0	0	0
Hypoxanthine	65         Hypoxanthine	C5H4N4O	[M+H]+	5.8	7.8	15.0	0.2	137.0458	137.0457	-0.6	S09195	7.11	6.9	7.28	0.38	18	96359	75232	60480	172525	69375	36108704	119120	81935	71604	34627	20119	24368	22385	20135	20411	32436	22112	30170
Inosine	66         Inosine	C10H12N4O5	[M+H]+	6.4	8.4	15.0	0.2	269.08799999999997	269.0867	-5.0	S09195	7.72	7.5	7.91	0.41	17	111068	122103	126569	140589	113609	681882	171881	143973	133165	3349	2727	3984	2261	3710	2183	2620	3519	0
Inosinic acid	67         Inosinic acid	C10H13N4O8P	[M+H]+	11.4	13.4	15.0	0.2	349.0544	349.0518	-7.4	S09191	12.18	12.18	12.18	0.0	1	0	7342	0	0	0	0	0	0	0	0	0	0	0	0	0	0	0	0
L-Acetylcarnitine	68         L-Acetylcarnitine	C9H17NO4	[M+H]+	6.3	8.3	15.0	0.2	204.123	204.1229	-0.7	S09195	7.64	7.5	7.67	0.17	18	5997934	7497806	8608883	10796484	8467374	11496819	3052405	1551751	1769404	35098	14383	37246	11356	27142	10273	17216	12227	11993
L-Alanine	69         L-Alanine	C3H7NO2	[M+H]+	10.6	11.2	15.0	0.2	90.055	90.0555	6.0	S09195	11.1	11.0	11.1	0.1	18	4878953	5256474	5416003	7151127	5443086	19061234	4390061	3456097	4041222	531713	206617	653456	224635	554853	212645	227019	203289	181666
L-Arginine	70         L-Arginine	C6H14N4O2	[M+H]+	18.5	21.0	15.0	0.2	175.11900000000003	175.1189	-0.3	S09191	19.49	19.44	19.59	0.15	18	98913576	110596264	93825152	109913440	102253640	103511040	108727384	74668792	109121800	40430456	24254740	63525004	33856136	64493996	31711768	31229738	43622368	43627684
L-Asparagine	71         L-Asparagine	C4H8N2O3	[M+H]+	10.3	12.3	15.0	0.2	133.0608	133.0609	1.0	S09196	11.62	11.48	11.68	0.2	18	295477	338066	385123	462745	439397	1030582	1107928	926297	1074808	40599	8655	53437	8791	41627	7238	13126	15741	11355
L-Aspartic acid	72         L-Aspartic acid	C4H7NO4	[M-H]-	10.8	12.8	15.0	0.2	132.0302	132.0291	-8.6	S09196	12.05	11.92	12.09	0.17	18	13356314	15692725	16806956	17417370	14968908	15250917	37506916	31578560	36945512	825639	23600	1819014	51600	1275216	35839	78701	122804	89810
L-Carnitine	73         L-Carnitine	C7H16NO3	[Cat]+	8.3	10.3	15.0	0.2	162.1125	162.1124	-0.4	S09196	9.72	9.63	9.74	0.12	18	19673710	29874924	34420632	34776344	27522494	41303960	46803580	31692304	38327672	518082	58451	676146	67597	575076	53480	91689	96775	47643
L-Cystathionine	74         L-Cystathionine	C7H14N2O4S	[M+H]+	12.2	14.2	15.0	0.2	223.0747	223.0747	-0.0	S09196	13.46	13.4	13.54	0.14	17	69825	84939	89369	146562	79357	138044	195100	98605	148818	7090	0	14748	1903	12443	1661	2078	2635	2495
L-Cysteine	75         L-Cysteine	C3H7NO2S	[M+H]+	13.0	17.0	15.0	0.2	122.027	122.0272	1.4	S09191	14.1	13.92	14.22	0.29	10	6892	10514	7519	8610	5508	9469	0	3057	7432	0	0	1510	1345	0	0	0	0	0
L-Cystine	76         L-Cystine	C6H12N2O4S2	[M-H]-	11.7	13.7	15.0	0.2	239.0166	239.0163	-1.2	S09192	12.93	12.83	12.95	0.12	18	340929	561551	825225	233902	143976	203740	162077	108146	152598	26282	16008	33613	15136	30827	15690	16415	22124	20319
L-Glutamic acid	77         L-Glutamic acid	C5H9NO4	[M+H]+	10.0	13.0	15.0	0.2	148.0604	148.0603	-0.9	S09195	11.79	11.61	11.79	0.18	18	155652624	185090544	204696352	203994544	184163088	234216128	215350720	183725184	199651200	16804890	1041776	23859220	1735390	21417280	1261270	1848308	3379522	2278961
L-Glutamine	78         L-Glutamine	C5H10N2O3	[M+H]+	10.1	12.1	15.0	0.2	147.0764	147.0763	-0.8	S09196	11.43	11.33	11.45	0.13	18	987509632	1187409280	1204924288	1228807552	1118130176	1358784256	1383364096	1188801024	1207392640	180595824	2377264	232189168	9118752	213414128	5611846	13624382	23904456	18618868
L-Histidine	79         L-Histidine	C6H9N3O2	[M+H]+	9.9	11.9	15.0	0.2	156.0768	156.0767	-0.3	S09195	10.96	10.84	10.96	0.12	18	222477984	274140192	297152320	284790496	268402576	312768576	292343616	260518032	287365408	26765688	1450290	39590948	2321930	33817868	2190558	4619902	6916609	6346227
L-Isoleucine	80         L-Isoleucine	C6H13NO2	[M+H]+	6.0	7.5	15.0	0.2	132.1019	132.1019	-0.0	S09195	7.44	7.37	7.45	0.08	18	327943712	471109536	539576512	542105728	464015136	614817664	575157952	489476480	486693632	9044223	315952	12580300	738622	11523778	513960	538301	1043860	600236
L-Kynurenine	81         L-Kynurenine	C10H12N2O3	[M+H]+	6.0	8.0	15.0	0.2	209.0921	209.0921	0.1	S09192	7.46	7.21	7.66	0.45	17	71277	118677	196774	140849	135501	195898	179986	117714	163307	2565	1993	3658	2903	2753	2547	0	1864	3039
L-Lactic acid	82         L-Lactic acid	C3H6O3	[M-H]-	6.2	8.2	15.0	0.2	89.0244	89.0232	-13.7	S09195	7.28	7.14	7.3	0.16	18	20807254	26330298	31058576	33302772	27757884	39588552	28390524	19413534	21473202	1081977	935732	1048583	964787	1036720	939431	797480	751219	737938
L-Leucine	83         L-Leucine	C6H13NO2	[M+H]+	7.5	9.0	15.0	0.2	132.1019	132.1019	-0.0	S09195	7.85	7.76	7.88	0.12	18	471407744	620270464	709924352	722010176	622099392	822021760	769201728	633569408	700354944	14248475	402382	19096880	1018950	18356458	638601	657188	1468898	773387
L-Lysine	84         L-Lysine	C6H14N2O2	[M+H]+	18.0	20.0	15.0	0.2	147.1128	147.1127	-0.7	S09195	18.55	18.55	18.69	0.14	18	70620704	81351992	71438784	100574904	78836432	110715776	83842856	51295340	94885744	20151094	7420492	44130880	12146500	34373684	9649552	12371473	21529826	17488232
L-Malic acid	85         L-Malic acid	C4H6O5	[M-H]-	12.2	14.2	15.0	0.2	133.0142	133.0131	-8.6	S09196	13.34	13.28	13.38	0.1	18	22371478	26684776	30691290	43317656	29832890	90153440	136096544	105104104	130430264	1732130	206432	5285082	994411	2799776	488194	485942	1758377	919223
L-Methionine	86         L-Methionine	C5H11NO2S	[M+H]+	6.8	8.8	15.0	0.2	150.0583	150.0583	-0.2	S09195	8.12	8.03	8.16	0.13	18	201256992	281221600	331845632	314410208	271451744	382040864	338588160	270895072	305705632	4517958	36216	6299810	122880	5721924	58014	78244	202142	91576
L-Phenylalanine	87         L-Phenylalanine	C9H11NO2	[M+H]+	5.6	7.6	15.0	0.2	166.0863	166.0861	-0.9	S09195	6.93	6.8	6.94	0.14	18	272450880	386117280	470446432	442046432	381494368	516390592	508071232	375790400	422157696	3706970	57579	5090682	197569	4931932	112056	115060	291777	144477
L-Proline	88         L-Proline	C5H9NO2	[M+H]+	7.9	9.9	15.0	0.2	116.0706	116.0708	1.7	S09195	9.25	9.18	9.27	0.09	18	273638752	358998560	382291136	376126912	335457248	474852576	459540288	353039648	410011360	11854106	892763	17985514	1499957	15644037	1024897	1187318	1801673	966204
L-Serine	89         L-Serine	C3H7NO3	[M+H]+	10.8	12.8	15.0	0.2	106.0499	106.0502	3.1	S09195	12.07	11.97	12.09	0.12	18	37319604	45215144	52462904	51521912	45146748	62344032	55826300	47417600	53519244	3877738	66170	5580902	163501	4647466	119776	347650	587271	459876
L-Threonine	90         L-Threonine	C4H9NO3	[M-H]-	9.5	11.5	15.0	0.2	118.051	118.0498	-9.9	S09195	10.9	10.76	10.9	0.14	18	15203128	20347308	22476232	22888044	19128272	26705572	25337638	20540124	24229506	1858667	31955	2800742	109844	2456566	76178	91059	269349	221552
L-Tryptophan	91         L-Tryptophan	C11H12N2O2	[M+H]+	6.8	8.8	15.0	0.2	205.0972	205.0969	-1.2	S09195	8.14	8.06	8.19	0.13	18	40559800	59680036	73770104	64866504	56888456	86171936	79623864	58870484	68428416	528363	7912	904490	12552	878407	14934	16591	28196	14841
L-Tyrosine	92         L-Tyrosine	C9H11NO3	[M+H]+	8.2	10.2	15.0	0.2	182.0812	182.0811	-0.4	S09195	9.5	9.4	9.52	0.12	18	132174744	189834352	220020112	206499872	184015376	248541648	234389120	174368160	204861184	5067298	41166	7160802	109349	6346870	50708	100886	230493	94139
L-Valine	93         L-Valine	C5H11NO2	[M+H]+	8.3	9.2	15.0	0.2	118.0863	118.0864	1.2	S09195	8.99	8.88	8.99	0.12	18	294512608	400630976	433429184	403563456	378056800	506062144	457125792	367388352	420291136	14432707	1014248	19390328	1544762	18414914	1130523	1343443	2033811	1438357
N6-Acetyl-L-lysine	94         N6-Acetyl-L-lysine	C8H16N2O3	[M+H]+	1.9	3.9	15.0	0.2	189.1234	189.122	-7.2	S09194	3.2	3.2	3.36	0.16	18	1053885	86912	153567	686503	3019418	1460698	2012349	94565	354962	19509	21253	18565	14770	13456	9360	6353	13342	7143
N-Acetylglutamic acid	95         N-Acetylglutamic acid	C7H11NO5	[M+H]+	10.3	12.3	15.0	0.2	190.071	190.0709	-0.5	S09195	11.6	11.48	11.8	0.32	18	696387	1093756	1162969	1444691	1130277	1447156	1103168	920111	867840	29810	6773	36028	9218	33607	10116	13731	21722	11875
N-Acetylglutamine	96         N-Acetylglutamine	C7H12N2O4	[M-H]-	6.8	8.8	15.0	0.2	187.0724	187.0718	-3.4	S09196	7.99	7.79	8.2	0.41	17	54066	68500	85165	109445	74306	92703	130613	75512	89500	1392	1544	3312	1619	1830	1642	0	1494	1565
N-Acetyl-L-alanine	97         N-Acetyl-L-alanine	C5H9NO3	[M+H]+	6.0	7.0	15.0	0.2	132.0655	132.0656	0.6	S09195	6.53	6.35	6.77	0.42	18	1501970	2193205	2503034	2841470	2210970	3591204	2938325	2011480	2306898	16842	15173	14850	15963	14809	14296	12411	13242	11387
N-Acetyl-L-methionine	98         N-Acetyl-L-methionine	C7H13NO3S	[M+H]+	3.0	5.0	15.0	0.2	192.0689	192.06900000000002	0.6	S09195	4.23	4.03	4.33	0.29	12	299511	499951	639150	583900	453027	1144491	728772	543478	595526	0	1911	0	1932	1587	0	0	0	0
N-Acetyl-L-phenylalanine	99         N-Acetyl-L-phenylalanine	C11H13NO3	[M+H]+	2.8	4.0	15.0	0.2	208.0968	208.0968	-0.1	S09195	3.53	3.52	3.56	0.04	18	47477	59764	86049	104203	101064	119727	76675	84439	97327	39768	47662	55488	50910	41552	55147	44217	46161	57530
N-Acetylornithine	100         N-Acetylornithine	C7H14N2O3	[M+H]+	8.6	10.6	15.0	0.2	175.1077	175.1078	0.5	S09195	10.0	9.88	10.07	0.18	18	44533	39952	51165	42020	33955	64760	51370	41191	42139	9003	7362	7850	8203	7052	7166	8048	8035	7215
N-Acetylserine	101         N-Acetylserine	C5H9NO4	[M-H]-	7.5	8.5	15.0	0.2	146.0459	146.0449	-6.7	S09195	8.16	8.02	8.35	0.33	18	8337286	11074774	12591269	13463451	11290738	15901635	14170906	10589457	13094227	16172	7912	30331	7848	24944	7648	8500	9765	6788
NAD	102         NAD	C21H28N7O14P2	[Cat]+	9.9	11.9	15.0	0.2	664.1164	664.1161	-0.5	S09195	11.1	10.89	11.14	0.25	18	741849	1283059	1267461	1772365	1098981	2003639	1818463	1204528	1554624	42562	1475	84593	2264	58539	1518	3211	10377	3825
NADH	103         NADH	C21H29N7O14P2	[M-H]-	9.5	11.5	15.0	0.2	664.1175	664.1152	-3.5	S09193	10.67	10.47	10.77	0.3	10	70993	82283	95091	142511	104551	0	126564	74169	60815	1860	0	0	0	2036	0	0	0	0
NADP	104         NADP	C21H29N7O17P3	[Cat]+	12.7	14.7	15.0	0.2	744.0827	744.0791	-4.9	S09196	14.14	13.91	14.34	0.42	10	0	0	0	4563	5195	8184	8863	7449	5587	5011	2555	7799	0	0	0	0	1405	0
NADPH	105         NADPH	C21H30N7O17P3	[M-H]-	13.0	15.0	15.0	0.2	744.0838	744.0816	-3.0	S09195	14.61	14.39	14.61	0.22	2	0	0	0	0	0	7708	0	0	0	0	1291	0	0	0	0	0	0	0
Niacinamide	106         Niacinamide	C6H6N2O	[M+H]+	3.3	5.3	15.0	0.2	123.0553	123.0554	0.9	S09196	4.68	4.61	4.71	0.09	18	147884784	194238640	221535120	205944832	184225696	239834320	243368176	183124288	199330528	549626	255772	794251	517830	837680	422089	338799	516752	432654
Nicotinic acid	107         Nicotinic acid	C6H5NO2	[M-H]-	5.5	7.5	15.0	0.2	122.0248	122.0239	-7.0	S09195	7.01	6.78	7.21	0.43	18	15449	17618	15182	22743	15332	27538	13856	13325	14936	12949	12623	15911	13453	10585	11893	10534	11489	10604
O-Phosphoethanolamine	108         O-Phosphoethanolamine	C2H8NO4P	[M+H]+	11.4	13.4	15.0	0.2	142.0264	142.0266	1.6	S09195	12.8	12.77	13.02	0.25	15	2804	8391	3486	6094	3847	16721	6801	4234	5206	1550	0	1670	0	1128	0	1741	1536	1202
Ornithine	109         Ornithine	C5H12N2O2	[M+H]+	17.0	19.0	15.0	0.2	133.0972	133.0973	1.1	S09195	17.11	17.09	17.25	0.16	18	9196648	11088351	9915114	22605320	9925327	36392880	11499996	6985896	12332889	3193325	769565	10055758	2217017	4347922	847010	1512291	4565932	1846201
Orotic acid	110         Orotic acid	C5H4N2O4	[M-H]-	6.7	8.7	15.0	0.2	155.0098	155.0088	-6.7	S09192	7.75	7.62	8.0	0.38	13	45901	51473	117510	72909	69498	116169	78979	55203	97010	2247	0	0	0	0	1770	1231	2112	0
Orotidylic acid	111         Orotidylic acid	C10H13N2O11P	[M+H]+	0.0	30.0	15.0	0.2	369.033	369.0378	13.1	S09193	3.37	3.23	3.41	0.18	3	7006	8493	0	15959	0	0	0	0	0	0	0	0	0	0	0	0	0	0
Oxidized glutathione	112         Oxidized glutathione	C20H32N6O12S2	[M+H]+	13.5	15.5	15.0	0.2	613.1592	613.1592	-0.1	S09195	14.8	14.74	14.81	0.08	18	7905098	11234902	11413977	15669883	11801465	17583974	15548888	10825087	14404985	328710	40161	1455618	82425	975026	75434	76717	212259	139485
Oxoadipic acid	113         Oxoadipic acid	C6H8O5	[M-H]-	7.5	9.5	15.0	0.2	159.0299	159.0291	-5.0	S09198	7.85	7.64	8.09	0.45	15	4426	0	5787	0	0	5930	55752	50058	62886	2910	2338	3725	2646	2615	2552	3173	2512	2588
Oxoglutaric acid	114         Oxoglutaric acid	C5H6O5	[M-H]-	10.8	14.8	15.0	0.2	145.0142	145.0132	-7.2	S09195	12.91	12.8	12.93	0.13	18	4145427	4477356	5059704	171147760	159098528	190401920	127153976	84432136	106727296	2392402	52801	3511984	93496	3308501	61994	110940	193813	123302
Palmitic acid	115         Palmitic acid	C16H32O2	[M-H]-	1.6	3.6	15.0	0.2	255.233	255.2327	-1.0	S09196	2.94	2.89	2.94	0.05	18	10526122	13231931	11742567	8990748	15755418	22264104	27769432	25574588	13953207	3863664	2361185	2466808	2405712	2454183	2257388	2810438	1758623	1694287
Pantothenic acid	116         Pantothenic acid	C9H17NO5	[M+H]+	5.1	7.1	15.0	0.2	220.118	220.1179	-0.2	S09195	6.28	6.12	6.33	0.21	18	57482720	91449480	112044632	104913016	87508224	127753304	102560696	75176768	81051568	78001	5934	204787	8304	125209	5387	5675	9194	5921
Phenol	117         Phenol	C6H6O	[M-H]-	2.1	4.1	15.0	0.2	93.0346	93.0334	-12.8	S09195	3.5	3.44	3.53	0.09	18	605907	635635	636422	1015402	904495	1157450	948526	894001	960709	725097	776942	776578	812787	801116	776536	856869	799967	922571
Phosphocreatine	118         Phosphocreatine	C4H10N3O5P	[M-H]-	11.2	13.2	15.0	0.2	210.0285	210.0281	-2.1	S09195	12.45	12.36	12.49	0.13	17	286097	497357	516780	625545	394151	750660	538857	287075	550842	20461	0	40108	2409	29932	2032	2181	6505	7231
Phosphoenolpyruvic acid	119         Phosphoenolpyruvic acid	C3H5O6P	[M-H]-	13.6	15.6	15.0	0.2	166.9751	166.9744	-4.2	S09195	14.9	14.82	15.0	0.18	18	28627	56022	39921	105790	43459	333222	66464	35464	51931	2459	2001	29241	13962	17192	2432	3794	11415	8435
Phosphoribosyl pyrophosphate	120         Phosphoribosyl pyrophosphate	C5H13O14P3	[M-H]-	15.0	18.0	15.0	0.2	388.9445	388.9417	-7.3	S09196	17.34	17.34	17.34	0.0	1	0	0	0	0	0	0	1278	0	0	0	0	0	0	0	0	0	0	0
Phosphorylcholine	121         Phosphorylcholine	C5H14NO4P	[M+H]+	10.0	13.0	15.0	0.2	184.0733	184.0732	-0.7	S09195	11.76	11.71	11.78	0.07	18	1142699776	1407257088	1430478592	1553405440	1389457152	1634350976	1572333568	1296004608	1473108864	207599552	3935924	362234784	10589888	301817600	6988344	25793064	51983524	36775892
Phosphoserine	122         Phosphoserine	C3H8NO6P	[M+H]+	11.5	13.5	15.0	0.2	186.0162	186.0165	1.6	S09194	12.77	12.64	12.77	0.13	2	0	3230	0	0	4058	0	0	0	0	0	0	0	0	0	0	0	0	0
Pipecolic acid	123         Pipecolic acid	C6H11NO2	[M+H]+	7.5	9.5	15.0	0.2	130.0863	130.0865	1.9	S09197	8.84	8.76	9.04	0.28	18	89372	87860	139020	102764	105057	130594	165160	172338	155829	60892	47625	43214	39721	45096	41657	52608	44932	51034
Propionylcarnitine	124         Propionylcarnitine	C10H19NO4	[M+H]+	5.2	7.2	15.0	0.2	218.1387	218.1387	0.1	S09196	6.54	6.34	6.7	0.35	18	797635	1275955	1582940	1675712	1429742	2101163	3015406	2104158	2537068	8018	6863	10855	9198	6804	7185	7725	6328	7843
Pyruvic acid	125         Pyruvic acid	C3H4O3	[M-H]-	5.5	7.5	15.0	0.2	87.0088	87.0076	-13.4	S09195	6.16	6.04	6.23	0.19	18	254417	177077	309257	537984	519382	3138472	455341	528608	649926	44579	30232	69077	44934	55651	54572	51810	45208	41441
Ribose 1-phosphate	126         Ribose 1-phosphate	C5H11O8P	[M-H]-	11.0	12.4	15.0	0.2	229.0119	229.0111	-3.4	S09198	12.18	12.18	12.32	0.15	14	7476	9894	7424	11244	9333	10015	7798	10093	12829	1402	0	2217	0	1808	0	1914	1217	0
Saccharopine	127         Saccharopine	C11H20N2O6	[M-H]-	11.0	14.0	15.0	0.2	275.1249	275.125	0.5	S09196	12.67	12.64	12.87	0.23	10	1753	1950	6028	3149	6581	3619	16793	9724	14219	0	1233	0	0	0	0	0	0	0
S-Adenosylhomocysteine	128         S-Adenosylhomocysteine	C14H20N6O5S	[M-H]-	8.6	10.6	15.0	0.2	383.1143	383.1142	-0.3	S09196	9.99	9.86	9.99	0.12	9	7055	9355	10461	11415	8154	13629	16716	7720	9816	0	0	0	0	0	0	0	0	0
S-Adenosylmethionine	129         S-Adenosylmethionine	C15H22N6O5S	[M+H]+	10.7	12.7	15.0	0.2	399.1445	399.145	1.2	S09196	12.22	12.08	12.25	0.17	18	554128	987231	903897	1030049	885721	1360373	1596624	1128412	1313367	44027	2696	75334	6556	61118	7187	11575	14521	11204
Sarcosine	130         Sarcosine	C3H7NO2	[M+H]+	11.2	12.0	15.0	0.2	90.055	90.0555	6.0	S09195	11.6	11.54	11.64	0.1	18	4300904	5172722	5583712	6273128	5203600	6991328	6321376	4559336	5164908	799747	107009	996817	134019	902150	121336	155998	211349	155702
Succinic acid	131         Succinic acid	C4H6O4	[M-H]-	11.3	13.3	15.0	0.2	117.0193	117.0182	-9.7	S09193	12.53	12.44	12.56	0.11	18	1122269	1385384	1789396	10965860	8824452	10106919	8674890	5603230	7633037	357332	224773	566672	233418	518689	265516	298368	272966	275129
Taurine	132         Taurine	C2H7NO3S	[M-H]-	10.2	12.2	15.0	0.2	124.0074	124.0062	-9.6	S09195	11.5	11.35	11.51	0.16	18	16144191	20892426	23251224	24990640	21162420	28297166	26740744	20496016	22861624	117225	1756	177625	5247	132018	6167	3402	5949	2085
Thymidine	133         Thymidine	C10H14N2O5	[M-H]-	3.5	5.5	15.0	0.2	241.083	241.082	-4.1	S09196	4.65	4.45	4.87	0.42	18	6389	10769	7218	7280	7848	8603	13650	10193	9631	2186	2213	2514	3052	2483	2614	2495	2267	4882
Uracil	134         Uracil	C4H4N2O2	[M+H]+	5.4	7.4	15.0	0.2	113.0346	113.0348	2.2	S09196	6.77	6.61	6.85	0.25	18	34209	108668	27710	57690	59566	119078	230534	67396	31874	6827	5159	5852	6040	3492	7729	6306	7795	6311
Ureidopropionic acid	135         Ureidopropionic acid	C4H8N2O3	[M-H]-	10.4	12.4	15.0	0.2	131.0462	131.0454	-6.2	S09198	11.6	11.51	11.67	0.16	18	122232	155982	158605	202272	125042	408878	449946	375439	497404	20754	3370	24413	6324	18751	2056	3345	7319	3028
Ureidosuccinic acid	136         Ureidosuccinic acid	C5H8N2O5	[M-H]-	12.8	14.8	15.0	0.2	175.03599999999997	175.0355	-3.1	S09195	14.08	13.98	14.08	0.09	12	62706	163360	177173	168165	84389	205076	155782	83280	126486	984	0	2435	0	2335	0	0	0	0
Uric acid	137         Uric acid	C5H4N4O3	[M+H]+	8.8	10.8	15.0	0.2	169.0356	0.0	0.0		0.0	0.0	0.0	0.0	0	0	0	0	0	0	0	0	0	0	0	0	0	0	0	0	0	0	0
Uridine	138         Uridine	C9H12N2O6	[M-H]-	5.5	7.5	15.0	0.2	243.0623	243.0619	-1.5	S09196	6.8	6.56	7.02	0.46	18	321690	1810280	405614	749337	613062	2186774	3472786	948926	373451	6319	3785	6741	5423	6405	2578	2927	2469	2985
Uridine 5'-diphosphate	139         Uridine 5'-diphosphate	C9H14N2O12P2	[M+H]+	12.4	14.4	15.0	0.2	405.0095	405.0077	-4.4	S09195	13.69	13.53	13.89	0.36	14	20919	34676	39149	45760	31829	63021	45525	33987	46334	1250	0	1809	0	1958	0	0	1589	1549
Uridine 5'-monophosphate	140         Uridine 5'-monophosphate	C9H13N2O9P	[M-H]-	11.2	13.2	15.0	0.2	323.0286	323.0281	-1.5	S09193	12.37	12.25	12.45	0.2	18	92105	145958	167906	239069	93800	156500	52931	44450	158269	18330	2919	25420	7351	27895	6338	6012	9596	7126
Uridine diphosphate glucose	141         Uridine diphosphate glucose	C15H24N2O17P2	[M-H]-	12.4	14.4	15.0	0.2	565.0478	565.0475	-0.4	S09195	13.71	13.49	13.72	0.23	13	293758	527328	569136	731860	524568	794808	661641	443422	575454	10489	0	25690	0	25111	0	1224	0	0
Uridine diphosphate-N-acetylglucosamine	142         Uridine diphosphate-N-acetylglucosamine	C17H27N3O17P2	[M+H]+	11.2	13.2	15.0	0.2	608.0889	608.0868	-3.4	S09198	12.44	12.41	12.52	0.1	12	121648	179520	246628	290900	171733	296929	282007	235335	326077	4658	0	14176	0	7987	0	0	0	0
Uridine triphosphate	143         Uridine triphosphate	C9H15N2O15P3	[M-H]-	15.0	18.0	15.0	0.2	482.9613	482.9609	-0.7	S09198	15.63	15.46	15.85	0.39	17	8562	13644	7050	18554	14062	22249	22934	15567	24245	2349	0	7561	2151	6139	2156	1179	4579	4681
Valerylcarnitine	144         Valerylcarnitine	C12H23NO4	[M+H]+	3.6	5.7	15.0	0.2	246.17	246.1687	-5.2	S09195	4.87	4.69	5.12	0.43	18	21193	25155	26175	25749	18582	46899	36789	20732	32777	2659	2399	2532	3122	2527	2959	2694	2738	2188
Xanthine	145         Xanthine	C5H4N4O2	[M-H]-	7.5	9.4	15.0	0.2	151.0261	151.0252	-6.3	S09195	8.63	8.39	8.79	0.39	18	61450	66346	92926	159477	66972	6953216	82868	54178	67823	7567	2810	9027	5958	2765	5767	8124	6098	6206
Xanthosine	146         Xanthosine	C10H12N4O6	[M-H]-	6.7	8.7	15.0	0.2	283.0684	283.0685	0.3	S09195	8.02	7.86	8.02	0.16	2	0	0	0	0	0	34607	0	0	0	0	0	0	0	1287	0	0	0	0
Xanthylic acid	147         Xanthylic acid	C10H13N4O9P	[M-H]-	11.0	13.0	15.0	0.2	363.0347	363.0399	14.2	SQ530_ISTD_1	11.78	11.78	11.78	0.0	1	0	0	0	0	0	0	0	0	0	0	0	0	0	0	0	0	2121	0
