Metabolite,1798_2,1837_2,1956_2,1991_2,1960_2,1988_2
(.+/-.)-Furaneol,49373.8,49373.8,49373.8,49373.8,49373.8,49373.8
(.+/-.)-Myristoylcarnitine,75084.0,82550.0,31094.0,96516.0,52278.0,60762.0
(.+/-.)-Octanoylcarnitine,814746.0,66941.0,172760.0,98920.0,99334.0,1729714.0
(.+/-.)-Propionylcarnitine,3302624.0,2020886.0,3161102.0,2805064.0,1534017.0,883644.0
(+)-Muscarine cation,87033.25,87033.25,87033.25,138513.0,103877.0,109740.0
(2-Mercaptoethyl)guanidine,10000.0,10000.0,10000.0,10000.0,10000.0,10000.0
(2-Mercaptopropionylamino)acetic acid,10433.35,14975.0,10433.35,10433.35,10433.35,10433.35
"(2S,3S)-(-)-3-Phenylglycidol",12106.15,12106.15,12106.15,12106.15,12106.15,12106.15
"(3-amino-1H-1,2,4-triazol-5-yl)methanol",16826.5,16826.5,16826.5,48414.0,82165.0,69767.0
(3-Carboxypropyl)trimethylammonium cation,15154454.0,7170154.0,14312779.0,7332215.0,8124084.0,9550010.0
(4-Aminobutyl)phosphonic acid,16422.1,16422.1,16422.1,16422.1,16422.1,16422.1
(N-(-2-Acetamido))-2-aminoethanesulfonic acid,11748.7,11748.7,11748.7,11748.7,11748.7,11748.7
(R)-(-)-Mellein,25354.300000000003,25354.300000000003,25354.300000000003,25354.300000000003,25354.300000000003,25354.300000000003
(R)-(+)-2-Pyrrolidone-5-carboxylic acid,42313.0,39336.399999999994,40064.0,95851.0,39336.399999999994,105602.0
(R)-Butaprost,177223.75,177223.75,177223.75,177223.75,177223.75,177223.75
(S)-(-)-.alpha.-Methylbenzylamine,15043.45,15043.45,15043.45,15043.45,15043.45,18145.0
(S)-(+)-2-Amino-1-propanol,4916688.0,9116202.0,3747404.0,18117568.0,3436913.0,7956602.0
.alpha.-CMBHC,717633.0,478999.0,288018.0,568847.0,438062.0,328125.0
.alpha.-Methyl cinnamic acid,20776.0,20776.0,20776.0,20776.0,20776.0,20776.0
.beta.-Alanine,77951280.0,54469172.0,79775896.0,86661496.0,87802608.0,94815464.0
.beta.-Homoproline,7334090.0,270454.0,2094400.0,1032549.0,1553641.0,3776612.0
.beta.-Hydroxypropionic acid,10219.15,10219.15,10219.15,10219.15,10219.15,10219.15
.beta.-Ketoadipic acid,11231.05,11655.0,11231.05,11231.05,11231.05,17747.0
.beta.-Methylphenethylamine,365033.0,261091.0,475639.0,28487.5,248790.0,326432.0
.delta.2-cis-Hexadecenoic Acid,23739.1,23739.1,38268.0,23739.1,29035.0,23739.1
.delta.2-trans-Hexadecenoic Acid,15731.35,15731.35,15731.35,15731.35,15731.35,15731.35
.delta.-Hexalactone,45566.95,45566.95,45566.95,45566.95,45566.95,45566.95
.delta.-Valerolactam,4546852.0,4537736.0,1598966.0,4752216.0,18294412.0,9005893.0
.epsilon.-Caprolactam,3060918.55,3060918.55,3060918.55,3060918.55,3060918.55,3060918.55
.gamma.-Aminobutyric acid,3569307.5500000003,3569307.5500000003,3569307.5500000003,3569307.5500000003,3569307.5500000003,3569307.5500000003
.gamma.-D-Glutamylglycine,414896.0,106163.0,122780.0,115317.0,125726.0,104298.0
[4-(Aminomethyl)phenyl]methanamine,114805.0,117838.0,158251.0,83574.0,92238.0,80750.0
1-(2-Hydroxyethyl)-2-hydroxymethyl-5-nitroimidazole,10744.15,10744.15,10744.15,10744.15,10744.15,94359856.0
1-(2-Methoxyethoxy)-2-methyl-2-propanol,1353847.0,1353847.0,1353847.0,1353847.0,1353847.0,1353847.0
1-(4-Methoxyphenyl)-2-propanone,37751.5,41584.0,37751.5,37751.5,37751.5,37751.5
1-(9Z-Octadecenoyl)-2-tetradecanoyl-sn-glycero-3-phosphocholine,346412.0,162078.0,176599.0,359439.0,262586.0,224017.0
1-(9Z-Octadecenoyl)-sn-glycero-3-phosphocholine,2060466.0,813891.0,1786795.0,1015095.0,2278923.0,2746939.0
"1,1,3-Trimethylurea",683411.05,683411.05,683411.05,683411.05,683411.05,683411.05
"1,2,3,4-Tetrahydro-1-naphthylamine",10811.2,10811.2,10811.2,10811.2,10811.2,10811.2
"1,2-Di(2-pyridyl)ethylene",10985.35,10985.35,10985.35,10985.35,10985.35,10985.35
"1,2-Di-(9Z-octadecenoyl)-sn-glycero-3-phosphocholine",2270097.0,939313.0,1119604.0,1234802.0,1296639.0,1420217.0
"1,2-Diamino-2-methylpropane",11927965.0,8364038.0,14379094.0,9825096.0,6727712.0,10280998.0
"1,2-Dihexanoyl-sn-glycerol",447361.75,447361.75,447361.75,447361.75,447361.75,447361.75
"1,2-Dilinoleoyl-sn-glycero-3-phosphocholine",12436792.0,8344277.0,8434944.0,11870189.0,12065016.0,16888670.0
"1,2-Dioctanoyl-sn-glycerol",20130.7,20130.7,20130.7,20130.7,20130.7,20130.7
"1,3-Dicyclohexylurea",17555448.0,11069614.45,11069614.45,11069614.45,11069614.45,11069614.45
"1,3-Dimethylthiourea",10144.15,10144.15,10144.15,10144.15,10144.15,10144.15
"1,3-Propanediol, 2-ethyl-2-(hydroxymethyl)-",3321422.5,3321422.5,3321422.5,3321422.5,3321422.5,3321422.5
"1,5-Pentanediamine",7334892.0,6214204.0,10125758.0,6501437.0,4835382.0,9359752.0
11(12)-EET,42889.0,44725.0,94709.0,148115.0,67037.0,188231.0
"11-Deoxy-16,16-dimethylprostaglandin E2",11421.1,11421.1,11568.0,17645.0,14914.0,12132.0
12(R)-HETE,42889.0,44725.0,94709.0,148115.0,67037.0,188231.0
13(S)-HODE,757217.0,515649.0,726281.0,563539.0,914868.0,607836.0
13Z-Docosenamide,1613404.0,729826.0,806108.0,842091.0,1585026.0,779616.0
"14,15-Epoxy-5Z,8Z,11Z-eicosatrienoic acid",42889.0,44725.0,94709.0,148115.0,67037.0,188231.0
"15-Deoxy-.DELTA.12,14-prostaglandin J2",10383.25,10383.25,10383.25,10383.25,10383.25,10383.25
15-HETE,42889.0,44725.0,94709.0,148115.0,67037.0,188231.0
15-Ketobimatoprost,55178.350000000006,55178.350000000006,55178.350000000006,55178.350000000006,55178.350000000006,55178.350000000006
"17,20-Dimethyl Prostaglandin F1.alpha.",10000.0,10000.0,10000.0,10000.0,10000.0,10000.0
"19-Hydroxyandrost-4-ene-3,17-dione",717633.0,478999.0,288018.0,568847.0,438062.0,328125.0
19-Norandrosterone,223425.0,141718.0,119632.0,120427.0,160542.0,91636.0
1-AMINOCYCLOBUTANE CARBOXYLIC ACID,249345.0,295154.0,534687.0,535755.0,982136.0,1623299.0
1-Aminocyclohexanecarboxylic acid,368018.0,65312.0,1963618.0,70470.0,228327.0,70568.0
1-Butyl-3-methylimidazolium,15424.75,15424.75,15424.75,15424.75,15424.75,15424.75
1-Deoxy-1-(methylamino)-D-galactitol,49347.0,30399.0,43121.0,51610.0,57901.0,19409.2
1-Deoxynojirimycin,1333803.0,500149.0,555903.0,538034.0,464790.0,758098.0
1-Heptadecanoyl-sn-glycero-3-phosphocholine,817423.0,504163.0,401937.0,336386.0,345352.0,667283.0
1-Hexadecanoyl-2-(9Z-octadecenoyl)-sn-glycero-3-phosphocholine,8260791.0,4278568.0,3265194.0,7084734.0,6942854.0,6008720.0
1-Hexadecanoyl-2-octadecadienoyl-sn-glycero-3-phosphocholine,747913.0,391758.0,459159.0,666603.0,299510.0,540571.0
1H-Indole-3-propanoic acid,74035.0,141821.0,751532.0,537646.0,71123.0,253039.0
1H-Indole-4-carboxaldehyde,68371.0,61637.0,103141.0,56688.0,268678.0,65927.0
1-Methyl-3-phenylpropylamine,305967.0,255636.0,371175.0,245670.0,191068.0,399713.0
1-Methyladenosine,262829.0,1418455.0,3521893.0,607420.0,2164331.0,934689.0
1-Methylnicotinamide cation,887029.0,426380.0,615263.0,1179383.0,603301.0,1008487.0
1-Myristoyl-sn-glycero-3-phosphocholine,467556.0,226733.0,212394.0,283653.0,460321.0,618315.0
1-Naphthaldehyde,40882.0,27129.0,27593.0,20938.0,29755.0,10000.0
1-Naphthoic acid,10487.95,10487.95,10487.95,10487.95,10487.95,10487.95
"1-Octadecanoyl-2-(4Z,7Z,10Z,13Z,16Z,19Z-docosahexaenoyl)-sn-glycero-3-phosphocholine",1746393.0,526668.0,613764.0,568668.0,581886.0,610994.0
"1-Octadecanoyl-2-(5Z,8Z,11Z,14Z-eicosatetraenoyl)-sn-glycero-3-phosphocholine",460951.0,350402.0,290705.0,434501.0,343647.0,287078.0
1-Oleoyl-2-palmitoyl-sn-glycero-3-phosphocholine,526300.0,231677.0,253086.0,425750.0,271730.0,284671.0
1-Palmitoyl-2-docosahexaenoyl-sn-glycero-3-phosphocholine,1875943.0,305548.0,708486.0,474962.0,470295.0,887643.0
1-Pentadecanoyl-sn-glycero-3-phosphocholine,579267.0,284518.0,362825.0,357179.0,373025.0,583156.0
1-Phenylpyrrolidine,277832.0,169652.0,333356.0,274125.0,161416.0,243406.0
"1-Piperazinecarboxamide, N,N-diethyl-4-methyl-",24287.0,20887.0,18900.7,26934.0,26263.0,18900.7
1-Piperidinecarboxaldehyde,3340808.8000000003,3340808.8000000003,3340808.8000000003,3340808.8000000003,3340808.8000000003,3340808.8000000003
1-Stearoyl-2-hydroxy-sn-glycero-3-phosphocholine,5867700.0,5329029.0,3570610.0,2483830.0,5114128.0,4107943.0
2(1H)-Pyridinone,146679.09999999998,146679.09999999998,1523633.0,146679.09999999998,1215546.0,146679.09999999998
2-(1-Naphthyl)acetic acid,10000.0,10000.0,10000.0,10000.0,10000.0,10000.0
2-(1-Piperidyl)propan-2-ol,26711.949999999997,26711.949999999997,104587.0,26711.949999999997,26711.949999999997,26711.949999999997
2-(2-Ethoxyethyl)pyridine,27442.75,27442.75,44863.0,27442.75,27442.75,27442.75
2-(3-pyridyl)-Benzimidazole,11492.8,56314.0,252816.0,99084.0,179872.0,11492.8
2-(4-Pyridinyl)malonaldehyde,15456.55,15456.55,15456.55,15456.55,15456.55,15456.55
"2,2-Bis(hydroxymethyl)-3-quinuclidinone",1346208.0,2976444.0,2548617.0,1572284.0,1568823.0,872041.0
"2,3-Dimethylbenzoic acid",12106.15,12106.15,12106.15,12106.15,12106.15,12106.15
"2,4(3H,5H)-Furandione",10000.0,10000.0,10000.0,10000.0,10000.0,10000.0
"2,4-dichloro-N-propylbenzamide",10000.0,10000.0,74923.0,10000.0,10000.0,10000.0
"2,4-Dimethoxyaniline",58789.600000000006,58789.600000000006,58789.600000000006,58789.600000000006,58789.600000000006,58789.600000000006
"2,4-Dimethylacetanilide",16793.05,16793.05,16793.05,16793.05,16793.05,16793.05
2-Acetylamino-3-mercapto-3-methylbutyric acid,10000.0,10000.0,10000.0,10000.0,10000.0,10000.0
2-Amino-1-phenylethanol,17322456.0,12162973.0,17894062.0,15270039.0,12351879.0,12140100.0
"2-Amino-2-methyl-1,3-propanediol",4268934.1,4268934.1,4268934.1,4268934.1,4268934.1,4268934.1
2-Amino-4-chloro-6-methylpyrimidine,10000.0,10000.0,10000.0,10000.0,10000.0,10000.0
2-Amino-5-methyl-4-phenylthiazole,10490.8,10490.8,10490.8,10490.8,10490.8,10490.8
2-Aminobenzamide,826905.0,360926.0,610110.0,1085834.0,594640.0,973334.0
2-Aminoisobutyric acid,24949598.0,21234324.0,26331710.0,22081320.0,16533083.0,18050896.0
2-Benzoylbenzoic acid,10000.0,10000.0,28328.0,10000.0,10000.0,10000.0
"2-Butenedioic acid, 2-methyl-, (Z)-",10159.15,10159.15,10159.15,10159.15,10159.15,10159.15
2-Fluoromethamphetamine,10484.2,10484.2,10484.2,10484.2,10484.2,10484.2
"2'-Hydroxy-2,3,4',6'-tetramethoxychalcone",10000.0,10000.0,10000.0,10000.0,19170.0,10000.0
2-Hydroxy-3-methoxybenzyl alcohol,17302.45,17302.45,17302.45,17302.45,17302.45,17302.45
2-Hydroxy-5-methoxybenzoic acid,12468.85,12468.85,12468.85,12468.85,12468.85,12468.85
2-Hydroxychalcone,10000.0,10000.0,10000.0,10000.0,10000.0,10000.0
2-Imidazolecarboxaldehyde,1193896.0,735150.0,1418801.0,853131.0,1689179.0,883115.0
2-Imino-4-methylpiperidine,1751640.5499999998,1751640.5499999998,1751640.5499999998,1751640.5499999998,1751640.5499999998,1751640.5499999998
2-keto valeric acid,11342.35,11342.35,11342.35,11342.35,11342.35,11342.35
2-Ketobutyric acid,12934.75,12934.75,12934.75,12934.75,12934.75,12934.75
2-METHOXYXANTHONE,10000.0,10000.0,28328.0,10000.0,10000.0,10000.0
2-Methyl-1-Pyrroline,2215970.0,1415536.0,2493381.0,1907731.0,1169778.0,1792206.0
2-Methylbutyroylcarnitine,500908.0,324985.0,436509.0,373675.0,80722.0,214399.0
2-Phenylbutyramide,16809.55,16809.55,16809.55,16809.55,16809.55,16809.55
"2-Propenoic acid, 3-(2-methoxyphenyl)-",25064.949999999997,25064.949999999997,25064.949999999997,25064.949999999997,25064.949999999997,25064.949999999997
2-Propyl-2-pentenoic acid,34811.8,34811.8,34811.8,34811.8,34811.8,34811.8
2-Propylbenzimidazole,13384.3,13384.3,13384.3,13384.3,13384.3,13384.3
2-Pyridylacetic acid,36869.05,36869.05,36869.05,77824.0,36869.05,36869.05
2-Pyrrolidinone,340609.0,420091.0,411306.0,232906.0,210091.0,191990.0
"2-Pyrrolidone-5-carboxylic acid, methyl ester",52744.899999999994,52744.899999999994,99212.0,52744.899999999994,52744.899999999994,52744.899999999994
3-(2-Pyridyl)propan-1-ol,114805.0,117838.0,158251.0,99089.0,316433.0,83406.0
3-(Methylsulfanyl)aniline,10840.6,10840.6,10840.6,10840.6,10840.6,10840.6
3-(Methylthio)-1-propanol,803933.0,670360.0,1326279.0,606601.0,845596.0,951048.0
"3,4-Dihydrocoumarin",56791.149999999994,56791.149999999994,56791.149999999994,56791.149999999994,56791.149999999994,56791.149999999994
"3,4-Dihydroxyphenyl ethanol",916273.0,814006.0,608984.0,767949.0,734747.0,745084.0
"3,4-Dimethylbenzoic acid",12106.15,12106.15,12106.15,12106.15,12106.15,12106.15
3-AMINOBENZAMIDE,887029.0,426380.0,615263.0,1179383.0,603301.0,1008487.0
3-Aminobutanoic acid,4090978.5999999996,4090978.5999999996,4090978.5999999996,4090978.5999999996,4090978.5999999996,4090978.5999999996
3-Aminopyrazine-2-carboxylic acid,43908.0,46729.0,19480.0,31747.0,37282.0,47047.0
3-Fluoromethamphetamine,10484.2,10484.2,10484.2,10484.2,10484.2,10484.2
"3-Hydroxy-7,2',3'-trimethoxyflavone",10000.0,10000.0,13580.0,10000.0,10000.0,10000.0
3'-Hydroxyflavanone,10601.65,10601.65,10601.65,10601.65,10601.65,10601.65
3-Hydroxyoctadecanoic Acid,31959.0,25687.0,17653.45,19099.0,17653.45,18339.0
3-Indoleacetic acid,700070.0,773236.0,1114412.0,593043.0,904751.0,212880.0
3-ketosphinganine,17158522.0,10450293.0,162126.0,705178.0,446528.0,161291.0
3-ketosphingosine,48842.0,79680.0,50379.0,55410.0,49278.0,44803.0
3-Methyl-.gamma.-butyrolactone,59399.049999999996,59399.049999999996,59399.049999999996,59399.049999999996,59399.049999999996,59399.049999999996
3-Methyl-1-phenyl-1-butanone,1252949.0,621677.0,879229.0,692140.0,691873.0,599312.0
"3-Methyl-2,5-furandione",10000.0,10000.0,10000.0,10000.0,10000.0,10000.0
3-methyl-2-nitrophenyl acetate,15144.25,15144.25,15144.25,15144.25,15144.25,15144.25
3-methyl-2-Quinoxalinone,18311.05,18311.05,18311.05,18311.05,18311.05,18311.05
3-Methyl-4-pentenoic acid,46974.55,46974.55,46974.55,46974.55,46974.55,46974.55
3-Methyladipic acid,16540.0,16540.0,16540.0,16540.0,16540.0,16540.0
3-methyl-N-2-naphthylbutanamide,10528.0,10528.0,10528.0,10528.0,10528.0,10528.0
3-O-Methyl-L-DOPA,26821065.849999998,26821065.849999998,26821065.849999998,26821065.849999998,26821065.849999998,26821065.849999998
3-Pyridinemethanol,36432.7,36432.7,36432.7,36432.7,36432.7,36432.7
4-(4-Aminophenoxy)aniline,10150.3,10150.3,10150.3,10150.3,10150.3,10150.3
4-(Dimethylamino)cinnamaldehyde,15005.5,15005.5,15005.5,15005.5,15005.5,15005.5
"4,5-diphenyl-1,2,3-Thiadiazole",10000.0,10000.0,10000.0,10000.0,10000.0,10000.0
"4,6-Diamino-5-formamidopyrimidine",10800.4,10800.4,16350.0,10800.4,10800.4,10800.4
4-Acetyl-1-methylcyclohexene,24367.6,24367.6,24367.6,24367.6,24367.6,24367.6
4-Amino-5-hydroxymethyl-2-methylpyrimidine,187032.55,187032.55,187032.55,187032.55,187032.55,187032.55
4-Amino-7-chloroquinoline,10730.5,10730.5,10730.5,10730.5,10730.5,17161.0
4-Aminobenzoic acid,720551.0,10564067.0,24823802.0,10781545.0,48181196.0,4706340.0
"4-Androsten-3,17-dione 19-aldehyde",10288.15,31137.0,10288.15,10288.15,10288.15,10288.15
4-Chromanone,38995.149999999994,38995.149999999994,38995.149999999994,38995.149999999994,38995.149999999994,38995.149999999994
4-Ethoxy-7-methoxycoumarin,42151.0,16289.0,19455.0,109257.0,22871.0,12568.3
4-Ethynylaniline,1684341.0,1335137.0,1141027.0,1454144.0,1287411.0,1391861.0
4-hydroxy Nonenal Mercapturic Acid-d3,10306.75,10306.75,10306.75,10306.75,10306.75,10306.75
4-Hydroxybenzaldehyde,11525.2,11525.2,11525.2,11525.2,11525.2,11525.2
4-Hydroxynonenal,29073.25,29073.25,29073.25,29073.25,29073.25,29073.25
4-Hydroxypyridine,146765.34999999998,146765.34999999998,1523633.0,146765.34999999998,1215546.0,146765.34999999998
4-Imidazoleacetic acid,141580.0,168908.0,390129.0,203358.0,332549.0,337113.0
4-Imidazoleacrylic acid,563870.0,564924.0,1007388.0,548825.0,2365494.0,776753.0
4-Imidazolecarboxaldehyde,1193896.0,735150.0,1418801.0,853131.0,1689179.0,883115.0
4-Methyl-1H-pyrazole,3390440.9499999997,3390440.9499999997,3390440.9499999997,3390440.9499999997,3390440.9499999997,3390440.9499999997
4-Methylbenzylamine,15043.45,15043.45,15043.45,15043.45,15043.45,18145.0
4-Methylcinnamic acid,20776.0,20776.0,20776.0,20776.0,20776.0,20776.0
"4-Nitro-1,3-benzenediamine",155151.0,61521.0,28009.0,44344.0,39431.0,19868.35
4-Nitrobenzylamine,25931948.0,7877326.0,10096968.0,11680532.0,6628632.0,14468351.0
"4-phenyl-1,2,3-Thiadiazole",40659.399999999994,40659.399999999994,40659.399999999994,40659.399999999994,40659.399999999994,40659.399999999994
"4-phenyl-5-methyl-1,2,3-Thiadiazole",10000.0,10000.0,10000.0,10000.0,10000.0,10000.0
4-Phenylbutan-2-ol,144899.0,220929.0,307431.0,224829.0,80201.0,327392.0
4-Pyridoxic acid,7529326.0,255626.0,1271906.0,990038.0,146695.0,655456.0
4-Pyridylamidoxime,47479.899999999994,47479.899999999994,47479.899999999994,47479.899999999994,47479.899999999994,47479.899999999994
"5,5-Dimethylimidazolidine-2,4-dione",362192.0,259750.75,259750.75,259750.75,259750.75,893429.0
5-Aminolevulinic acid,315940.0,310492.0,539855.0,456207.0,246889.0,413529.0
5-Aminosalicylic acid,18721.3,18721.3,18721.3,18721.3,18721.3,18721.3
5-Aminouracil,11722.45,11722.45,11722.45,11722.45,11722.45,14222962.0
5-Aminovaleric acid,4546852.0,4537736.0,1642013.0,4752216.0,18294412.0,9005893.0
5-APB,14693.8,14693.8,14693.8,14693.8,14693.8,14693.8
5-Hydroxy-2-methylpyridine,43683.850000000006,43683.850000000006,44033.0,43683.850000000006,295331.0,43683.850000000006
5-Hydroxythiabendazole,13376.95,13376.95,13376.95,13376.95,13376.95,13376.95
5-Methylcytosine,1666922.0,307593.0,130064.0,354694.0,254444.0,236291.0
5-Nitro-2-toluidine,19361242.0,6014426.0,6620190.0,7771950.0,4758491.0,10872321.0
"6,7-Dimethoxy-3-isochromanone",17333.05,17333.05,17333.05,17333.05,29269.0,17333.05
"6,7-Dimethyltetrahydropterin",35406.0,19752.25,40444.0,19752.25,50402.0,19752.25
6.beta.-Hydroxytestosterone,10258.3,10258.3,158422.0,10258.3,10258.3,10258.3
6-Aminocaproic acid,20233154.0,12193492.0,15112412.0,11354828.0,14106847.0,12651386.0
6-Azauridine,10000.0,10000.0,10000.0,10000.0,10000.0,67986.0
6-Ethoxy-4-methylcoumarin,22741.0,22741.0,22741.0,22741.0,22741.0,22741.0
6-Ethyl-3-formylchromone,12137.95,12137.95,12137.95,12137.95,12137.95,12137.95
6-Maleimidocaproic acid,3144002.3499999996,3144002.3499999996,3144002.3499999996,3144002.3499999996,3144002.3499999996,3144002.3499999996
6-Mercaptopurine,10000.0,12523.0,35862.0,10000.0,11065.0,40927.0
6-Methoxychromanone,25354.300000000003,25354.300000000003,25354.300000000003,25354.300000000003,25354.300000000003,25354.300000000003
6-Methylthiochromanone,10159.75,10159.75,10159.75,10159.75,10159.75,10159.75
6-Propyl-2-thiouracil,10502.95,10502.95,10502.95,10502.95,10502.95,10502.95
"7-Benzyl-1-ethyl-4-oxo-1,8-naphthyridine-3-carboxylic acid",322439.0,546187.0,860263.0,267811.0,425725.0,132751.0
7-Diethylamino-3-phenylcoumarin,952144.0,63122.049999999996,80538.0,63122.049999999996,989539.0,808960.0
7-Hydroxychromanone,10553.2,10553.2,10553.2,10553.2,10553.2,10553.2
7-Hydroxyflavanone,10601.65,10601.65,10601.65,10601.65,10601.65,10601.65
7-Keto-8-aminopelargonic acid,3839984.0,4696318.0,1638316.0,1924468.0,1076840.0,1993194.0
8(S)-HETE,42889.0,44725.0,94709.0,148115.0,67037.0,188231.0
"8,11-eicosadiynoic acid",10000.0,10000.0,38099.0,51414.0,18539.0,59749.0
8-METHYLCAFFEINE,10958.2,10958.2,10958.2,10958.2,10958.2,10958.2
9(10)-EpOME,757217.0,529051.0,726281.0,682393.0,940478.0,607836.0
9(S)-HODE-d4,10369.3,10369.3,10369.3,10369.3,12930.0,10369.3
"9(Z),11(E)-Conjugated Linoleic Acid",42889.0,44725.0,94709.0,148115.0,67037.0,188231.0
"9,10-Dihydroxy-12Z-octadecenoic acid",183473.0,150266.0,148489.0,127599.0,201321.0,145028.0
"9-Hydroxy-5Z,7E,11Z,14Z-eicosatetraenoic acid",42889.0,44725.0,94709.0,148115.0,67037.0,188231.0
"9-Octadecenamide, (Z)-",159552.0,120811.59999999999,120811.59999999999,120811.59999999999,120811.59999999999,120811.59999999999
"9-Oxo-10E,12Z-octadecadienoic acid",263122.0,147659.2,268204.0,258607.0,309371.0,304430.0
Acetamiprid,10000.0,10000.0,10000.0,10000.0,10000.0,10000.0
"Acetic acid, (aminooxy)-",10378.75,10378.75,10378.75,10378.75,10378.75,10378.75
"Acetic acid, ethoxy-, ethyl ester",16648.15,16648.15,16648.15,16648.15,16648.15,16648.15
"Acetic acid, methoxy-",10219.15,10219.15,10219.15,10219.15,10219.15,10219.15
"Acetic acid, methoxy-, methyl ester",10317.25,10317.25,10317.25,10317.25,10317.25,10317.25
Acetonitrile,4555096.0,2745083.0,2811910.0,3407908.0,2907512.0,3273290.0
Acetyl-DL-carnitine,19586664.0,6185017.0,11511825.0,8373204.0,8966912.0,5205082.0
Acetyl-L-carnitine,13880378.0,5582319.0,8851263.0,5921240.0,6291282.0,3102768.0
Acipimox,213205.15000000002,213205.15000000002,839635.0,465243.0,786001.0,1196783.0
Adenosine,1377450.1,1377450.1,1377450.1,1377450.1,1377450.1,1377450.1
Adenosine 5'-monophosphate,165965.8,165965.8,165965.8,165965.8,165965.8,165965.8
ADMA,4953588.0,3039512.0,5650338.0,3422981.0,4363696.0,3864520.0
Adrenochrome,14455.3,14455.3,17699.0,14455.3,14455.3,14455.3
AG-1296,11997.1,11997.1,11997.1,11997.1,11997.1,11997.1
AICAR,16514.8,50766.0,16514.8,94436.0,96733.0,79296.0
Ala Gln Asp,3191149.0,715110.0,2368215.0,2490284.0,4909854.0,1044324.0
Ala Gly Glu,1581592.0,224240.0,221106.0,730556.0,565505.0,230826.0
Ala-Ala-Lys,33020.95,33020.95,33020.95,33020.95,33020.95,33020.95
Ala-Gly,715420.0,509370.0,753063.0,485446.0,562977.0,641972.0
Ala-Val-Lys,2171138.0,1975035.25,1975035.25,1975035.25,1975035.25,1975035.25
Allopurinol,120245.0,2922600.0,3160855.0,232829.0,1536651.0,7853348.0
"ALPHA,BETA-TREHALOSE",245907.0,286020.0,2906221.0,417988.0,372033.0,447199.0
alpha-Pyrrolidinopentiophenone,284497.0,225004.0,172469.0,321893.0,234280.0,256990.0
Aminodiphenylmethane,234006.0,164157.0,311610.0,251026.0,147646.0,175055.0
Aminoguanidine,10162.9,10162.9,10162.9,10162.9,10162.9,10162.9
Ammelide,11089.45,11089.45,11089.45,11089.45,11089.45,11089.45
Anabasine,22114.9,22114.9,22114.9,22114.9,22114.9,22114.9
Aniline,34777.75,34777.75,34777.75,34777.75,34777.75,34777.75
Anthranilic acid,36038.2,36038.2,36038.2,77824.0,36038.2,36038.2
APIOLE,223805.0,201437.0,382109.0,232005.0,219632.0,171316.0
Apomorphine,10000.0,10000.0,42103.0,10000.0,10000.0,29288.0
Arachidonic Acid methyl ester-d8,142766.0,69353.0,39217.0,78188.0,64018.0,19185.0
Arachidonoyl amide,13415.05,13415.05,17141.0,14886.0,13415.05,13415.05
Arg Gly Asp,18560.35,18560.35,18560.35,18560.35,18560.35,18560.35
Arg Phe,13517.8,13517.8,13517.8,13517.8,13517.8,13517.8
Asn Leu Pro Ala Lys,555684.0,81178.0,295850.0,74586.0,197626.0,124373.0
Avobenzone,11216.95,11216.95,11216.95,11216.95,11216.95,11216.95
"Barbituric acid, 2-thio-",10000.0,10000.0,10000.0,10000.0,10000.0,10000.0
Benzamide,15224.05,15224.05,15224.05,15224.05,15224.05,15224.05
Benzamidine,13394.8,13394.8,13394.8,13394.8,19201.0,24884.0
"Benzeneacetic acid, .alpha.-ethyl-",44851.0,44851.0,44851.0,44851.0,44851.0,44851.0
Benzhydrol,234006.0,164157.0,311610.0,251026.0,147646.0,175055.0
"Benzoic acid, 2,6-dihydroxy-",27188.0,141570.0,164685.0,27327.0,105242.0,218717.0
"Benzoic acid, 2-amino-3-hydroxy-",10190.65,10190.65,10190.65,10190.65,20451.0,10190.65
"Benzoic acid, 3-amino-",720551.0,10564067.0,24823802.0,10781545.0,48181196.0,4706340.0
"Benzoic acid, 3-amino-, methyl ester",32107.9,32107.9,32107.9,32107.9,32107.9,32107.9
"Benzoic acid, 4-hydroxy-",11005.15,11005.15,11005.15,11005.15,11005.15,11005.15
Benzyl alcohol,18766.6,18766.6,18766.6,18766.6,18766.6,18766.6
Benzylamine,19127.65,19127.65,19127.65,19127.65,19127.65,19127.65
Betaine,138669984.0,70378032.0,97513392.0,93255288.0,115494664.0,155522800.0
BICUCULLINE (+),10000.0,10000.0,10000.0,10000.0,10000.0,10000.0
Bilirubin,17402.2,17402.2,17402.2,17402.2,17402.2,144103.0
Bisindolylmaleimide IV,10239.4,10239.4,35460.0,10239.4,10239.4,10239.4
butamben,1353984.0,1059020.9500000002,1059020.9500000002,1059020.9500000002,1059020.9500000002,1059020.9500000002
"Butanedioic acid, methylene-",12449.65,12449.65,12449.65,12449.65,12449.65,16137.0
"Butanoic acid, 2-amino-, (R)-",24949598.0,21234324.0,26331710.0,22081320.0,16533083.0,18050896.0
"Butanoic acid, 2-amino-, (S)-",19367436.0,6046411.6,14225141.0,7514680.0,6046411.6,7077464.0
Butylphosphonic acid,132582.0,489835.0,976316.0,107625.0,609543.0,959353.0
Butyryl-L-carnitine,1798659.0,1034726.0,1468205.0,1423930.0,773093.0,961416.0
Caffeic Acid,129947.0,27512.800000000003,27512.800000000003,119799.0,93462.0,144440.0
Caffeine,455474.0,7959658.0,37307376.0,16672635.0,26850406.0,860081.0
Cannabidiol,138526.0,28647.0,46774.0,15679.0,12274.0,227430.0
CAY10441,10000.0,10000.0,10000.0,10000.0,10000.0,10000.0
CAY10572,142096.3,142096.3,142096.3,142096.3,142096.3,142096.3
CAY10580,269884.0,35921.0,69494.0,45434.0,49091.0,291174.0
Choline,17864284.0,26697256.0,33615904.0,18985654.0,21209318.0,26154452.0
Choline cation,46264560.0,70977376.0,102044192.0,60453036.0,68603672.0,92812072.0
cis-12-Octadecenoic Acid methyl ester,157724.0,76661.0,174449.0,94865.0,120783.0,70809.0
cis-3-Hydroxy-DL-proline,38016.100000000006,38016.100000000006,38016.100000000006,38016.100000000006,38016.100000000006,38016.100000000006
cis-7-Hexadecenoic acid methyl ester,21267.4,21267.4,21267.4,21267.4,21267.4,21267.4
cis-9-Hexadecenoic acid,18392.35,18392.35,18392.35,18392.35,18392.35,18392.35
cis-9-palmitoleic acid,223425.0,141718.0,119632.0,120427.0,160542.0,91636.0
Citrulline,12645960.0,7476647.0,40973644.0,22101442.0,13552157.0,17065554.0
Clozapine,10221.85,10221.85,10221.85,10221.85,10221.85,10221.85
Codeine,5973476.050000001,5973476.050000001,5973476.050000001,5973476.050000001,5973476.050000001,5973476.050000001
"Conjugated linoleic acid (9E,11E)",379199.0,242717.0,269542.0,229839.0,419967.0,209950.0
Creatine,216628.0,66161.0,81910.0,93314.0,67043.0,34996.0
Creatinine,64552400.0,36218772.0,69266120.0,40904260.0,48134908.0,71267336.0
Cumylamine,438072.0,144072.0,349116.0,336887.0,15948.4,440056.0
Cyclizine,10000.0,10000.0,10000.0,10000.0,10000.0,10000.0
Cyclohexylamine,5210077.6,5210077.6,5210077.6,5210077.6,5210077.6,5210077.6
"Cyclopropanecarboxylic acid, 1-amino-",6361843.0,6397827.0,8610424.0,8018952.0,7615350.0,6745977.0
Cycluron,9759446.0,7137430.0,5251409.0,7899488.0,6056041.0,5422422.0
Cymoxanil,10000.0,10000.0,86942.0,10000.0,14376.0,10000.0
Cys-Glu-Lys,12857.65,12857.65,12857.65,12857.65,12857.65,12857.65
Cys-Gly,16355.650000000001,16355.650000000001,16355.650000000001,16355.650000000001,16355.650000000001,16355.650000000001
Cytosine,93457.0,69162.25,69162.25,69162.25,69162.25,69162.25
D-(-)-Ribose,11069.5,11069.5,11069.5,11069.5,11069.5,11069.5
D-(-)-Tagatose,10299.25,10299.25,10299.25,10299.25,10299.25,10299.25
D-(+)-Arabitol,82455.0,59816.0,60360.0,63292.0,114884.0,115532.0
D-(+)-Mannose,11647.0,11647.0,11647.0,11647.0,11647.0,11647.0
d-Dethiobiotin,236601.0,757135.0,293540.0,198068.0,371654.0,63080.950000000004
DEA,2316939.0999999996,2316939.0999999996,2316939.0999999996,2316939.0999999996,2316939.0999999996,2316939.0999999996
Decanoyl m-Nitroaniline,103032.0,173975.0,58128.0,79273.0,73266.0,73110.0
Decanoyl-L-carnitine,1377192.0,80879.0,312629.0,121846.0,185172.0,3277553.0
Demethylmethadone (EDDP),16291.0,16291.0,16291.0,16291.0,16291.0,16291.0
DESOXYPEGANINE,12156.55,12156.55,12156.55,12156.55,12156.55,12156.55
Dextromethorphan,596207.0,377904.0,228542.0,569933.0,251278.0,309789.0
D-Glucosaminic acid,160641.0,573683.0,892093.0,195410.0,558480.0,1169960.0
Di(propylene glycol) butyl ether,51457.75,51457.75,51457.75,51457.75,51457.75,51457.75
Di(propylene glycol) propyl ether,24601.9,24601.9,24601.9,24601.9,24601.9,24601.9
Diaminopimelic acid,1081850.0,662440.0,1278331.0,1047799.0,476332.0,875540.0
Diazoxide,10000.0,10000.0,10000.0,10000.0,10000.0,10000.0
dibucaine,295592.19999999995,295592.19999999995,295592.19999999995,295592.19999999995,327924.0,682270.0
Dibutyl adipate,361184.0,247807.0,200095.75,212485.0,200095.75,200095.75
Diethanolamine,739109.8,845216.0,842306.0,739109.8,739109.8,739109.8
Diethyl methylphosphonate,1151662.0,271739.0,378588.0,434476.0,277465.0,568092.0
Diethyl phthalate,3989740.1500000004,3989740.1500000004,3989740.1500000004,3989740.1500000004,3989740.1500000004,3989740.1500000004
Diethylene glycol hexyl ether,29379.4,29379.4,40702.0,29379.4,71482.0,29379.4
Difenoxuron,21601.0,16003.75,18149.0,16003.75,18577.0,29008.0
Dihydralazine,18926.5,18926.5,18926.5,18926.5,18926.5,18926.5
Diisopropyl methylphosphonate,10302.55,10302.55,10302.55,10302.55,10302.55,10302.55
Diisopropylethylamine,1894905.7000000002,1894905.7000000002,1894905.7000000002,1894905.7000000002,1894905.7000000002,1894905.7000000002
Dimethylformamide,1674120.0,1766085.0,2288006.0,2026851.0,1880815.0,1811814.0
Dimethylglycine,3083552.5,3083552.5,3083552.5,3083552.5,3083552.5,3083552.5
Dioctyl phthalate,182018.5,182018.5,182018.5,182018.5,185864.0,182018.5
Diphenylmethylphosphine,11204.8,11204.8,15733.0,11204.8,11204.8,11204.8
Diphenylmethylphosphine oxide,10000.0,10000.0,10000.0,10000.0,10000.0,10000.0
DL-.alpha.-Lipoamide,2211962.0,1819415.0,1115114.0,3628877.0,1472473.0,1127697.0
DL-.alpha.-Phenylglycine,31545.550000000003,31545.550000000003,31545.550000000003,31545.550000000003,31545.550000000003,31545.550000000003
DL-.beta.-Leucine,2857818.0,1796719.0,1627108.0,2071642.0,2048458.0,1173159.0
"DL-2,3-Diaminopropionic acid",16074.1,16074.1,16074.1,16074.1,16074.1,16074.1
DL-2-Methylglutamic acid,205930.0,110878.0,220658.0,241208.0,157080.0,215921.0
DL-3-amino-isobutanoic acid,3361305.5500000003,3361305.5500000003,3361305.5500000003,3361305.5500000003,3361305.5500000003,3361305.5500000003
DL-Arginine,1690305.0,1346746.0,908336.7999999999,1578892.0,1364668.0,1546429.0
DL-Homocysteine,12987.1,12987.1,12987.1,12987.1,12987.1,12987.1
DL-Homoserine,757945.0,796742.0,1126830.0,727950.0,896762.0,695774.0
DL-Indole-3-lactic acid,983472.0,19997.0,72563.0,387484.0,372290.0,112511.0
DL-Methionine sulfoxide,6605832.0,4947641.0,7584138.0,3303284.0,5390438.0,5617078.0
DL-Norvaline,1825316.0,1247949.0,2120888.0,1258500.0,1267098.0,1385315.0
DL-Octopamine,1083865.0,948945.0,1403896.0,1000835.0,811198.0,1187772.0
DL-Ornithine,315645056.0,323574368.0,431807776.0,316612992.0,236879200.0,286510496.0
DL-Phenylalanine,13382899.0,13028757.0,18992226.0,12839953.0,12708758.0,11818059.0
DL-Propargylglycine,49989.399999999994,49989.399999999994,49989.399999999994,49989.399999999994,49989.399999999994,49989.399999999994
DMABA-d4 NHS ester,186624.55,186624.55,186624.55,186624.55,186624.55,186624.55
D-Mannitol,399446.0,87136.0,420469.0,158045.0,205220.0,202086.0
D-Mannosamine,2907722.0,1495823.0,1856638.0,2003974.0,1650909.0,1541848.0
DMPO,3193046.6500000004,3193046.6500000004,3193046.6500000004,3193046.6500000004,3193046.6500000004,3193046.6500000004
D-Ornithine,11897221.0,9025570.0,21769532.0,8866937.0,9497075.0,15244653.0
D-Pipecolic acid,13277468.0,857501.0,7373906.0,2287649.0,2497776.0,5485258.0
D-Proline,12936600.0,15049801.0,25113998.0,15698235.0,12895192.0,14383476.0
D-Ribose,49701.0,516642.0,586358.0,149652.0,796362.0,452886.0
D-Ribulose,10188.7,10188.7,10188.7,10188.7,10188.7,10188.7
D-Serine,24464112.0,20545630.0,38249428.0,18764324.0,23959960.0,28041772.0
D-Threitol,11019.85,11019.85,11019.85,11019.85,11019.85,11019.85
D-Tryptophan,81831408.0,41658640.0,79013744.0,57064408.0,48664908.0,61938192.0
D-Xylose,10189.6,10189.6,10189.6,10189.6,10189.6,10189.6
E-64,15171.1,15171.1,15171.1,15171.1,15171.1,15171.1
Ectoine,664601.0,222145.0,267564.0,87565.0,188437.0,279469.0
Eflornithine,11509.0,11509.0,11509.0,11509.0,11509.0,11509.0
Ephedrine,263726.0,121184.0,295518.0,193484.0,121208.0,229075.0
Ergothioneine,7690468.0,468281.0,7024577.0,1039214.0,237284.0,1612682.0
"Ethanol, 2-(2-butoxyethoxy)-",112396.45000000001,112396.45000000001,112396.45000000001,112396.45000000001,112396.45000000001,112396.45000000001
"Ethanol, 2-(2-ethoxyethoxy)-",3143945.3499999996,3143945.3499999996,3143945.3499999996,3143945.3499999996,3143945.3499999996,3143945.3499999996
Ethyl imidazole-2-carboxylate,1076595.0,1523549.0,2070851.0,425857.0,855118.0,1832135.0
"ethyl-2,4-dimethyl-Thiazole-5-Carboxylate",10000.0,10000.0,10000.0,10000.0,10000.0,10000.0
Ethylenediaminetetraacetic acid,11477.35,11477.35,11477.35,11477.35,11477.35,11477.35
Ethylmalonic acid,10190.8,10190.8,10190.8,10190.8,10190.8,16814.0
Ethylphosphonic acid,10000.0,10000.0,10000.0,10000.0,10000.0,10000.0
F16 cation,10343.8,10343.8,10343.8,10343.8,10343.8,10343.8
FENDILINE,416827.14999999997,416827.14999999997,416827.14999999997,416827.14999999997,416827.14999999997,416827.14999999997
Ferimzone,52880.5,52880.5,52880.5,52880.5,52880.5,52880.5
Fexofenadine,72198.0,49942.0,52716.0,54811.0,85415.0,97728.0
Flavone,412019.0,730387.0,960653.0,281205.0,507048.0,398138.0
Flurenol butyl ester,111032.0,49115.0,31215.699999999997,31215.699999999997,148108.0,187344.0
Fluroxypyr 1-methylheptyl ester,10000.0,10000.0,10000.0,10000.0,10000.0,13352.0
"Formamide, N,N-dimethyl-",32436.25,32436.25,32436.25,32436.25,32436.25,32436.25
Gabapentin,370761.85,370761.85,370761.85,370761.85,370761.85,370761.85
Genipin,15740.65,15740.65,15740.65,15740.65,29269.0,15740.65
Gln-Met-Lys,572996.2,572996.2,572996.2,572996.2,572996.2,572996.2
Gly His Val,10473.7,10473.7,10473.7,10473.7,10473.7,10473.7
Gly Leu,1847152.0,1835794.0,672435.0,793703.0,480590.0,739642.0
Gly Val Arg,32651.35,32651.35,32651.35,32651.35,32651.35,32651.35
Glycerophosphocholine,100672720.0,60102916.0,93407568.0,81464048.0,107356168.0,66668024.0
Glycine,7980762.0,7945465.0,12268206.0,5820825.0,9492146.0,10149023.0
Glycyl-L-4-Hydroxyproline,3784572.0,3405368.0,4267482.0,3275878.0,4265050.0,3884694.0
Gly-Pro,161938.0,443774.0,100481.0,223931.0,341816.0,398066.0
Gly-Pro-Lys,2785316.5,2785316.5,2785316.5,4575911.0,16311564.0,2785316.5
Gly-Val,1281524.0,803695.0,638998.0,1056244.0,760942.0,524304.0
guanabenz,10000.0,10000.0,10000.0,10000.0,10000.0,10000.0
Guanidineacetic acid,10181511.0,5550396.0,7808465.0,5712770.0,12508159.0,7791192.0
Guanine,606254.0,687078.0,45147.399999999994,251060.0,680175.0,488104.0
GUVACINE,82735.6,82735.6,82735.6,82735.6,82735.6,82735.6
Harmane,10985.35,10985.35,10985.35,10985.35,10985.35,10985.35
HARMOL,10529.65,10529.65,10529.65,10529.65,10529.65,10529.65
Hemin,28433.949999999997,28433.949999999997,181866.0,28433.949999999997,28433.949999999997,38713.0
Hexaethylene glycol,708067.0,700605.55,700605.55,700605.55,756019.0,700605.55
"Hexanedioic acid, 2-amino-",748746.0,602346.0,696970.0,684197.0,241115.0,453117.0
"Hexanedioic acid, bis(2-ethylhexyl) ester",34901344.0,16107580.0,12652902.0,17164274.0,12707298.0,10090948.0
Hippuric acid,2604054.0,1640028.0,7124466.0,1746265.0,1672367.0,3031848.0
His Gly Val,10473.7,10473.7,10473.7,10473.7,10473.7,10473.7
His Pro Asp,24453.0,10753.3,10753.3,18666.0,10891.0,10753.3
His Val Gly,11690.95,11690.95,11690.95,11690.95,11690.95,11690.95
Hydralazine,16298.5,16298.5,16298.5,16298.5,16298.5,16298.5
Hydrogen sulfate anion,45476.0,27022.0,63950.0,49972.0,43299.0,70486.0
Hypotaurine,10301.65,10301.65,10301.65,10301.65,10301.65,10301.65
Hypoxanthine,25648.300000000003,474520.0,61733.0,25648.300000000003,25648.300000000003,63263.0
Ile-Glu-Lys,5774595.550000001,5774595.550000001,5887000.0,13172476.0,49190832.0,5774595.550000001
Ile-Ile,22349.0,11059.15,11059.15,11059.15,11059.15,11059.15
Ile-Leu-Lys,31270.9,31270.9,31270.9,58310.0,48928.0,31270.9
Ile-Ser-Lys,11106.85,11106.85,11106.85,11106.85,11106.85,11106.85
Ile-Val,128506.0,102851.0,229274.0,68754.0,140814.0,35183.0
Indole-3-acetamide,17115.85,17115.85,17115.85,17115.85,17115.85,19393.0
Indole-3-acetonitrile,1081609.0,938328.0,1370111.0,1299839.0,1124320.0,1301574.0
Indole-3-butyric acid,10722.55,10722.55,10722.55,10722.55,10722.55,10722.55
Inosine,421510.0,8942329.0,381656.0,131375.0,8407108.0,3372225.0
Isocytosine,93457.0,69162.25,69162.25,69162.25,69162.25,69162.25
Isoetharine,62397.0,52661.350000000006,77216.0,52661.350000000006,52661.350000000006,52661.350000000006
Isonicotinamide,26808.1,26808.1,26808.1,26808.1,26808.1,26808.1
Isopimaric acid,42889.0,44725.0,94709.0,148115.0,67037.0,188231.0
Isoprothiolane,341317.0,2669771.0,309131.0,137035.0,1652149.0,994419.0
Isoquinoline N-oxide,68371.0,61637.0,103141.0,53508.0,225471.0,65927.0
Jasmine lactone,58006.149999999994,58006.149999999994,58006.149999999994,58006.149999999994,58006.149999999994,58006.149999999994
JNJ-10198409,10238.8,10238.8,10238.8,10238.8,10238.8,10238.8
JWH 081 N-(5-hydroxypentyl),35552.8,35552.8,35552.8,35552.8,35552.8,35552.8
"Kavain, DL-",72616.0,72616.0,72616.0,72616.0,72616.0,72616.0
Kenpaullone,268257.0,243260.94999999998,243260.94999999998,243260.94999999998,243260.94999999998,243260.94999999998
L-(+)-Gulose,2987772.0,191738.0,65861.0,114903.0,1342591.0,176678.0
L-(+)-Threose,15007.0,15007.0,15007.0,15007.0,15007.0,15007.0
L-2-Aminoadipic acid,748746.0,602346.0,696970.0,684197.0,241115.0,453117.0
Labetalol,10333.45,10333.45,10333.45,10333.45,10333.45,7373494.0
Lactose,78659.0,106511.0,1136445.0,142190.0,167031.0,121997.0
"L-Alanine, N-acetyl-",1255910.0,1218983.0,2364701.0,1374654.0,1622210.0,2146219.0
L-Alloisoleucine,38767292.0,28593568.0,34803616.0,27277222.0,18365378.0,27244194.0
L-Arginine,26059936.0,22674230.200000003,22674230.200000003,22709572.0,22674230.200000003,22867634.0
L-Asparagine,17618348.0,13929228.0,22749860.0,17089204.0,13273750.0,21662000.0
L-Aspartic acid,1668949.0,3574910.0,10812835.0,2228504.0,3517690.0,8554437.0
L-Carnitine,8827350.0,247879.0,1976990.0,662634.0,1919431.0,2444422.0
L-Citrulline,28013814.0,24044522.0,74819520.0,32936942.0,22145490.0,29528704.0
L-Cysteine,10452.4,10452.4,10452.4,10452.4,10452.4,10452.4
L-Cystine,1097427.0,780722.0,2540006.0,1595675.0,1145278.0,2492682.0
Leu Val Val Val Asp,3121676.0,1352795.0,2730176.0,1657633.0,3829198.0,5145350.0
Leu-Gly,1847152.0,1835794.0,672435.0,793703.0,480590.0,739642.0
Leu-Leu,243103.0,73967.0,141813.0,37836.0,142988.0,46057.0
Leu-Val,128506.0,102851.0,229274.0,68754.0,140814.0,35183.0
L-Fucitol,1148327.0,390569.0,1236291.0,779733.0,532796.0,826826.0
L-Glutamic acid,32932.9,32932.9,32932.9,32932.9,32932.9,32932.9
L-Glutamine,432387552.0,348482432.0,471176032.0,350345248.0,396867904.0,389863712.0
L-Histidine,62890.899999999994,62890.899999999994,115930.0,62890.899999999994,62890.899999999994,67884.0
"L-Histidine, 1-methyl-",15996880.0,16044935.0,18407720.0,12197382.0,13517546.0,16897060.0
"L-Histidine, 3-methyl-",14380176.0,6031225.0,7533342.0,853694.0,526783.0,5950453.0
Linoleic acid,379199.0,242717.0,269542.0,229839.0,419967.0,209950.0
L-Isoleucine,59268452.0,45871440.0,67593920.0,44791624.0,29937634.0,46292488.0
L-Kynurenine,910358.0,491023.0,474230.0,784162.0,402910.0,1666091.0
L-Leucine,128144888.0,99756072.0,161702864.0,116655752.0,79052072.0,150790976.0
L-Lysine,5380022.0,4611796.0,7705276.0,5846865.0,4145061.8499999996,6011942.0
L-Methionine,3456559.0,3658006.0,5210672.0,3999123.0,3627807.0,4311228.0
"L-Methionine, N-acetyl-",51536.0,79691.0,537359.0,85834.0,249513.0,568386.0
L-N.gamma.-Monomethylarginine,6670968.0,2708791.0,5054402.0,4969608.0,2264893.0,2903685.0
L-N5-(1-Imino-3-pentenyl) ornithine,169058.0,141622.0,125942.20000000001,125942.20000000001,125942.20000000001,125942.20000000001
L-Ornithine,2860910.0,3359649.0,5240369.0,2281267.0,2220950.0,4454936.0
Loxistatin acid,348462.0,130447.0,149406.0,256536.0,182361.0,60736.0
L-Phenylalanine,568045.0,399307.0,361868.0,401840.0,175836.0,472175.0
L-Pipecolic acid,7090844.0,4536418.0,7706100.0,6314072.0,3885827.0,5735178.0
L-Proline,315645056.0,323574368.0,431807776.0,316612992.0,260962096.0,286510496.0
L-Serine,24464112.0,20545630.0,38249428.0,18764324.0,23959960.0,28041772.0
L-Theanine,20765.5,20765.5,20765.5,20765.5,20765.5,20765.5
L-Threonine,6361843.0,6397827.0,8610424.0,8018952.0,7615350.0,6745977.0
L-Tryptophan,67328248.0,31176542.0,69209464.0,47463664.0,40917260.0,60262240.0
L-Tyrosinamide,14934.1,14934.1,14934.1,14934.1,14934.1,14934.1
L-Tyrosine,35627800.0,28474402.0,43413396.0,31370848.0,24573106.0,34741692.0
Luminol,1954790.0499999998,4623554.0,1954790.0499999998,1954790.0499999998,2586487.0,3908102.0
L-Valine,224397552.0,172348784.0,258383728.0,187593616.0,128796688.0,189619744.0
Lys Ile Glu Arg,736757.0,382594.0,691108.0,424804.0,837923.0,1033235.0
Lys Lys Gly,10000.0,10000.0,11970.0,10000.0,10000.0,10135.0
Lys-Cys,11081.5,37935.0,11081.5,11081.5,11081.5,11081.5
Lyso-PC(16:0),129085232.0,59542864.0,49751100.0,66094672.0,74642432.0,99935952.0
Malathion,41102.8,41102.8,41102.8,41102.8,41102.8,41102.8
Mechlorethamine,10996.0,10996.0,22941.0,10996.0,40456.0,33884.0
Meconine,164231.0,41066.0,60319.0,53496.0,44642.0,40947.7
Mesterolone,13415.05,13415.05,17141.0,14886.0,13415.05,13415.05
Metformin,10161.25,10161.25,10161.25,10161.25,10161.25,11293.0
Methanesulfonic acid,10324.6,10324.6,10324.6,10324.6,10324.6,10324.6
Methyl acetoacetate,15048.0,11303.5,11303.5,11303.5,11303.5,11303.5
Methyl myristoleate,21654.55,21654.55,21654.55,21654.55,21654.55,21654.55
Methyldopa,27021867.549999997,27021867.549999997,27021867.549999997,27021867.549999997,27021867.549999997,27021867.549999997
Methylmalonic acid,10000.0,10000.0,10000.0,10000.0,10000.0,10000.0
Met-Lys-OH,13422.4,13422.4,28871.0,26672.0,13422.4,13422.4
Metronidazole,13888.9,13888.9,13888.9,13888.9,13888.9,107107.0
Metyrapone,13442.65,13442.65,13442.65,13442.65,13442.65,13442.65
Mexiletine,1252949.0,621677.0,879229.0,692140.0,691873.0,599312.0
Mitragynine,29987.0,16165.0,16064.5,23015.0,16064.5,16064.5
Molinate,13702.15,13702.15,13702.15,13702.15,13702.15,13702.15
Monoacetyldapsone(MADDS),10000.0,39262.0,17480.0,10000.0,36822.0,34700.0
N-(2-Furoyl)glycine,23616.0,129548.0,17253.0,32941.0,57616.0,16950.0
N-(4-Morpholin-4-yl-phenyl)-2-nitrobenzenesulfonamide,10000.0,10000.0,10000.0,10000.0,10000.0,10000.0
N-(tert-Butyl)benzenesulfonamide,140436.55,140436.55,140436.55,140436.55,140436.55,140436.55
"N,N-Bis(2-hydroxyethyl)glycine",684616.0,503424.69999999995,738814.0,546080.0,668121.0,503424.69999999995
"N,N-Dimethyl-L-valine",15154454.0,7170154.0,14312779.0,7332215.0,8124084.0,9550010.0
"N,N-Dimethyltryptamine (DMT)",11443.15,11443.15,11443.15,11443.15,11443.15,11443.15
N.alpha.-Acetyl-L-lysine,3023949.25,3023949.25,3023949.25,3023949.25,3023949.25,3023949.25
N.epsilon.-Acetyl-L-lysine,1847152.0,1835794.0,672435.0,793703.0,480590.0,739642.0
N.epsilon.-Methyl-L-lysine,2176284.0,1313966.0,2142618.0,1209234.0,648393.0,1584725.0
N6-(1-Iminoethyl)-L-lysine,16908.85,16908.85,16908.85,16908.85,16908.85,16908.85
N8-Acetylspermidine,4741949.800000001,4741949.800000001,4741949.800000001,4741949.800000001,4741949.800000001,4741949.800000001
N-Acetyl-D-glucosamine,114540.0,109446.0,218643.0,171377.0,229805.0,428247.0
N-Acetyl-DL-serine,14118.7,14118.7,14118.7,14118.7,14118.7,14118.7
N-Acetylglycine methyl ester,1255910.0,1218983.0,2364701.0,1374654.0,1622210.0,2146219.0
N-Acetyl-L-alanine,19564566.0,30036696.0,25914534.0,19572928.0,13706210.0,16691076.0
N-Acetylpyrrolidine,3294535.5999999996,3294535.5999999996,3294535.5999999996,3294535.5999999996,3294535.5999999996,3294535.5999999996
Nadolol,310528.0,299378.0,298655.0,327515.0,143855.0,551105.0
Nalbuphine,1202140.0,1201645.0,1254225.0,1038040.0,885228.0,675232.0
N-Benzoylaminopurine,10555.6,10555.6,10555.6,10555.6,10555.6,10555.6
N-Benzylacetamidine,14719.75,14719.75,14719.75,14719.75,14719.75,14719.75
N-benzylideneaniline n-oxide,11451.7,11451.7,11451.7,11451.7,11451.7,11451.7
N-Formylglycine,10843.45,10843.45,10843.45,10843.45,10843.45,10843.45
Niacinamide,59290.75,59290.75,59290.75,59290.75,59290.75,59290.75
Nicotinamide N-oxide,30385.15,30385.15,30385.15,30385.15,30385.15,30385.15
Nicotinuric acid,93629.0,44698.0,107129.0,64113.0,14806.9,73973.0
N-Isovaleroylglycine,2150135.0,178479.40000000002,18804216.0,393685.0,743866.0,1009230.0
N-Lauroylsarcosine,43974.25,43974.25,43974.25,43974.25,43974.25,43974.25
N-Methyl-.alpha.-aminoisobutyric acid,1825316.0,1603362.0,2599047.0,1642660.0,1267098.0,1670855.0
N-Methylnicotinic acid cation,720551.0,10564067.0,24823802.0,10781545.0,48181196.0,4706340.0
N-Methylpropionamide,1661737.9000000001,1661737.9000000001,1661737.9000000001,1661737.9000000001,1661737.9000000001,1661737.9000000001
N-Methyltryptamine,36745.0,18664.0,10571.95,15492.0,11543.0,10571.95
N-n-Butylpropionamide,37060.899999999994,37060.899999999994,37060.899999999994,37060.899999999994,37060.899999999994,37060.899999999994
N-Nervonoyl-D-erythro-sphingosylphosphorylcholine,690884.3500000001,690884.3500000001,690884.3500000001,690884.3500000001,690884.3500000001,690884.3500000001
N-Nitrosopiperidine,45418.149999999994,45418.149999999994,45418.149999999994,45418.149999999994,45418.149999999994,45418.149999999994
N-Nitrosopyrrolidine,314359.9,314359.9,314359.9,314359.9,314359.9,314359.9
N-Oleoylethanolamine,538858.0,346224.0,168296.0,373039.0,330515.0,141995.0
NOMIFENSIN,11663.8,11663.8,11663.8,11663.8,11663.8,11663.8
Norfenfluramine,120220.75,264640.0,120220.75,122201.0,209721.0,157467.0
Norfloxacin,10263.1,10263.1,10263.1,10263.1,10263.1,10263.1
n-Pentadecylamine,10234.3,10234.3,10234.3,10234.3,10234.3,10234.3
N-Tetracosenoyl-4-sphingenyl-1-O-phosphorylcholine,690884.3500000001,690884.3500000001,690884.3500000001,690884.3500000001,690884.3500000001,690884.3500000001
Nylidrin,118143.84999999999,118143.84999999999,118143.84999999999,118143.84999999999,118143.84999999999,504447.0
Oleic Acid-biotin,824531.0,28831.0,28831.0,33169.0,28831.0,28831.0
Oleoyl Ethanolamide-d4,1028253.0,527325.0,19888.75,51310.0,37438.0,19888.75
O-Methyltyramine,26599.300000000003,26599.300000000003,44863.0,26599.300000000003,26599.300000000003,26599.300000000003
o-Toluidine,19127.65,19127.65,19127.65,19127.65,19127.65,19127.65
Oxalic acid,10000.0,10000.0,10000.0,10000.0,10000.0,10000.0
OXIBENDAZOLE,14017.0,14017.0,14017.0,14017.0,14017.0,14017.0
Oxindole,335609.0,1254332.0,893404.0,290920.0,503820.0,511210.0
Palmitoleic Acid ethyl ester,30121.0,22128.0,16909.3,16909.3,16909.3,16909.3
Palmitoleoyl-EA,48842.0,79680.0,50379.0,55410.0,49278.0,44803.0
Palmitoyl ethanolamide,80137320.0,44583396.0,941843.0,7253206.0,3718328.0,1085374.0
Pantothenic acid,2580286.0,868413.0,1488354.0,577515.0,576156.0,968343.0
Paraxanthine,425394.0,2382370.0,8212220.0,2673908.0,18691222.0,734539.0
p-Chloroaniline,10000.0,10000.0,10000.0,10000.0,10000.0,11726.0
PE(19:1(9Z)/0:0),894595.0,501787.0,457226.0,580551.0,551271.0,860885.0
Pentazocine,10000.0,10000.0,10000.0,10000.0,10000.0,10000.0
Perillaldehyde,75890.35,75890.35,75890.35,75890.35,75890.35,75890.35
Phe Asp,10241.05,10241.05,10241.05,10241.05,10241.05,10241.05
Phe Pro Ser,10000.0,10000.0,10000.0,10000.0,10000.0,10000.0
Phe Val Lys Lys,2873582.0,1526521.0,3534582.0,1658040.0,3818396.0,3309600.0
Phenazopyridine,17500.75,17500.75,17500.75,17500.75,17500.75,17500.75
Pheniramine,1749498.0,895907.0,437371.89999999997,437371.89999999997,437371.89999999997,437371.89999999997
"Phenol, 4-amino-",52195.45,52195.45,98840.0,52195.45,53254.0,52195.45
"Phenol, o-amino-",35609.649999999994,35609.649999999994,35609.649999999994,35609.649999999994,35609.649999999994,35609.649999999994
Phenylacetaldehyde,660659.0,437664.0,661456.0,585230.0,494186.0,429004.0
Phenylbutazone,64118.0,76978.0,32337.1,87383.0,100453.0,87436.0
Phenylpiperazine,22114.9,22114.9,22114.9,22114.9,22114.9,22114.9
Phenyltoloxamine,58907.5,58907.5,58907.5,58907.5,62077.0,58907.5
Phenyltriethylammonium cation,11446.6,11446.6,11446.6,11446.6,11446.6,11446.6
Phe-Ser-Lys,15365.8,15365.8,15365.8,15365.8,15365.8,15365.8
Phosphocholine,499668.0,78834.0,252859.0,22800.4,36606.0,22800.4
Phthalazinone pyrazole,98209.0,82457.0,248142.0,107720.0,164672.0,116334.0
Phthalic anhydride,1048487.0,482392.0,412375.44999999995,746427.0,530517.0,412375.44999999995
p-Hydroxyphenyllactic acid,1753617.0,1168302.0,1989623.0,1425178.0,1087810.0,1532486.0
Pifithrin-.alpha.,10000.0,10000.0,10000.0,10000.0,10000.0,10000.0
Pinolenic acid,757217.0,529051.0,726281.0,682393.0,940478.0,607836.0
PP2,139389.0,370145.0,547598.0,170961.0,159025.0,167395.0
Pro Glu Leu Ala Lys,10000.0,10000.0,10000.0,10000.0,10000.0,10000.0
Pro Leu,5108370.0,745424.0,1812905.0,1046601.0,1069706.0,2576020.0
Pro-Ala-Arg,21595.0,21595.0,21595.0,21595.0,21595.0,274029.0
Procarbazine,16270.45,16270.45,16279.0,16270.45,16270.45,16270.45
Procyclidine,10000.0,10000.0,10000.0,10000.0,10000.0,10000.0
Pro-Leu,5108370.0,745424.0,1812905.0,1046601.0,1069706.0,2576020.0
Propamocarb,1641505.0,2175366.0,2151470.0,1466656.0,1658526.0,1556163.0
Propiolic acid,11274.55,11274.55,11274.55,11274.55,20928.0,11274.55
Propylpyrazole Triol,10000.0,10000.0,10000.0,10000.0,10000.0,10000.0
Prostaglandin A2 methyl ester,11266.6,19993.0,22703.0,11266.6,11266.6,11266.6
PSN375963,10000.0,10000.0,10000.0,10000.0,10000.0,10000.0
Pterine,10593.4,10593.4,10593.4,10593.4,10593.4,10593.4
Pterostilbene,10220.05,10220.05,10220.05,10220.05,10220.05,10220.05
Purine,10537.75,10537.75,10537.75,10537.75,10537.75,10537.75
Pyrantel,10238.35,10238.35,10238.35,10238.35,10238.35,10238.35
Pyrazinamide,15992.0,11994.55,76892.0,14153.0,11994.55,38359.0
"Pyridine, 4-methyl-",37640.350000000006,37640.350000000006,37640.350000000006,37640.350000000006,37640.350000000006,37640.350000000006
Pyridine-2-azo-p-dimethylaniline,48146.0,48000.100000000006,48000.100000000006,48000.100000000006,48000.100000000006,48000.100000000006
"Pyridine-3,4-dicarboxylic acid",14703.85,14703.85,14703.85,14703.85,14703.85,14703.85
Pyridoxal,144004.0,51258.7,177794.0,64790.0,51258.7,82478.0
Pyridoxamine,2527579.0,1859844.0,1168283.0499999998,2483682.0,1563695.0,2340145.0
Pyridoxine,43415.0,45789.0,34486.0,35335.0,33010.9,33010.9
pyro-Glu-His-Pro-NH2,10775.2,10775.2,10775.2,10775.2,10775.2,10775.2
Pyroquilon,12954.1,12954.1,12954.1,12954.1,12954.1,12954.1
Pyrrole-2-carboxylic acid,21831.85,21831.85,21831.85,21831.85,21831.85,21831.85
Quinine,10000.0,10000.0,10000.0,10000.0,10000.0,10000.0
S(-)-Cathinone,174018.0,73536.0,123012.0,89212.0,86117.0,99802.0
Salicin,10279.75,10279.75,10279.75,10279.75,10279.75,10279.75
Salicylic acid,11005.15,11005.15,11005.15,11005.15,11005.15,11005.15
SANGUINARINE,43012.45,43012.45,43012.45,43012.45,43012.45,1993413.0
Sarcosine,77951280.0,54469172.0,95688856.0,97065264.0,95774872.0,103510336.0
Ser Gly Ser,1473651.0,8190884.0,22794828.0,909112.0,12705616.0,32876408.0
Ser-Ile-Lys,11106.85,11106.85,11106.85,11106.85,11106.85,11106.85
Ser-Leu-Lys,11106.85,11106.85,11106.85,11106.85,11106.85,11106.85
Serotonin,149950.0,127737.0,567946.0,232355.0,101947.0,180752.0
SM(d18:1/16:0),1045357.0,1045357.0,1045357.0,1045357.0,1045357.0,1045357.0
S-methyl Isothiourea,10000.0,10000.0,10000.0,10000.0,10000.0,10000.0
S-Methyl-L-cysteine,3119825.0,2937359.0,2507787.0,6011256.0,2750910.0,2214168.0
S-Methyl-L-thiocitrulline,12457.9,12457.9,12457.9,12457.9,12457.9,12457.9
Spiroxamine,48842.0,79680.0,50379.0,55410.0,49278.0,44803.0
Splitomicin,22334.050000000003,22334.050000000003,22334.050000000003,22334.050000000003,22334.050000000003,22334.050000000003
Stearamide,832106.0,245455.0,199106.0,507228.0,456854.0,271528.0
Stearidonic acid ethyl ester,19546.9,19546.9,19546.9,19546.9,19546.9,19546.9
Stearoylethanolamide,4272790.0,1179602.0,18656.65,82779.0,33617.0,19053.0
Suberoylanilide hydroxamic acid,11191.6,11191.6,11191.6,11191.6,11191.6,11191.6
"Succinic acid-2,2,3,3-d4",27504.4,27504.4,27504.4,27504.4,27504.4,27504.4
Sulfamoxole,10000.0,10000.0,10000.0,10000.0,10000.0,10000.0
Sulfolane,10000.0,10000.0,10000.0,10000.0,10000.0,10000.0
Sulforaphane,2885458.0,2241354.0,1536045.0,4009324.0,2248912.0,1564080.0
Syringic acid,26646.1,26646.1,26646.1,26646.1,26646.1,26646.1
Taurine,9974990.0,17545090.0,46844020.0,11851088.0,25111772.0,24133012.0
TEBUTHIURON,10204.0,10204.0,10204.0,10204.0,10204.0,10204.0
TEGASEROD,9920704.0,6465074.0,4629068.0,7950640.0,6263975.0,2621585.5
Tetraethylene glycol,5774595.550000001,5774595.550000001,5887000.0,13172476.0,49190832.0,5774595.550000001
Tetramethylammonium cation,804117.25,804117.25,804117.25,804117.25,804117.25,804117.25
Tetramethylphosphonium cation,10415.5,10415.5,10415.5,10415.5,10415.5,10415.5
Tetramethylpyrazine,18662.8,18662.8,18662.8,18662.8,18662.8,18662.8
Tetramethylthiourea,27465.0,25941.699999999997,25941.699999999997,25941.699999999997,25941.699999999997,25941.699999999997
Theobromine,425394.0,2382370.0,8212220.0,2673908.0,18691222.0,734539.0
Theophylline,425394.0,2382370.0,8212220.0,2673908.0,18691222.0,734539.0
Thiocarbonohydrazide,10000.0,10000.0,10000.0,10000.0,10000.0,10000.0
Thr Asn Leu Arg,10354.9,10354.9,14243.0,10354.9,10354.9,11016.0
Thr-Ala-Arg,67887.0,16384.0,11123.65,26482.0,23354.0,11123.65
THYMOQUINONE,37751.5,41584.0,37751.5,37751.5,37751.5,37751.5
Tolmetin,17229.7,17229.7,17229.7,17229.7,17229.7,17229.7
Tramadol,11923.0,11923.0,11923.0,11923.0,11923.0,11923.0
trans-2-Hydroxycinnamic acid,1187161.0,1364365.0,2060679.0,1151641.0,1161895.0,1278613.0
trans-2-Phenylcyclopropylamine,1069025.0,1140890.0,1632294.0,1287747.0,1147834.0,1173180.0
trans-4-(Aminomethyl)cyclohexanecarboxylic acid,496792.0,680995.0,888762.0,874220.0,309756.0,184420.0
"trans-4,5-Epoxy-2(E)-decenal",58006.149999999994,58006.149999999994,58006.149999999994,58006.149999999994,58006.149999999994,58006.149999999994
Trans-4-Hydroxy-L-proline,19564566.0,30036696.0,25914534.0,19572928.0,13706210.0,16691076.0
trans-Cinnamic acid,94786.0,90174.0,133838.0,117867.0,86625.0,191438.0
Tri(propylene glycol) methyl ether,6411591.25,6411591.25,6411591.25,6411591.25,6411591.25,6411591.25
Triamifos,16693.0,16693.0,16693.0,16693.0,16693.0,16693.0
Triethanolamine,2857818.0,1796719.0,1627108.0,2071642.0,2048458.0,1173159.0
Triethylene glycol,2785316.5,2785316.5,2785316.5,4575911.0,16311564.0,2785316.5
Trigonelline,447202.0,9127470.0,23960028.0,9997873.0,44832852.0,4706340.0
Trimethylamine N-oxide,5166093.0,9116202.0,3747404.0,18117568.0,3436913.0,7956602.0
Trinexapac-ethyl,15950.05,15950.05,15950.05,15950.05,15950.05,15950.05
Triphenylphosphine,10000.0,10000.0,10000.0,10000.0,10000.0,10000.0
Tripropylene glycol,799015.75,799015.75,799015.75,799015.75,799015.75,799015.75
Tris(2-butoxyethyl) phosphate,18625.0,18715.0,37735.0,18625.0,18625.0,19080.0
Tris(hydroxymethyl)aminomethane,3377722.9000000004,3377722.9000000004,3377722.9000000004,3377722.9000000004,3377722.9000000004,3377722.9000000004
Trp His Tyr,11031.25,11031.25,11031.25,11031.25,11031.25,2092653.0
Trp-Glu,10000.0,14190.0,10000.0,10000.0,10000.0,10000.0
Tumonoic Acid I,2710467.0,1000625.0,993027.0,1271259.0,1541503.0,2248841.0
Tyr-Ser-Lys,10748.2,10748.2,10748.2,10748.2,10748.2,10748.2
Tyr-Val-Lys,7861778.0,3102412.0,5823863.0,3551084.0,4454674.0,2731589.0
U-73122,10000.0,10000.0,10000.0,10000.0,10000.0,10000.0
"UNDEC-2-ENE-8,10-DIYNOIC ACID ISOBUTYLAMIDE",284497.0,225004.0,172469.0,321893.0,234280.0,256990.0
Urea,72045576.0,46268864.0,68269072.0,56025112.0,58173772.0,45754524.0
"Urea, N,N'-dimethyl-",4400303.0,4217406.699999999,4217406.699999999,4217406.699999999,4217406.699999999,4217406.699999999
Val-Ala-Arg,87374.79999999999,87374.79999999999,87374.79999999999,87374.79999999999,87374.79999999999,158073.0
Val-Gly-Arg,29610.699999999997,29610.699999999997,29610.699999999997,29610.699999999997,29610.699999999997,29610.699999999997
Val-Ser-Lys,10810.9,10810.9,10810.9,10810.9,10810.9,10810.9
Vanillic acid diethyl amide,101030.0,34844.0,227555.0,17569.45,17569.45,41223.0
Venlafaxine,119773.0,91333.0,70448.0,51655.0,76570.0,21276.1
YC-1,50620.0,10000.0,53763.0,36127.0,10000.0,12263.0
