,Metabolite,Formula,Ion Type,RT Start (min),RT End (min),m/z Tolerance (ppm),RT Tolerance (min),mz,obs_mz,ppm,winner,RT,RT_min,RT_max,RT_range,T1,T2,T3,T4,T5,T6,SQ437_B_0,SQ437_B_1,SQ437_B_2,SQ437_B_3,SQ437_B_4,SQ437_B_5,ttest_pval,1/pvalue,Tom plus Dox_Mean,Tom minus Dox_Mean,Log2FoldChange,LogFoldChange,blank_threshold,combined_mean,impact_score,Detection
0,1-Methylnicotinamide,C7H8N2O,[M+H]+,19.0,21.0,15,0.2,137.0709,137.0708,-1.0,S07372,20.22,20.11,20.46,0.35,29987.5,29987.5,29987.5,29987.5,29987.5,29987.5,9115,6687,6796,5673,8484,3220,NA,NA,29987.5,29987.5,0.0,1.0,29987.5,29987.5,0.0,0
1,"2,3-Diphosphoglyceric acid",C3H8O10P2,[M-H]-,12.0,15.0,15,0.2,264.952,264.9531,4.2,S07377,13.29,13.17,13.4,0.23,10000.0,10000.0,10000.0,10000.0,10000.0,10000.0,0,0,0,0,0,0,NA,NA,10000.0,10000.0,0.0,1.0,10000.0,10000.0,0.0,0
2,3-Hydroxybutyric acid,C4H8O3,[M-H]-,5.7,7.7,15,0.2,103.0401,103.0388,-12.3,S07376,7.29,7.16,7.53,0.37,451836.5,451836.5,451836.5,451836.5,451836.5,451836.5,152369,141953,141862,138170,156211,153108,NA,NA,451836.5,451836.5,0.0,1.0,451836.5,451836.5,0.0,0
3,3-Phosphoglyceric acid,C3H7O7P,[M-H]-,13.0,15.0,15,0.2,184.9857,184.9847,-5.2,S07372,14.26,14.24,14.46,0.22,105810.5,105810.5,148911.0,105810.5,139820.0,216065.0,9168,4255,59089,15946,79284,23879,0.39743144828583,2.5161571997211625,120177.33333333333,153898.5,-0.3568143554851584,0.7808869698751666,105810.5,137037.91666666666,0.0,3
4,"4,5-Dihydroorotic acid",C5H6N2O4,[M-H]-,7.5,9.5,15,0.2,157.0255,157.0243,-7.5,S07377,8.55,8.49,8.65,0.16,201465.0,250807.0,419284.0,457057.0,468052.0,502788.0,0,0,0,1541,0,0,0.05122171053946153,19.522971596772305,290518.6666666667,475965.6666666667,-0.712226645896441,0.6103773591512553,10770.5,383242.1666666667,12.0,6
5,4-Hydroxyproline,C5H9NO3,[M+H]+,10.2,11.2,15,0.2,132.0655,132.0659,2.9,S07373,10.92,10.85,11.0,0.16,1008014.0,1211158.0,1325774.0,808215.0,733571.0,881612.0,65034,15269,97246,11904,58112,13379,0.02166322517747922,46.16117830135403,1181648.6666666667,807799.3333333334,0.5487322898875681,1.4627997547245644,140472.0,994724.0,67.0,6
6,5'-Methylthioadenosine,C11H15N5O3S,[M+H]+,3.0,5.0,15,0.2,298.0968,298.0957,-3.8,S07372,4.36,4.19,4.48,0.29,4518665.0,5071175.0,5726384.0,5141716.0,5063696.0,5718389.0,38963,3893,45335,2903,37009,3516,0.643722954472598,1.553463323083297,5105408.0,5307933.666666667,-0.05612408238009846,0.9618447253893715,75809.5,5206670.833333334,8.0,6
7,5-Phosphoribosylamine,C5H12NO7P,[M-H]-,11.5,13.5,15,0.2,228.0279,228.0269,-4.2,S07370,12.78,12.62,13.0,0.38,10819.5,10819.5,10819.5,10819.5,10819.5,10819.5,0,0,0,0,1639,0,NA,NA,10819.5,10819.5,0.0,1.0,10819.5,10819.5,0.0,0
8,6-Phosphogluconic acid,C6H13O10P,[M-H]-,14.0,17.0,15,0.2,275.0174,275.0165,-3.1,S07372,15.21,15.08,15.41,0.33,18003.5,18003.5,18003.5,18003.5,18003.5,18003.5,0,0,5589,0,8508,1910,NA,NA,18003.5,18003.5,0.0,1.0,18003.5,18003.5,0.0,0
9,Acetoacetic acid,C4H6O3,[M-H]-,8.3,10.3,15,0.2,101.0244,101.023,-14.0,S07375,9.94,9.74,10.12,0.39,79494.5,79494.5,79494.5,79494.5,79494.5,79494.5,22873,17356,25386,20772,27960,24642,NA,NA,79494.5,79494.5,0.0,1.0,79494.5,79494.5,0.0,0
10,Acetyl-CoA,C23H38N7O17P3S,[M+H]+,8.0,11.0,15,0.2,810.1331,810.1262,-8.5,S07374,9.74,9.65,9.88,0.23,17401.0,11045.0,15224.0,16873.0,11045.0,11045.0,0,0,2090,0,0,0,0.591401501298777,1.6908986497394742,14556.666666666666,12987.666666666666,0.1645377674942296,1.1208069193850576,11045.0,13772.166666666666,0.0,3
11,Acetylcysteine,C5H9NO3S,[M+H]+,6.0,8.0,15,0.2,164.0376,164.0374,-1.2,S07376,6.98,6.77,7.23,0.45,21346.0,21695.0,15965.0,30226.0,36033.0,28530.0,1612,1756,0,0,0,0,0.015257192581301818,65.54285755201991,19668.666666666668,31596.333333333332,-0.6838579863225374,0.6224983911635317,11684.0,25632.5,3.0,6
12,Adenine,C5H5N5,[M+H]+,5.0,7.0,15,0.2,136.0618,136.0614,-2.7,S07370,6.41,6.34,6.46,0.13,12926249.0,13067788.0,11609501.0,16554408.0,18198726.0,8943207.0,216293,65812,188670,71255,220672,135251,0.5207515033485529,1.9203017054579163,12534512.666666666,14565447.0,-0.21664407086495835,0.8605649154925809,458976.5,13549979.833333332,30.0,6
13,Adenosine,C10H13N5O4,[M+H]+,4.5,7.0,15,0.2,268.10400000000004,268.1033,-2.7,S07366,6.03,5.92,6.1,0.18,8448977.0,6862284.0,4104250.0,5891624.0,4849338.0,2920210.0,41513,25534,28949,33514,38527,53844,0.28066998286826217,3.5629032708829755,6471837.0,4553724.0,0.5071284196765493,1.4212185455244981,120940.5,5512780.5,28.0,6
14,Adenosine diphosphate ribose,C15H23N5O14P2,[M-H]-,10.9,12.9,15,0.2,558.0644,558.0624,-3.6,S07372,12.16,11.93,12.16,0.23,11035.5,11035.5,11035.5,11035.5,11035.5,11035.5,0,0,0,0,2071,0,NA,NA,11035.5,11035.5,0.0,1.0,11035.5,11035.5,0.0,0
15,Adenosine monophosphate,C10H14N5O7P,[M+H]+,9.8,11.8,15,0.2,348.0704,348.0678,-7.4,S07373,10.97,10.81,11.02,0.21,452717.0,481183.0,473935.0,492704.0,527928.0,510543.0,132590,31211,178244,67383,319356,102659,0.036362537010469,27.50083141096821,469278.3333333333,510391.6666666667,-0.12116092152725981,0.9194474831420314,425721.5,489835.0,15.0,6
16,Adenosine triphosphate,C10H16N5O13P3,[M-H]-,12.5,14.5,15,0.2,505.9885,505.98800000000006,-0.9,S07372,14.02,14.01,14.27,0.26,315611.0,315611.0,581912.0,315611.0,504461.0,917507.0,20845,2030,188101,32227,306229,61790,0.4285673991493017,2.3333552715045087,404378.0,579193.0,-0.5183396562169791,0.6981748743510368,315611.0,491785.5,2.0,3
17,Adenylsuccinic acid,C14H18N5O11P,[M-H]-,14.5,16.5,15,0.2,462.0668,462.0672,0.9,S07377,15.75,15.7,15.87,0.17,10000.0,10000.0,10000.0,10000.0,10000.0,10000.0,0,0,0,0,0,0,NA,NA,10000.0,10000.0,0.0,1.0,10000.0,10000.0,0.0,0
18,ADP,C10H15N5O10P2,[M-H]-,11.1,13.1,15,0.2,426.0221,426.0215,-1.5,S07377,12.54,12.44,12.61,0.18,526830.0,526830.0,526830.0,526830.0,526830.0,530238.0,42121,24985,257624,98414,450406,160110,0.373900966300059,2.67450498963806,526830.0,527966.0,-0.0031075244883428327,0.9978483462950266,526830.0,527398.0,1.0,1
19,Allantoin,C4H6N4O3,[M-H]-,9.3,11.3,15,0.2,157.0367,157.0356,-7.1,S07370,10.31,10.11,10.41,0.3,10000.0,10000.0,10000.0,10000.0,12758.0,10000.0,0,0,0,0,0,0,0.37390096630005853,2.6745049896380637,10000.0,10919.333333333334,-0.12688477694879166,0.9158068258135417,10000.0,10459.666666666668,0.0,1
20,Aminoadipic acid,C6H11NO4,[M-H]-,5.9,7.9,15,0.2,160.0615,160.0603,-7.7,S07377,6.92,6.77,7.08,0.31,519936.0,595390.0,592455.0,688336.0,621874.0,730578.0,1763,1859,4351,2345,2424,1782,0.05051331475686624,19.79676061278617,569260.3333333334,680262.6666666666,-0.25700334037609557,0.8368243051213552,17262.0,624761.5,15.0,6
21,Argininosuccinic acid,C10H18N4O6,[M-H]-,12.5,14.5,15,0.2,289.1154,289.1144,-3.3,S07367,13.83,13.69,14.02,0.33,12267.0,14369.0,13201.0,12267.0,12267.0,12267.0,1540,0,1832,0,1162,0,0.17137536984176313,5.835144227104133,13279.0,12267.0,0.11436403722155807,1.0824977582130921,12267.0,12773.0,0.0,2
22,Beta-Alanine,C3H7NO2,[M+H]+,9.8,10.5,15,0.2,90.055,90.0553,3.8,S07377,10.48,10.24,10.49,0.25,202746.0,184091.0,204058.0,178381.0,178381.0,178381.0,39023,27089,90703,46847,74594,58506,0.04491927164651199,22.262159722210246,196965.0,178381.0,0.14297733371291854,1.1041814991506942,178381.0,187673.0,5.0,3
23,Betaine,C5H11NO2,[M+H]+,7.0,8.2,15,0.2,118.0863,118.0861,-1.3,S07376,8.04,8.0,8.1,0.1,3975192.0,4351522.0,4077081.0,4315232.0,4630938.0,4650396.0,383751,385142,413825,385400,437101,433375,0.06372037461205819,15.693567498436582,4134598.3333333335,4532188.666666667,-0.13246073742882408,0.9122740992100505,1229297.0,4333393.5,75.0,6
24,Butyrylcarnitine,C11H21NO4,[M+H]+,4.2,6.2,15,0.2,232.1543,232.1536,-3.2,S07377,5.86,5.65,5.97,0.31,803112.0,960425.0,1015239.0,1232902.0,1176140.0,1418194.0,3318,2851,5701,2450,2885,5608,0.02259808964712654,44.25152814309482,926258.6666666666,1275745.3333333333,-0.46185332299576287,0.7260529530972222,21406.5,1101002.0,67.0,6
25,Carbamoyl phosphate,CH4NO5P,[M-H]-,27.0,30.0,15,0.2,139.9754,139.9742,-8.8,S07377,27.87,27.84,28.12,0.28,4821333.0,5834736.0,6190656.0,5833046.0,6249730.0,6226578.0,632114,32535,1166884,41117,952212,28699,0.3220877808419999,3.1047436738699186,5615575.0,6103118.0,-0.12011273109395788,0.9201157506703951,1436780.5,5859346.5,20.0,6
26,Carnosine,C9H14N4O3,[M+H]+,10.6,12.6,15,0.2,227.1139,227.1108,-13.5,S07375,10.67,10.67,10.67,0.0,10000.0,10000.0,10000.0,10000.0,10000.0,10000.0,0,0,0,0,0,0,NA,NA,10000.0,10000.0,0.0,1.0,10000.0,10000.0,0.0,0
27,CDP,C9H15N3O11P2,[M+H]+,13.0,15.0,15,0.2,404.0255,404.0258,0.8,S07377,14.44,14.34,14.66,0.32,31651.5,31651.5,31651.5,31651.5,31651.5,31651.5,2528,1427,11957,5467,14305,7619,NA,NA,31651.5,31651.5,0.0,1.0,31651.5,31651.5,0.0,0
28,Choline,C5H14NO,[Cat]+,11.0,15.0,15,0.2,104.10700000000001,104.1071,1.1,S07376,11.01,11.0,11.15,0.15,1151845.0,1080482.0,1391928.0,1394276.0,1286792.0,1736901.0,84213,19853,105521,17292,320653,15686,0.18453065583157302,5.41915377417144,1208085.0,1472656.3333333333,-0.28569882967708976,0.8203441445605436,291609.0,1340370.6666666665,9.0,6
29,cis-Aconitic acid,C6H6O6,[M-H]-,14.1,16.1,15,0.2,173.0092,173.0081,-6.1,S07377,15.25,15.12,15.28,0.16,1086962.0,1302028.0,1930565.0,1677169.0,2315418.0,2111222.0,101856,32712,493736,87525,777404,103227,0.13239348763774586,7.553241612126671,1439851.6666666667,2034603.0,-0.49882712437144516,0.7076818753666768,808230.0,1737227.3333333335,19.0,6
30,Citric acid,C6H8O7,[M-H]-,14.2,16.2,15,0.2,191.0197,191.0188,-4.9,S07377,15.51,15.47,15.58,0.11,4222080.5,4222080.5,4528466.0,4222080.5,4390333.0,5689788.0,1971576,958014,1945152,776307,2055455,717657,0.40349244850042587,2.478361128483287,4324209.0,4767400.5,-0.14076657461788955,0.9070370739777369,4222080.5,4545804.75,12.0,3
31,Citrulline,C6H13N3O3,[M+H]+,10.9,12.9,15,0.2,176.10299999999998,176.1026,-2.1,S07377,12.31,12.21,12.36,0.15,138369.0,407552.0,138369.0,138369.0,138369.0,138369.0,26245,27566,37109,27048,113805,24965,0.373900966300059,2.67450498963806,228096.66666666666,138369.0,0.7211246039420453,1.6484665399523495,138369.0,183232.8333333333,1.0,1
32,Creatine,C4H9N3O2,[M+H]+,10.0,11.5,15,0.2,132.0768,132.0764,-2.7,S07376,11.12,11.02,11.12,0.1,255044896.0,277924096.0,273458400.0,320824960.0,326779712.0,322783104.0,7687539,143192,14419734,695502,22296378,879882,0.0016308111616989442,613.1917805604306,268809130.6666667,323462592.0,-0.2670167330689404,0.8310362227811081,23071113.5,296135861.3333334,218508.0,6
33,Creatinine,C4H7N3O,[M+H]+,5.2,7.2,15,0.2,114.0662,114.0661,-0.8,S07377,6.7,6.59,6.72,0.12,2845381.0,2641810.0,2704647.0,2776357.0,4311767.0,2453912.0,83253,39894,289210,82828,461983,125217,0.47846537060186384,2.0900154147876893,2730612.6666666665,3180678.6666666665,-0.22010994410526344,0.858500009851147,551192.5,2955645.6666666665,7.0,6
34,Cyclic AMP,C10H12N5O6P,[M-H]-,5.8,7.8,15,0.2,328.0452,328.0435,-5.3,S07372,6.95,6.81,7.01,0.2,20946.0,18605.0,29287.0,19905.0,22570.0,13473.0,0,0,0,1494,2096,2269,0.3660612322914213,2.731783406126711,22946.0,18649.333333333332,0.2991186229171608,1.2303925073282334,12929.5,20797.666666666664,0.0,6
35,Cytidine,C9H13N3O5,[M+H]+,7.1,9.1,15,0.2,244.0928,244.0928,0.0,S07377,8.56,8.42,8.74,0.32,68630.0,58662.0,36161.0,73204.0,70083.0,41634.0,13337,4179,2117,3018,3077,3107,0.6337188185570274,1.5779869095208374,54484.333333333336,61640.333333333336,-0.17803321296214603,0.883907181985821,24417.5,58062.333333333336,0.0,6
36,Cytidine monophosphate,C9H14N3O8P,[M+H]+,11.8,13.8,15,0.2,324.0591,324.0568,-7.2,S07377,12.55,12.49,12.58,0.09,28290.0,39399.0,59625.0,50889.0,65705.0,49911.0,2421,0,3386,0,4464,0,0.2813466838204726,3.554333701114815,42438.0,55501.666666666664,-0.3871744278506942,0.7646256869163088,15135.5,48969.83333333333,0.0,6
37,Cytidine triphosphate,C9H16N3O14P3,[M-H]-,15.0,20.0,15,0.2,481.9772,481.9758,-3.0,S07377,16.01,16.01,16.26,0.25,19410.5,19410.5,19410.5,19410.5,19410.5,33863.0,0,0,6347,0,10475,1999,0.373900966300059,2.67450498963806,19410.5,24228.0,-0.31983803522493265,0.8011598150899786,19410.5,21819.25,0.0,1
38,Cytosine,C4H5N3O,[M+H]+,9.0,11.0,15,0.2,112.0505,112.0506,0.5,S07372,9.46,9.3,9.69,0.39,63704.0,63704.0,63704.0,63704.0,63704.0,63704.0,15031,20593,21890,12642,21568,15684,NA,NA,63704.0,63704.0,0.0,1.0,63704.0,63704.0,0.0,0
39,D-2-Hydroxyglutaric acid,C5H8O5,[M-H]-,11.6,13.6,15,0.2,147.0299,147.0287,-8.2,S07375,12.49,12.39,12.51,0.12,4289720.0,5644170.0,6074790.0,6797754.0,7049616.0,6786256.0,120866,31243,146370,26647,440326,31345,0.04731680471608137,21.13414052365489,5336226.666666667,6877875.333333333,-0.36614301705012225,0.7758539386145703,408398.5,6107051.0,166.0,6
40,D-Glucose,C6H12O6,[M-H]-,9.0,11.0,15,0.2,179.0561,179.055,-6.2,S07371,11.02,10.79,11.03,0.24,2071761.0,2206194.0,2758822.0,2527473.0,2747046.0,3183276.0,80552,14368,70116,13938,150197,13168,0.17208216058776826,5.811177617623897,2345592.3333333335,2819265.0,-0.26536679894995974,0.831987178691373,181169.5,2582428.666666667,18.0,6
41,D-Glyceraldehyde 3-phosphate,C3H7O6P,[M-H]-,13.0,14.0,15,0.2,168.9908,168.9898,-5.6,S07377,13.46,13.36,13.5,0.14,172724.5,172724.5,177175.0,172724.5,197708.0,234342.0,22965,5762,87834,30998,145307,32583,0.2019091016704571,4.9527237342283605,174208.0,201591.5,-0.21062393257236542,0.8641634195886235,172724.5,187899.75,1.0,3
42,Dihydrofolic acid,C19H21N7O6,[M+H]+,13.0,16.0,15,0.2,444.1626,444.162,-1.4,S07371,14.95,14.75,15.2,0.45,10000.0,10000.0,10000.0,10000.0,10000.0,10000.0,0,0,0,0,0,0,NA,NA,10000.0,10000.0,0.0,1.0,10000.0,10000.0,0.0,0
43,Dihydroxyacetone phosphate,C3H7O6P,[M-H]-,12.0,13.0,15,0.2,168.9908,168.9897,-6.2,S07377,12.56,12.49,12.56,0.07,630052.0,812032.0,1045853.0,788205.0,1093515.0,1155034.0,26406,2347,96241,9628,144349,14093,0.33067056944944245,3.0241578549460053,829312.3333333334,1012251.3333333334,-0.2875800903079192,0.8192751207374717,156532.0,920781.8333333334,3.0,6
44,D-Ribose 5-phosphate,C5H11O8P,[M-H]-,12.4,13.8,15,0.2,229.0119,229.0111,-3.4,S07377,12.88,12.72,12.95,0.23,84221.0,117989.0,124949.0,106542.0,142923.0,140781.0,8960,0,25078,6862,31708,7063,0.28947280406642234,3.4545559581152925,109053.0,130082.0,-0.25439188558338377,0.8383404314201811,49835.5,119567.5,0.0,6
45,D-Sedoheptulose 7-phosphate,C7H15O10P,[M-H]-,12.2,14.2,15,0.2,289.033,289.0322,-2.8,S07372,13.49,13.34,13.52,0.19,106189.0,126817.0,159427.0,110520.0,152318.0,145005.0,14699,2313,32436,8124,29695,8868,0.811411420575759,1.232420415392259,130811.0,135947.66666666666,-0.05556752662680107,0.9622158526687966,58067.5,133379.3333333333,0.0,6
46,dTDP,C10H16N2O11P2,[M-H]-,11.0,13.0,15,0.2,401.0157,401.0153,-0.9,S07372,12.03,11.91,12.27,0.36,14491.5,14491.5,14491.5,14491.5,14491.5,14491.5,0,0,3171,1890,2636,1286,NA,NA,14491.5,14491.5,0.0,1.0,14491.5,14491.5,0.0,0
47,FAD,C27H33N9O15P2,[M+H]+,7.6,9.6,15,0.2,786.1644,786.1618,-3.3,S07376,8.94,8.74,9.03,0.28,13975.0,11070.0,15154.0,15652.0,19222.0,19317.0,0,0,0,0,2140,0,0.052664101527645384,18.988266598929105,13399.666666666666,18063.666666666668,-0.4308936567584713,0.7418021442674982,11070.0,15731.666666666668,0.0,5
48,Folic acid,C19H19N7O6,[M+H]+,13.0,16.0,15,0.2,442.147,442.1427,-9.6,S07377,14.15,14.1,14.19,0.09,13351.5,13981.0,18250.0,15109.0,14017.0,19488.0,1468,0,0,0,5235,0,0.6794975000529502,1.4716757602817885,15194.166666666666,16204.666666666666,-0.09289179288565202,0.9376414201670301,13351.5,15699.416666666666,0.0,5
49,"Fructose 1,6-bisphosphate",C6H14O12P2,[M-H]-,14.1,16.1,15,0.2,338.9888,338.98800000000006,-2.3,S07377,15.88,15.65,16.09,0.44,79099.0,79099.0,79099.0,79099.0,79099.0,90998.0,9799,1243,42512,2408,71315,10921,0.3739009663000594,2.674504989638057,79099.0,83065.33333333333,-0.07058704941107884,0.9522504374067,79099.0,81082.16666666666,0.0,1
50,Fructose 6-phosphate,C6H13O9P,[M-H]-,12.6,13.5,15,0.2,259.0224,259.0219,-2.1,S07377,13.11,13.03,13.15,0.11,607085.0,810958.0,824157.0,646604.0,864267.0,960605.0,56547,14914,150921,31135,173843,35610,0.5474891748877768,1.8265201320281408,747400.0,823825.3333333334,-0.14045792727558973,0.907231144465898,241485.0,785612.6666666667,2.0,6
51,Fumaric acid,C4H4O4,[M-H]-,12.2,14.2,15,0.2,115.0037,115.0023,-12.0,S07372,13.29,13.22,13.32,0.1,4239730.0,5085760.0,5145508.0,4619272.0,4718476.0,5153442.0,221901,52502,409013,62272,415041,54157,0.9849478560943388,1.0152821733785464,4823666.0,4830396.666666667,-0.002011650707155603,0.9986066016662537,617443.0,4827031.333333334,5.0,6
52,Glucose 6-phosphate,C6H13O9P,[M-H]-,13.6,14.4,15,0.2,259.0224,259.022,-1.7,S07372,14.02,13.93,14.05,0.12,748167.0,1056216.0,1231560.0,890410.0,1131005.0,1300567.0,210873,61960,281482,55783,287176,55669,0.632956673512014,1.5798869683313628,1011981.0,1107327.3333333333,-0.1298995518202505,0.9138950782996417,486471.5,1059654.1666666665,2.0,6
53,Glutathione,C10H17N3O6S,[M+H]+,10.0,13.0,15,0.2,308.0911,308.0898,-4.2,S07376,11.49,11.42,11.56,0.14,27138308.0,16880522.0,2012267.0,1058536.0,15347832.0,12996323.0,78501,25380,255689,111139,742720,317138,0.5512704879297797,1.8139915375396969,15343699.0,9800897.0,0.6466606250899769,1.565540276568563,775283.5,12572298.0,36.0,6
54,Glycerol 3-phosphate,C3H9O6P,[M-H]-,11.5,13.0,15,0.2,171.0064,171.0053,-6.4,S07377,12.16,12.08,12.2,0.12,1957600.0,2681632.0,3556278.0,2651829.0,3835649.0,3659324.0,218336,40578,1100034,155288,1346744,166631,0.33305353452411685,3.002520304817809,2731836.6666666665,3382267.3333333335,-0.3081194652614664,0.807693892124829,1523805.5,3057052.0,11.0,6
55,Glycine,C2H5NO2,[M+H]+,10.7,12.7,15,0.2,76.0393,76.0398,6.5,S07375,12.06,11.99,12.09,0.1,26015710.5,26015710.5,26015710.5,26015710.5,26015710.5,26015710.5,9367796,7818770,9372741,7572957,9764687,8114470,NA,NA,26015710.5,26015710.5,0.0,1.0,26015710.5,26015710.5,0.0,0
56,Guanidoacetic acid,C3H7N3O2,[M+H]+,10.7,12.7,15,0.2,118.0611,118.061,-0.9,S07377,12.15,12.07,12.15,0.08,81145176.0,86720456.0,91866688.0,84537864.0,81432536.0,89170800.0,5086456,8271,10885688,27557,18569598,31927,0.7096108721406689,1.4092230534508583,86577440.0,85047066.66666667,0.025729665093052207,1.017994428183296,17314748.5,85812253.33333334,123.0,6
57,Guanine,C5H5N5O,[M+H]+,7.7,9.7,15,0.2,152.0567,152.0565,-1.2,S07369,8.83,8.76,9.04,0.28,120633.0,75179.0,39513.0,127172.0,101604.0,30493.0,12236,8173,3153,5874,7845,3705,0.840820021702442,1.1893151616148008,78441.66666666667,86423.0,-0.13979512294105076,0.9076480412235941,30493.0,82432.33333333334,0.0,5
58,Guanosine,C10H13N5O5,[M+H]+,7.7,9.7,15,0.2,284.0989,284.0986,-1.2,S07377,9.13,8.88,9.26,0.37,36227.0,18163.5,18163.5,19383.0,19002.0,19073.0,11705,2703,0,0,0,1919,0.45040633045220385,2.220217462299007,24184.666666666668,19152.666666666668,0.3365473778436853,1.262731038323645,18163.5,21668.666666666668,0.0,4
59,Guanosine diphosphate,C10H15N5O11P2,[M-H]-,13.8,15.8,15,0.2,442.0171,442.0167,-0.8,S07377,15.44,15.28,15.52,0.24,27276.5,27276.5,27276.5,27276.5,27276.5,27276.5,1661,1230,8327,2244,15356,5735,NA,NA,27276.5,27276.5,0.0,1.0,27276.5,27276.5,0.0,0
60,Guanosine monophosphate,C10H14N5O8P,[M+H]+,12.6,14.6,15,0.2,364.0653,364.06300000000005,-6.3,SQ437_B_0,13.81,13.78,13.93,0.14,70849.0,70849.0,70849.0,70849.0,70849.0,70849.0,71888,24110,8437,7448,7137,2678,NA,NA,70849.0,70849.0,0.0,1.0,70849.0,70849.0,0.0,0
61,Guanosine triphosphate,C10H16N5O14P3,[M-H]-,15.0,17.0,15,0.2,521.9834,521.9832,-0.4,S07377,16.99,16.91,16.99,0.08,10000.0,10000.0,10000.0,10000.0,10000.0,10000.0,0,0,0,0,0,0,NA,NA,10000.0,10000.0,0.0,1.0,10000.0,10000.0,0.0,0
62,Homocysteine,C4H9NO2S,[M-H]-,7.3,9.3,15,0.2,134.0281,134.0299,13.2,S07377,7.31,7.26,7.5,0.24,13124.5,13124.5,13124.5,13124.5,13124.5,13124.5,1432,0,1800,1538,0,1479,NA,NA,13124.5,13124.5,0.0,1.0,13124.5,13124.5,0.0,0
63,Hypotaurine,C2H7NO2S,[M+H]+,10.0,12.0,15,0.2,110.027,110.027,-0.2,S07376,11.44,11.28,11.45,0.18,1540328.0,2063176.0,2134152.0,2888307.0,2761540.0,2869088.0,29289,0,43388,0,44811,0,0.00836902398368513,119.48824641313435,1912552.0,2839645.0,-0.5702116080877192,0.6735179925659721,68744.0,2376098.5,422.0,6
64,Hypoxanthine,C5H4N4O,[M+H]+,5.8,7.8,15,0.2,137.0458,137.0455,-2.1,S07377,7.77,7.54,7.77,0.23,44214.0,50328.0,52494.0,143645.0,110414.0,127260.0,3061,2247,2518,2414,2860,1864,0.0014010856937853144,713.732218118864,49012.0,127106.33333333333,-1.3748289932124989,0.3855984097304357,17482.0,88059.16666666666,163.0,6
65,Inosine,C10H12N4O5,[M+H]+,6.4,8.4,15,0.2,269.08799999999997,269.0862,-6.9,S07370,7.84,7.64,7.97,0.33,28221.0,20413.0,31689.0,71759.0,90389.0,82399.0,0,0,0,0,0,0,0.0009913610879313977,1008.7141932175576,26774.333333333332,81515.66666666667,-1.6062267074897942,0.32845628856620607,10000.0,54145.0,166.0,6
66,Inosinic acid,C10H13N4O8P,[M+H]+,11.4,13.4,15,0.2,349.0544,349.0515,-8.3,S07370,12.62,12.59,12.8,0.21,10999.0,10999.0,10999.0,10999.0,10999.0,10999.0,0,0,1998,0,0,0,NA,NA,10999.0,10999.0,0.0,1.0,10999.0,10999.0,0.0,0
67,L-Acetylcarnitine,C9H17NO4,[M+H]+,6.3,8.3,15,0.2,204.123,204.1224,-3.1,S07377,7.79,7.56,7.92,0.36,1904316.0,1605797.0,2116200.0,3091527.0,3467962.0,3442797.0,16322,15263,10794,10643,11906,10072,0.0015954020508710746,626.8012501638752,1875437.6666666667,3334095.3333333335,-0.8300680431683739,0.5625027118800642,47500.0,2604766.5,2903.0,6
68,L-Alanine,C3H7NO2,[M+H]+,10.6,11.2,15,0.2,90.055,90.0552,2.7,S07372,11.19,11.09,11.2,0.11,250473056.0,279412736.0,280434912.0,235641888.0,236370800.0,247588784.0,12573427,165430,20016368,252924,8759799,239814,0.04570051096624742,21.881593418912978,270106901.3333333,239867157.33333334,0.1712948647063097,1.1260687137671668,21013881.0,254987029.3333333,6283.0,6
69,L-Arginine,C6H14N4O2,[M+H]+,18.5,21.0,15,0.2,175.11900000000003,175.1185,-2.6,S07377,20.39,20.32,20.55,0.23,18952680.5,25134710.0,25447962.0,19686454.0,23864068.0,26398398.0,10102375,2756652,9274954,2318849,10815290,2617241,0.9641328357401827,1.0372014756994365,23178450.833333332,23316306.666666668,-0.008555136992049898,0.9940875784786954,18952680.5,23247378.75,24.0,5
70,L-Asparagine,C4H8N2O3,[M+H]+,10.3,12.3,15,0.2,133.0608,133.0605,-2.0,S07372,11.68,11.55,11.73,0.19,1049311.0,977174.0,1281758.0,637489.0,663451.0,560943.0,46191,3074,113624,6053,27711,5342,0.007624769038438797,131.1515135683053,1102747.6666666667,620627.6666666666,0.8293027911648594,1.7768264708362451,110997.5,861687.6666666667,201.0,6
71,L-Aspartic acid,C4H7NO4,[M-H]-,10.8,12.8,15,0.2,132.0302,132.0289,-10.1,S07368,12.04,11.89,12.04,0.15,30327814.0,35065012.0,36713228.0,31159864.0,32585218.0,32827854.0,2050897,58553,2155555,48794,1441148,30860,0.40504073465287116,2.46888748327257,34035351.333333336,32190978.666666668,0.08037756403117156,1.0572947062518634,2902903.5,33113165.0,86.0,6
72,L-Carnitine,C7H16NO3,[Cat]+,8.3,10.3,15,0.2,162.1125,162.1119,-3.5,S07377,9.85,9.81,9.94,0.13,1830220.0,2136454.0,2702769.0,3217380.0,3084554.0,3235466.0,18933,10879,19847,12473,29672,9162,0.021256111588894122,47.04529310631204,2223147.6666666665,3179133.3333333335,-0.516029745867387,0.699293622999979,60483.0,2701140.5,182.0,6
73,L-Cystathionine,C7H14N2O4S,[M+H]+,12.2,14.2,15,0.2,223.0747,223.074,-3.2,S07372,13.54,13.48,13.58,0.1,791363.0,1068083.0,1232842.0,600827.0,798477.0,841267.0,27810,2958,74298,9223,25808,6098,0.12861502235466046,7.775141516847579,1030762.6666666666,746857.0,0.46480824696808587,1.3801339033665971,83097.5,888809.8333333333,10.0,6
74,L-Cysteine,C3H7NO2S,[M+H]+,13.0,17.0,15,0.2,122.027,122.0272,1.4,S07377,13.93,13.68,14.15,0.47,12307.0,12307.0,12307.0,12307.0,12307.0,12307.0,0,0,1637,1488,1489,0,NA,NA,12307.0,12307.0,0.0,1.0,12307.0,12307.0,0.0,0
75,L-Cystine,C6H12N2O4S2,[M-H]-,11.7,13.7,15,0.2,239.0166,239.0155,-4.5,S07369,12.87,12.76,12.96,0.2,12258.0,12258.0,12258.0,12258.0,12258.0,12258.0,2179,1333,1004,0,0,0,NA,NA,12258.0,12258.0,0.0,1.0,12258.0,12258.0,0.0,0
76,L-Glutamic acid,C5H9NO4,[M+H]+,10.0,13.0,15,0.2,148.0604,148.06,-2.9,S07372,11.76,11.63,11.76,0.13,292281664.0,309193184.0,335917792.0,314105536.0,299959040.0,312207488.0,24334398,515793,28711926,911899,20163582,702864,0.7965599840183083,1.2553982375004866,312464213.3333333,308757354.6666667,0.017217464312079805,1.0120057339870285,37680231.0,310610784.0,395.0,6
77,L-Glutamine,C5H10N2O3,[M+H]+,10.1,12.1,15,0.2,147.0764,147.0759,-3.5,S07372,11.52,11.39,11.53,0.13,729829632.0,811804736.0,798679552.0,636709120.0,647699136.0,678570880.0,66526572,362584,65308548,681199,33077860,468432,0.011352474048668999,88.08652596014903,780104640.0,654326378.6666666,0.25365722106481936,1.192225570348599,83222597.5,717215509.3333333,75321.0,6
78,L-Histidine,C6H9N3O2,[M+H]+,9.9,11.9,15,0.2,156.0768,156.0763,-2.9,S07368,11.09,10.89,11.23,0.33,43371636.0,52939892.0,57224160.0,37055480.0,33522778.0,41844588.0,5855880,161179,7290897,198567,6363190,178183,0.04483700116747834,22.303008095138416,51178562.666666664,37474282.0,0.44963879364420734,1.3656982852044146,10033948.0,44326422.33333333,1350.0,6
79,L-Isoleucine,C6H13NO2,[M+H]+,6.0,7.5,15,0.2,132.1019,132.1016,-2.3,S07372,7.44,7.34,7.45,0.11,88320064.0,104060064.0,117711496.0,110128208.0,94138392.0,99042888.0,710669,59987,785074,72298,667359,67452,0.8274990665290354,1.2084605777194697,103363874.66666667,101103162.66666667,0.03190392885713966,1.0223604478868131,1191419.5,102233518.66666667,126.0,6
80,L-Kynurenine,C10H12N2O3,[M+H]+,6.0,8.0,15,0.2,209.0921,209.092,-0.3,S07373,7.57,7.35,7.78,0.43,51740.0,55552.0,78493.0,31469.0,41696.0,56314.0,3045,2862,0,0,2742,0,0.16421094948326537,6.089727896627925,61928.333333333336,43159.666666666664,0.5209158970126195,1.4348658855876244,14324.5,52544.0,0.0,6
81,L-Lactic acid,C3H6O3,[M-H]-,6.2,8.2,15,0.2,89.0244,89.0231,-14.8,S07377,7.14,7.01,7.38,0.38,157859104.0,184120656.0,162918272.0,61504944.0,163279328.0,87367824.0,1659393,1391950,1936330,1446236,2208754,1492008,0.11166428671855574,8.955414747066357,168299344.0,104050698.66666667,0.693742900983272,1.6174744250315718,5077335.5,136175021.33333334,1973.0,6
82,L-Leucine,C6H13NO2,[M+H]+,7.5,9.0,15,0.2,132.1019,132.1016,-2.3,S07372,8.0,7.9,8.02,0.13,216846320.0,242659904.0,259340352.0,218016240.0,220654608.0,237501776.0,1125797,80604,1358586,100706,1189948,100401,0.36044599460288335,2.774340719479313,239615525.33333334,225390874.66666666,0.08829228051361346,1.0631110318361543,1988021.0,232503200.0,686.0,6
83,L-Lysine,C6H14N2O2,[M+H]+,18.0,20.0,15,0.2,147.1128,147.1124,-2.7,S07377,19.34,19.3,19.46,0.15,11915853.0,17061276.0,19579320.0,13481232.0,16300823.0,20394152.0,3190135,590053,4491736,610717,5004466,628951,0.866747976372145,1.1537379114348716,16185483.0,16725402.333333334,-0.0473404971848703,0.9677186041583414,7268029.0,16455442.666666668,20.0,6
84,L-Malic acid,C4H6O5,[M-H]-,12.2,14.2,15,0.2,133.0142,133.0129,-10.1,S07372,13.29,13.22,13.31,0.09,75488448.0,88480920.0,92927368.0,77578624.0,88225304.0,98922752.0,12388034,3686052,16458926,4001143,16590238,3810155,0.762949224515932,1.3107032130932037,85632245.33333333,88242226.66666667,-0.04331504137136703,0.9704225354240833,28477274.0,86937236.0,117.0,6
85,L-Methionine,C5H11NO2S,[M+H]+,6.8,8.8,15,0.2,150.0583,150.058,-2.2,S07372,8.2,8.11,8.23,0.12,109821032.0,124164392.0,132196448.0,96850640.0,93422864.0,106741728.0,348408,3700,374887,9436,230527,10014,0.039651159139932744,25.219943671026215,122060624.0,99005077.33333333,0.3020234521610011,1.2328723666266383,498486.0,110532850.66666666,3437.0,6
86,L-Phenylalanine,C9H11NO2,[M+H]+,5.6,7.6,15,0.2,166.0863,166.0857,-3.3,S07372,7.01,6.93,7.07,0.14,143650448.0,160301488.0,172830800.0,140582544.0,136497248.0,154454752.0,180917,19836,253574,20417,263594,22892,0.20773892857294715,4.813734271517877,158927578.66666666,143844848.0,0.14385594704754742,1.1048541597170491,390615.0,151386213.3333333,805.0,6
87,L-Proline,C5H9NO2,[M+H]+,7.9,9.9,15,0.2,116.0706,116.0705,-0.9,S07377,9.37,9.29,9.42,0.12,444358528.0,500123040.0,501305440.0,508435520.0,508636576.0,523604064.0,5993912,861220,20363586,557996,24822176,743682,0.17920123856602696,5.580318573699749,481929002.6666667,513558720.0,-0.09170861725681148,0.93841070923042,26681286.0,497743861.3333334,2960.0,6
88,L-Serine,C3H7NO3,[M+H]+,10.8,12.8,15,0.2,106.0499,106.0499,0.3,S07372,12.16,12.05,12.18,0.13,15949351.0,17623678.0,17909354.0,14165899.0,13741362.0,16687934.0,1048373,34931,1027462,39067,809711,41699,0.1061502109662385,9.420612459433114,17160794.333333332,14865065.0,0.20719056170109212,1.1544378940376872,1510621.5,16012929.666666666,174.0,6
89,L-Threonine,C4H9NO3,[M-H]-,9.5,11.5,15,0.2,118.051,118.0496,-11.6,S07372,10.96,10.81,10.99,0.17,19786356.0,20624430.0,20417866.0,15250660.0,16679571.0,16044608.0,1628055,21283,1965762,34862,1071751,21403,0.0009001666627225367,1110.9053927586247,20276217.333333332,15991613.0,0.34247306871154315,1.267928215454772,2381558.0,18133915.166666664,25542.0,6
90,L-Tryptophan,C11H12N2O2,[M+H]+,6.8,8.8,15,0.2,205.0972,205.0965,-3.2,S07372,8.25,8.14,8.4,0.26,16611743.0,19298066.0,22021164.0,16939132.0,16726902.0,20154076.0,28308,3181,31088,3515,33000,2328,0.5138437082550528,1.9461170467492372,19310324.333333332,17940036.666666668,0.10618955687699995,1.0763815421410323,60710.0,18625180.5,39.0,6
91,L-Tyrosine,C9H11NO3,[M+H]+,8.2,10.2,15,0.2,182.0812,182.0807,-2.6,S07368,9.61,9.44,9.62,0.18,51264604.0,58364700.0,66300648.0,52554140.0,48337616.0,57981244.0,399216,6595,584645,6569,468180,8353,0.3325573661742491,3.006999999741497,58643317.333333336,52957666.666666664,0.1471271582109693,1.1073621823720834,746779.0,55800492.0,186.0,6
92,L-Valine,C5H11NO2,[M+H]+,8.3,9.2,15,0.2,118.0863,118.0862,-0.5,S07372,9.11,9.02,9.15,0.13,148799712.0,158816064.0,170858704.0,148039488.0,138931456.0,160457712.0,1360599,88297,1661692,98481,1553454,106888,0.3105568413103927,3.2200224467138,159491493.33333334,149142885.33333334,0.09678432077187918,1.0693872052754707,2444705.5,154317189.33333334,531.0,6
93,N6-Acetyl-L-lysine,C8H16N2O3,[M+H]+,1.9,3.9,15,0.2,189.1234,189.1214,-10.4,S07368,3.21,3.15,3.23,0.09,1959962.0,1835435.0,2907500.0,909120.0,2562450.0,809231.0,110938,113421,110284,119871,131434,136152,0.28939161270238045,3.4555251641948304,2234299.0,1426933.6666666667,0.6469039937888585,1.5658043903465728,371050.0,1830616.3333333335,10.0,6
94,N-Acetylglutamic acid,C7H11NO5,[M+H]+,10.3,12.3,15,0.2,190.071,190.0704,-3.2,S07374,11.73,11.56,11.85,0.29,384347.0,355553.0,558756.0,153661.0,153661.0,159210.0,71077,9551,146248,10547,43498,6401,0.011991516361794673,83.39228916753429,432885.3333333333,155510.66666666666,1.476971381199701,2.7836375639827495,153661.0,294198.0,68.0,4
95,N-Acetylglutamine,C7H12N2O4,[M-H]-,6.8,8.8,15,0.2,187.0724,187.0713,-6.0,S07372,8.03,7.86,8.08,0.22,301186.0,310960.0,314107.0,209157.0,233193.0,232259.0,0,0,0,0,1115,1108,0.0006677910569737544,1497.4743814805265,308751.0,224869.66666666666,0.45735474454003483,1.373022002374709,11111.5,266810.3333333333,549.0,6
96,N-Acetyl-L-alanine,C5H9NO3,[M+H]+,6.0,7.0,15,0.2,132.0655,132.0652,-2.4,S07377,6.5,6.3,6.74,0.44,2832395.0,3267759.0,3272030.0,3406511.0,3241805.0,3490239.0,18990,12468,15557,12736,14263,12436,0.1922999043248841,5.20021059558373,3124061.3333333335,3379518.3333333335,-0.11339486313966896,0.9244102340027746,53225.0,3251789.8333333335,18.0,6
97,N-Acetyl-L-methionine,C7H13NO3S,[M+H]+,3.0,5.0,15,0.2,192.0689,192.0683,-3.1,S07372,4.17,4.1,4.35,0.26,1006121.0,1109498.0,1271989.0,1160448.0,1003276.0,1158116.0,0,0,0,0,1074,0,0.8256466986684123,1.2111718021918836,1129202.6666666667,1107280.0,0.02828435560563656,1.0197986657996774,10537.0,1118241.3333333335,1.0,6
98,N-Acetyl-L-phenylalanine,C11H13NO3,[M+H]+,2.8,4.0,15,0.2,208.0968,208.0963,-2.5,S07372,3.55,3.47,3.57,0.1,108046.0,108046.0,109928.0,108046.0,108046.0,108046.0,25543,32400,45742,26830,25984,39593,0.3739009663000621,2.674504989638038,108673.33333333333,108046.0,0.008352307133256577,1.0058061689774107,108046.0,108359.66666666666,0.0,1
99,N-Acetylornithine,C7H14N2O3,[M+H]+,8.6,10.6,15,0.2,175.1077,175.1074,-1.8,S07372,10.06,9.83,10.18,0.34,25996.0,25996.0,25996.0,25996.0,25996.0,25996.0,7504,3934,7094,3537,6488,3435,NA,NA,25996.0,25996.0,0.0,1.0,25996.0,25996.0,0.0,0
100,N-Acetylserine,C5H9NO4,[M-H]-,7.5,8.5,15,0.2,146.0459,146.0447,-8.1,S07377,8.16,8.02,8.31,0.29,8708903.0,9445965.0,10088244.0,10132806.0,10447740.0,11096042.0,7705,6330,9764,4363,16653,4925,0.07937229996562115,12.598853761742246,9414370.666666666,10558862.666666666,-0.16551788348778262,0.8916084017634728,34870.0,9986616.666666666,141.0,6
101,NAD,C21H28N7O14P2,[Cat]+,9.9,11.9,15,0.2,664.1164,664.1161,-0.5,S07377,11.17,10.96,11.17,0.21,936752.0,1262711.0,1460620.0,1066309.0,1291548.0,1444292.0,56879,0,130929,2804,136260,3015,0.8136239693139506,1.2290690020393598,1220027.6666666667,1267383.0,-0.05493870495996641,0.9626353412241341,174943.5,1243705.3333333335,2.0,6
102,NADH,C21H29N7O14P2,[M-H]-,9.5,11.5,15,0.2,664.1175,664.1166,-1.4,S07377,10.69,10.57,10.75,0.18,150227.0,199524.0,209523.0,202926.0,182648.0,242450.0,5880,0,6190,1361,7893,0,0.4176382221816653,2.394416858629902,186424.66666666666,209341.33333333334,-0.1672644302435024,0.8905296612868298,20662.0,197883.0,1.0,6
103,NADP,C21H29N7O17P3,[Cat]+,12.7,14.7,15,0.2,744.0827,744.0787,-5.4,S07377,14.06,13.99,14.23,0.24,39059.5,39059.5,39059.5,39059.5,39059.5,39059.5,5949,2543,14678,2557,23165,9227,NA,NA,39059.5,39059.5,0.0,1.0,39059.5,39059.5,0.0,0
104,NADPH,C21H30N7O17P3,[M-H]-,13.0,15.0,15,0.2,744.0838,744.0817,-2.9,S07372,14.53,14.38,14.58,0.2,42060.0,37964.0,52728.0,47938.0,42403.0,51923.0,1550,1341,2267,0,2410,0,0.5745876426286508,1.7403785355096615,44250.666666666664,47421.333333333336,-0.09983703672216745,0.9331383905977618,13784.0,45836.0,0.0,6
105,Niacinamide,C6H6N2O,[M+H]+,3.3,5.3,15,0.2,123.0553,123.055,-2.4,S07377,4.71,4.63,4.72,0.09,49113424.0,55881084.0,66919368.0,58206400.0,59507060.0,70677856.0,920869,424387,2308319,1247729,2797572,1613132,0.4474015570124286,2.2351285647676464,57304625.333333336,62797105.333333336,-0.13204646826536603,0.9125360958782198,4666004.0,60050865.333333336,147.0,6
106,Nicotinic acid,C6H5NO2,[M-H]-,5.5,7.5,15,0.2,122.0248,122.0238,-7.8,SQ437_B_0,6.55,6.31,6.77,0.46,35814.0,35814.0,35814.0,35814.0,35814.0,35814.0,16348,8343,6983,6571,6773,6610,NA,NA,35814.0,35814.0,0.0,1.0,35814.0,35814.0,0.0,0
107,O-Phosphoethanolamine,C2H8NO4P,[M+H]+,11.4,13.4,15,0.2,142.0264,142.0264,0.2,S07376,11.89,11.89,12.08,0.18,10000.0,10000.0,26612.0,10000.0,10000.0,10000.0,0,0,0,0,0,0,0.3739009663000589,2.6745049896380606,15537.333333333334,10000.0,0.635738915785364,1.5537333333333334,10000.0,12768.666666666668,0.0,1
108,Ornithine,C5H12N2O2,[M+H]+,17.0,19.0,15,0.2,133.0972,133.0969,-1.9,S07377,17.69,17.61,17.76,0.15,6604819.0,9301530.0,9214019.0,7476945.0,8384546.0,9838633.0,2088713,410728,2630924,425096,2802726,371080,0.8714549627031105,1.1475062313010003,8373456.0,8566708.0,-0.03291772116797015,0.9774415096207318,4374633.5,8470082.0,10.0,6
109,Orotic acid,C5H4N2O4,[M-H]-,6.7,8.7,15,0.2,155.0098,155.0087,-7.3,S07377,7.71,7.58,7.91,0.33,75311.0,89395.0,108352.0,95784.0,89650.0,111055.0,0,1702,1288,1281,0,0,0.5341356229724646,1.872183687047496,91019.33333333333,98829.66666666667,-0.11877115529310825,0.920971772983146,12135.5,94924.5,0.0,6
110,Orotidylic acid,C10H13N2O11P,[M+H]+,0.0,30.0,15,0.2,369.033,369.0314,-4.3,S07366,7.96,7.96,7.96,0.0,11090.0,10000.0,10000.0,10000.0,10000.0,10000.0,0,0,0,0,0,0,0.37390096630005787,2.674504989638068,10363.333333333334,10000.0,0.051488115957820865,1.0363333333333333,10000.0,10181.666666666668,0.0,1
111,Oxidized glutathione,C20H32N6O12S2,[M+H]+,13.5,15.5,15,0.2,613.1592,613.1575,-2.8,S07369,14.77,14.74,14.83,0.09,3937685.0,8069208.0,11880018.0,14841559.0,11513949.0,13288829.0,59327,21297,171453,72172,399834,170109,0.10223387152724984,9.781493990799866,7962303.666666667,13214779.0,-0.7308944988278325,0.6025302176197322,457096.0,10588541.333333334,172.0,6
112,Oxoadipic acid,C6H8O5,[M-H]-,7.5,9.5,15,0.2,159.0299,159.0289,-6.3,SQ437_B_0,7.54,7.54,7.75,0.21,17371.5,17371.5,17371.5,17371.5,17371.5,17371.5,7155,2100,2445,1309,0,1734,NA,NA,17371.5,17371.5,0.0,1.0,17371.5,17371.5,0.0,0
113,Oxoglutaric acid,C5H6O5,[M-H]-,10.8,14.8,15,0.2,145.0142,145.013,-8.6,S07377,12.86,12.65,12.87,0.22,14569729.0,17435206.0,17603790.0,20030276.0,19767914.0,22893260.0,117273,12636,193222,11538,531539,14242,0.03600338429604201,27.775166683703507,16536241.666666666,20897150.0,-0.3376748196479531,0.7913156419256533,450225.0,18716695.833333332,657.0,6
114,Palmitic acid,C16H32O2,[M-H]-,1.6,3.6,15,0.2,255.233,255.2323,-2.6,S07376,2.85,2.82,2.91,0.09,6817709.0,9505565.0,9533514.0,6131006.0,5652634.0,11513757.0,690596,596810,576132,648189,641113,575955,0.7032067896316804,1.4220568042634676,8618929.333333334,7765799.0,0.1503742981145153,1.1098573802043208,1874397.5,8192364.166666667,13.0,6
115,Pantothenic acid,C9H17NO5,[M+H]+,5.1,7.1,15,0.2,220.118,220.1173,-3.0,S07371,6.21,5.97,6.42,0.45,29292520.0,31968604.0,34295060.0,36315540.0,36309940.0,38994168.0,11008,3132,7082,6076,11004,3115,0.03448320930751032,28.999620977337617,31852061.333333332,37206549.333333336,-0.22416985529565106,0.8560874873929005,30708.5,34529305.333333336,1170.0,6
116,Phenol,C6H6O,[M-H]-,2.1,4.1,15,0.2,93.0346,93.0333,-13.9,SQ437_B_0,3.42,3.39,3.65,0.26,2609088.5,2609088.5,2609088.5,2609088.5,2609088.5,2609088.5,1187998,1000370,763503,742166,767343,736797,NA,NA,2609088.5,2609088.5,0.0,1.0,2609088.5,2609088.5,0.0,0
117,Phosphocreatine,C4H10N3O5P,[M-H]-,11.2,13.2,15,0.2,210.0285,210.0277,-4.0,S07377,12.39,12.35,12.43,0.08,1891732.0,2524896.0,3403469.0,3161008.0,3813594.0,3899783.0,130181,16548,757102,75572,1074766,104537,0.10962236668843188,9.122225967280881,2606699.0,3624795.0,-0.4756754039059748,0.7191300473544021,1089353.0,3115747.0,40.0,6
118,Phosphoenolpyruvic acid,C3H5O6P,[M-H]-,13.6,15.6,15,0.2,166.9751,166.97400000000002,-6.6,S07371,14.81,14.81,15.05,0.24,83741.0,141528.0,341307.0,250002.0,397324.0,560698.0,5922,2575,43831,11299,59758,14789,0.14655974161924898,6.823156133816909,188858.66666666666,402674.6666666667,-1.0923077212268355,0.4690105494592822,79087.0,295766.6666666667,4.0,6
119,Phosphoribosyl pyrophosphate,C5H13O14P3,[M-H]-,15.0,18.0,15,0.2,388.9445,388.9388,-14.8,S07376,15.62,15.62,15.64,0.01,10000.0,10000.0,10000.0,10000.0,10000.0,10000.0,0,0,0,0,0,0,NA,NA,10000.0,10000.0,0.0,1.0,10000.0,10000.0,0.0,0
120,Phosphorylcholine,C5H14NO4P,[M+H]+,10.0,13.0,15,0.2,184.0733,184.0728,-2.8,S07377,11.9,11.84,11.96,0.12,1052292672.0,1197206272.0,1256155136.0,1156918528.0,1247692032.0,1284890496.0,193673248,6522238,216868608,10933922,257509584,13457748,0.439740767416747,2.2740670733679993,1168551360.0,1229833685.3333333,-0.07374208347315814,0.9501702335330624,349492674.0,1199192522.6666665,2870.0,6
121,Phosphoserine,C3H8NO6P,[M+H]+,11.5,13.5,15,0.2,186.0162,186.0162,0.0,S07372,13.45,13.4,13.46,0.05,14298.5,14298.5,14298.5,14298.5,14298.5,14298.5,2212,0,3613,0,1234,1538,NA,NA,14298.5,14298.5,0.0,1.0,14298.5,14298.5,0.0,0
122,Pipecolic acid,C6H11NO2,[M+H]+,7.5,9.5,15,0.2,130.0863,130.0862,-0.4,S07374,8.25,8.0,8.49,0.48,146858.0,146858.0,146858.0,146858.0,146858.0,146858.0,62140,49600,38110,43910,41408,38548,NA,NA,146858.0,146858.0,0.0,1.0,146858.0,146858.0,0.0,0
123,Propionylcarnitine,C10H19NO4,[M+H]+,5.2,7.2,15,0.2,218.1387,218.138,-3.1,S07377,6.7,6.52,6.93,0.42,173523.0,230126.0,252930.0,345168.0,244371.0,296154.0,13877,13731,8938,10107,10217,8000,0.11117739671871128,8.994634066941584,218859.66666666666,295231.0,-0.4318381091525522,0.7413166864816589,42435.0,257045.3333333333,3.0,6
124,Pyruvic acid,C3H4O3,[M-H]-,5.5,7.5,15,0.2,87.0088,87.0075,-14.6,S07377,6.12,5.89,6.12,0.24,3040576.0,3620506.0,3469472.0,224830.0,2764807.0,224830.0,99527,45448,100784,44454,85124,54323,0.05596084140771699,17.86963839078553,3376851.3333333335,1071489.0,1.6560616265014656,3.1515501636818795,224830.0,2224170.166666667,125.0,4
125,Ribose 1-phosphate,C5H11O8P,[M-H]-,11.0,12.4,15,0.2,229.0119,229.0112,-3.0,S07377,12.19,12.15,12.29,0.13,17041.5,17041.5,17041.5,17041.5,17041.5,17041.5,0,0,2978,0,9236,1869,NA,NA,17041.5,17041.5,0.0,1.0,17041.5,17041.5,0.0,0
126,Saccharopine,C11H20N2O6,[M-H]-,11.0,14.0,15,0.2,275.1249,275.1277,10.3,S07374,12.07,11.87,12.15,0.27,11399.0,11399.0,11399.0,11399.0,11399.0,11399.0,1489,0,0,0,0,1309,NA,NA,11399.0,11399.0,0.0,1.0,11399.0,11399.0,0.0,0
127,S-Adenosylhomocysteine,C14H20N6O5S,[M-H]-,8.6,10.6,15,0.2,383.1143,383.1129,-3.7,S07376,10.07,9.95,10.13,0.17,57739.0,42617.0,49556.0,48551.0,58645.0,55326.0,1783,0,4509,0,1992,0,0.4708771723958783,2.123696069002204,49970.666666666664,54174.0,-0.11651915237236893,0.9224105044240164,14142.0,52072.33333333333,0.0,6
128,S-Adenosylmethionine,C15H22N6O5S,[M+H]+,10.7,12.7,15,0.2,399.1445,399.1436,-2.3,S07367,12.43,12.36,12.55,0.19,11615140.0,14427278.0,12929715.0,11944248.0,10598215.0,11599370.0,746075,19414,1116119,22121,917881,23666,0.15057055149848977,6.641404909844074,12990711.0,11380611.0,0.19090237883752326,1.141477465489331,1432638.0,12185661.0,92.0,6
129,Sarcosine,C3H7NO2,[M+H]+,11.2,12.0,15,0.2,90.055,90.0552,2.7,S07372,11.22,11.2,11.24,0.04,228505376.0,263486160.0,280076960.0,221713072.0,217545776.0,218047424.0,8515756,113419,13660977,190919,5661834,167371,0.06623912133128802,15.096818615672825,257356165.33333334,219102090.66666666,0.23216309421828882,1.1745947496451092,14165138.0,238229128.0,4224.0,6
130,Succinic acid,C4H6O4,[M-H]-,11.3,13.3,15,0.2,117.0193,117.01799999999999,-11.4,S07376,12.48,12.42,12.49,0.08,2814051.0,3502688.0,3789070.0,4977397.0,4123929.0,4022294.0,292283,243417,280941,173409,348675,157831,0.07422289985619727,13.472930887063752,3368603.0,4374540.0,-0.3769809073651696,0.7700473649800893,758278.0,3871571.5,68.0,6
131,Taurine,C2H7NO3S,[M-H]-,10.2,12.2,15,0.2,124.0074,124.006,-11.2,S07372,11.47,11.3,11.52,0.22,26597956.0,31132536.0,35392836.0,35536868.0,32572986.0,35685884.0,91562,2173,75900,1418,166872,1708,0.2631008909077797,3.8008233136333733,31041109.333333332,34598579.333333336,-0.1565326831377837,0.8971787261631108,179816.5,32819844.333333336,139.0,6
132,Thymidine,C10H14N2O5,[M-H]-,3.5,5.5,15,0.2,241.083,241.0835,2.1,S07370,3.51,3.51,3.7,0.2,68129.0,12456.0,12456.0,12456.0,100691.0,12456.0,1755,1876,0,0,0,1281,0.7705541194889723,1.2977673789651465,31013.666666666668,41867.666666666664,-0.4329324150734489,0.7407545998105142,12456.0,36440.666666666664,0.0,2
133,Uracil,C4H4N2O2,[M+H]+,5.4,7.4,15,0.2,113.0346,113.0343,-2.3,S07369,6.77,6.56,7.0,0.44,16478.5,16478.5,16478.5,16478.5,16478.5,16478.5,2544,1506,2183,2311,2455,1958,NA,NA,16478.5,16478.5,0.0,1.0,16478.5,16478.5,0.0,0
134,Ureidopropionic acid,C4H8N2O3,[M-H]-,10.4,12.4,15,0.2,131.0462,131.0449,-10.0,S07374,11.65,11.54,11.82,0.28,296121.0,274579.0,386288.0,128487.0,170294.0,147051.0,38495,2523,64270,1916,21145,2315,0.00934253281842977,107.03735479818985,318996.0,148610.66666666666,1.1020006633063855,2.1465215596906457,75332.0,233803.3333333333,54.0,6
135,Ureidosuccinic acid,C5H8N2O5,[M-H]-,12.8,14.8,15,0.2,175.03599999999997,175.035,-6.0,S07372,13.95,13.87,14.03,0.16,658394.0,843057.0,1003156.0,744687.0,971326.0,1349616.0,14284,0,24546,1349,22020,0,0.4082724179605792,2.4493449863579935,834869.0,1021876.3333333334,-0.2915988670647669,0.8169961205351333,41099.5,928372.6666666667,3.0,6
136,Uric acid,C5H4N4O3,[M+H]+,8.8,10.8,15,0.2,169.0356,0.0,0.0,NA,0.0,0.0,0.0,0.0,10000.0,10000.0,10000.0,10000.0,10000.0,10000.0,0,0,0,0,0,0,NA,NA,10000.0,10000.0,0.0,1.0,10000.0,10000.0,0.0,0
137,Uridine,C9H12N2O6,[M-H]-,5.5,7.5,15,0.2,243.0623,243.0613,-4.0,S07366,6.88,6.66,7.1,0.44,45907.0,37312.0,24082.0,44416.0,41464.0,37595.0,2265,1591,2047,1322,1473,1250,0.46285586318659555,2.1604998003381892,35767.0,41158.333333333336,-0.2025554472508299,0.8690099210366471,14974.0,38462.66666666667,0.0,6
138,Uridine 5'-diphosphate,C9H14N2O12P2,[M+H]+,12.4,14.4,15,0.2,405.0095,405.0071,-5.9,S07376,13.6,13.55,13.83,0.28,51171.0,56700.0,73426.0,71937.0,63134.0,77526.0,2075,0,2180,0,5004,0,0.25676160835257694,3.8946632497597986,60432.333333333336,70865.66666666667,-0.2297661864664147,0.8527730871084728,14629.5,65649.0,0.0,6
139,Uridine 5'-monophosphate,C9H13N2O9P,[M-H]-,11.2,13.2,15,0.2,323.0286,323.0275,-3.4,S07370,12.34,12.28,12.39,0.1,166377.5,177845.0,173190.0,166377.5,296074.0,196401.0,66498,13085,78034,18575,106136,30427,0.29688977140374534,3.368253460777143,172470.83333333334,219617.5,-0.3486406113075671,0.7853237257200967,166377.5,196044.1666666667,1.0,4
140,Uridine diphosphate glucose,C15H24N2O17P2,[M-H]-,12.4,14.4,15,0.2,565.0478,565.047,-1.3,S07372,13.59,13.47,13.65,0.18,969502.0,1190931.0,1369651.0,1249152.0,1265356.0,1473294.0,25017,0,30719,0,42827,0,0.3259245864703032,3.0681944275201696,1176694.6666666667,1329267.3333333333,-0.17589126616028855,0.8852204798533128,59281.5,1252981.0,4.0,6
141,Uridine diphosphate-N-acetylglucosamine,C17H27N3O17P2,[M+H]+,11.2,13.2,15,0.2,608.0889,608.0865,-3.9,S07377,12.44,12.37,12.47,0.09,203585.0,230199.0,285910.0,258916.0,260141.0,245155.0,8492,0,11581,0,18553,0,0.5807518594418264,1.7219058083793695,239898.0,254737.33333333334,-0.08658928088642505,0.9417465310672954,29313.0,247317.6666666667,0.0,6
142,Uridine triphosphate,C9H15N2O15P3,[M-H]-,15.0,18.0,15,0.2,482.9613,482.9603,-2.0,S07377,15.53,15.51,15.78,0.26,70299.5,70299.5,113853.0,70299.5,100279.0,183880.0,5773,0,31041,5882,63333,14570,0.41803499591407883,2.3921442218333695,84817.33333333333,118152.83333333333,-0.47822319563749505,0.717861188263224,70299.5,101485.08333333333,0.0,3
143,Valerylcarnitine,C12H23NO4,[M+H]+,3.6,5.7,15,0.2,246.17,246.1702,0.9,S07376,5.16,4.91,5.4,0.5,19230.0,17791.0,21952.0,31585.0,25357.0,24600.0,3229,2902,2222,2089,3092,2048,0.04085915199080352,24.474320960578858,19657.666666666668,27180.666666666668,-0.4674887555970512,0.7232223884623875,17791.0,23419.166666666668,1.0,5
144,Xanthine,C5H4N4O2,[M-H]-,7.5,9.4,15,0.2,151.0261,151.0251,-6.9,S07367,8.55,8.32,8.8,0.47,15435.5,34175.0,15435.5,15435.5,15435.5,15435.5,1826,1922,1893,1485,1448,2297,0.373900966300059,2.67450498963806,21682.0,15435.5,0.49024562377241887,1.4046840076447151,15435.5,18558.75,0.0,1
145,Xanthosine,C10H12N4O6,[M-H]-,6.7,8.7,15,0.2,283.0684,283.0662,-7.8,S07373,7.63,7.63,7.63,0.0,10000.0,10000.0,10000.0,10000.0,10000.0,10000.0,0,0,0,0,0,0,NA,NA,10000.0,10000.0,0.0,1.0,10000.0,10000.0,0.0,0
146,Xanthylic acid,C10H13N4O9P,[M-H]-,11.0,13.0,15,0.2,363.0347,363.0346,-0.4,S07377,12.34,12.34,12.43,0.09,10000.0,10000.0,10000.0,10000.0,10000.0,10000.0,0,0,0,0,0,0,NA,NA,10000.0,10000.0,0.0,1.0,10000.0,10000.0,0.0,0
