,Metabolite,Formula,Ion Type,RT Start (min),RT End (min),m/z Tolerance (ppm),RT Tolerance (min),mz,obs_mz,ppm,winner,RT,RT_min,RT_max,RT_range,T10,T11,T12,T4,T5,T6,SQ437_B_0,SQ437_B_1,SQ437_B_2,SQ437_B_3,SQ437_B_4,SQ437_B_5,ttest_pval,1/pvalue,SG1 minus Dox_Mean,Tom minus Dox_Mean,Log2FoldChange,LogFoldChange,blank_threshold,combined_mean,impact_score,Detection
0,1-Methylnicotinamide,C7H8N2O,[M+H]+,19.0,21.0,15,0.2,137.0709,137.0708,-1.0,S07372,20.22,20.11,20.46,0.35,41301.0,34903.0,44449.0,29987.5,29987.5,29987.5,9115,6687,6796,5673,8484,3220,0.021912843232293738,45.63533766016563,40217.666666666664,29987.5,0.423468129818765,1.341147700430735,29987.5,35102.58333333333,2.0,3
1,"2,3-Diphosphoglyceric acid",C3H8O10P2,[M-H]-,12.0,15.0,15,0.2,264.952,264.9531,4.2,S07377,13.29,13.17,13.4,0.23,10000.0,10000.0,10000.0,10000.0,10000.0,10000.0,0,0,0,0,0,0,NA,NA,10000.0,10000.0,0.0,1.0,10000.0,10000.0,0.0,0
2,3-Hydroxybutyric acid,C4H8O3,[M-H]-,5.7,7.7,15,0.2,103.0401,103.0388,-12.3,S07376,7.29,7.16,7.53,0.37,451836.5,451836.5,451836.5,451836.5,451836.5,451836.5,152369,141953,141862,138170,156211,153108,NA,NA,451836.5,451836.5,0.0,1.0,451836.5,451836.5,0.0,0
3,3-Phosphoglyceric acid,C3H7O7P,[M-H]-,13.0,15.0,15,0.2,184.9857,184.9847,-5.2,S07372,14.26,14.24,14.46,0.22,161285.0,230651.0,317383.0,105810.5,139820.0,216065.0,9168,4255,59089,15946,79284,23879,0.21243935868456798,4.707225658145625,236439.66666666666,153898.5,0.6194929215447653,1.5363350953171515,105810.5,195169.0833333333,1.0,5
4,"4,5-Dihydroorotic acid",C5H6N2O4,[M-H]-,7.5,9.5,15,0.2,157.0255,157.0243,-7.5,S07377,8.55,8.49,8.65,0.16,525851.0,532142.0,805926.0,457057.0,468052.0,502788.0,0,0,0,1541,0,0,0.1944769108003721,5.14199858422518,621306.3333333334,475965.6666666667,0.38444725073233854,1.3053595602483934,10770.5,548636.0,4.0,6
5,4-Hydroxyproline,C5H9NO3,[M+H]+,10.2,11.2,15,0.2,132.0655,132.0659,2.9,S07373,10.92,10.85,11.0,0.16,513840.0,539020.0,537386.0,808215.0,733571.0,881612.0,65034,15269,97246,11904,58112,13379,0.0030898324920099643,323.6421400143575,530082.0,807799.3333333334,-0.6077814035714589,0.6562050476232133,140472.0,668940.6666666667,330.0,6
6,5'-Methylthioadenosine,C11H15N5O3S,[M+H]+,3.0,5.0,15,0.2,298.0968,298.0957,-3.8,S07372,4.36,4.19,4.48,0.29,3480164.0,4471134.0,5393747.0,5141716.0,5063696.0,5718389.0,38963,3893,45335,2903,37009,3516,0.21875851990541598,4.571250529727332,4448348.333333333,5307933.666666667,-0.2548805769604675,0.8380565042228296,75809.5,4878141.0,27.0,6
7,5-Phosphoribosylamine,C5H12NO7P,[M-H]-,11.5,13.5,15,0.2,228.0279,228.0269,-4.2,S07370,12.78,12.62,13.0,0.38,10819.5,10819.5,10819.5,10819.5,10819.5,10819.5,0,0,0,0,1639,0,NA,NA,10819.5,10819.5,0.0,1.0,10819.5,10819.5,0.0,0
8,6-Phosphogluconic acid,C6H13O10P,[M-H]-,14.0,17.0,15,0.2,275.0174,275.0165,-3.1,S07372,15.21,15.08,15.41,0.33,18003.5,18003.5,20488.0,18003.5,18003.5,18003.5,0,0,5589,0,8508,1910,0.37390096630005787,2.674504989638068,18831.666666666668,18003.5,0.06488328570857128,1.0460003147536128,18003.5,18417.583333333336,0.0,1
9,Acetoacetic acid,C4H6O3,[M-H]-,8.3,10.3,15,0.2,101.0244,101.023,-14.0,S07375,9.94,9.74,10.12,0.39,79494.5,79494.5,79494.5,79494.5,79494.5,79494.5,22873,17356,25386,20772,27960,24642,NA,NA,79494.5,79494.5,0.0,1.0,79494.5,79494.5,0.0,0
10,Acetyl-CoA,C23H38N7O17P3S,[M+H]+,8.0,11.0,15,0.2,810.1331,810.1262,-8.5,S07374,9.74,9.65,9.88,0.23,11045.0,11045.0,11045.0,16873.0,11045.0,11045.0,0,0,2090,0,0,0,0.37390096630005903,2.67450498963806,11045.0,12987.666666666666,-0.23374884420959452,0.850422195416164,11045.0,12016.333333333332,0.0,1
11,Acetylcysteine,C5H9NO3S,[M+H]+,6.0,8.0,15,0.2,164.0376,164.0374,-1.2,S07376,6.98,6.77,7.23,0.45,19859.0,39754.0,33955.0,30226.0,36033.0,28530.0,1612,1756,0,0,0,0,0.9518117057494412,1.0506279697543919,31189.333333333332,31596.333333333332,-0.01870443168438305,0.9871187585057338,11684.0,31392.833333333332,0.0,6
12,Adenine,C5H5N5,[M+H]+,5.0,7.0,15,0.2,136.0618,136.0614,-2.7,S07370,6.41,6.34,6.46,0.13,7323326.0,12328012.0,12442605.0,16554408.0,18198726.0,8943207.0,216293,65812,188670,71255,220672,135251,0.30790444072229484,3.247760888586599,10697981.0,14565447.0,-0.44521143060395346,0.7344766693394305,458976.5,12631714.0,56.0,6
13,Adenosine,C10H13N5O4,[M+H]+,4.5,7.0,15,0.2,268.10400000000004,268.1033,-2.7,S07366,6.03,5.92,6.1,0.18,2504068.0,4899182.0,4408412.0,5891624.0,4849338.0,2920210.0,41513,25534,28949,33514,38527,53844,0.6162517545382789,1.6227134326769441,3937220.6666666665,4553724.0,-0.20986928027390056,0.8646155688545609,120940.5,4245472.333333333,8.0,6
14,Adenosine diphosphate ribose,C15H23N5O14P2,[M-H]-,10.9,12.9,15,0.2,558.0644,558.0624,-3.6,S07372,12.16,11.93,12.16,0.23,11035.5,11035.5,11035.5,11035.5,11035.5,11035.5,0,0,0,0,2071,0,NA,NA,11035.5,11035.5,0.0,1.0,11035.5,11035.5,0.0,0
15,Adenosine monophosphate,C10H14N5O7P,[M+H]+,9.8,11.8,15,0.2,348.0704,348.0678,-7.4,S07373,10.97,10.81,11.02,0.21,482972.0,685039.0,668916.0,492704.0,527928.0,510543.0,132590,31211,178244,67383,319356,102659,0.19539369096728065,5.11787251189934,612309.0,510391.6666666667,0.2626551147079318,1.1996845559782519,425721.5,561350.3333333334,3.0,6
16,Adenosine triphosphate,C10H16N5O13P3,[M-H]-,12.5,14.5,15,0.2,505.9885,505.98800000000006,-0.9,S07372,14.02,14.01,14.27,0.26,693843.0,1082941.0,1832475.0,315611.0,504461.0,917507.0,20845,2030,188101,32227,306229,61790,0.17459788465937567,5.727446251430294,1203086.3333333333,579193.0,1.0546241023124547,2.0771769226032313,315611.0,891139.6666666666,11.0,5
17,Adenylsuccinic acid,C14H18N5O11P,[M-H]-,14.5,16.5,15,0.2,462.0668,462.0672,0.9,S07377,15.75,15.7,15.87,0.17,10000.0,10000.0,10000.0,10000.0,10000.0,10000.0,0,0,0,0,0,0,NA,NA,10000.0,10000.0,0.0,1.0,10000.0,10000.0,0.0,0
18,ADP,C10H15N5O10P2,[M-H]-,11.1,13.1,15,0.2,426.0221,426.0215,-1.5,S07377,12.54,12.44,12.61,0.18,526830.0,731265.0,1076431.0,526830.0,526830.0,530238.0,42121,24985,257624,98414,450406,160110,0.19376110427253038,5.160994533729908,778175.3333333334,527966.0,0.5596502245922708,1.473911830180984,526830.0,653070.6666666667,5.0,3
19,Allantoin,C4H6N4O3,[M-H]-,9.3,11.3,15,0.2,157.0367,157.0356,-7.1,S07370,10.31,10.11,10.41,0.3,10000.0,10000.0,10816.0,10000.0,12758.0,10000.0,0,0,0,0,0,0,0.5365670737156318,1.8636998969675447,10272.0,10919.333333333334,-0.08816766937593791,0.94071677147567,10000.0,10595.666666666668,0.0,2
20,Aminoadipic acid,C6H11NO4,[M-H]-,5.9,7.9,15,0.2,160.0615,160.0603,-7.7,S07377,6.92,6.77,7.08,0.31,1173831.0,1305643.0,1393893.0,688336.0,621874.0,730578.0,1763,1859,4351,2345,2424,1782,0.001021444097203278,979.0060980703769,1291122.3333333333,680262.6666666666,0.9244618817169472,1.897976173909294,17262.0,985692.5,1832.0,6
21,Argininosuccinic acid,C10H18N4O6,[M-H]-,12.5,14.5,15,0.2,289.1154,289.1144,-3.3,S07367,13.83,13.69,14.02,0.33,12267.0,12267.0,12267.0,12267.0,12267.0,12267.0,1540,0,1832,0,1162,0,NA,NA,12267.0,12267.0,0.0,1.0,12267.0,12267.0,0.0,0
22,Beta-Alanine,C3H7NO2,[M+H]+,9.8,10.5,15,0.2,90.055,90.0553,3.8,S07377,10.48,10.24,10.49,0.25,236384.0,198939.0,274170.0,178381.0,178381.0,178381.0,39023,27089,90703,46847,74594,58506,0.055456267838813834,18.032226815308697,236497.66666666666,178381.0,0.4068639928977514,1.3258007672715517,178381.0,207439.3333333333,5.0,3
23,Betaine,C5H11NO2,[M+H]+,7.0,8.2,15,0.2,118.0863,118.0861,-1.3,S07376,8.04,8.0,8.1,0.1,4489595.0,4825078.0,4824246.0,4315232.0,4630938.0,4650396.0,383751,385142,413825,385400,437101,433375,0.3104376139355381,3.2212591358457243,4712973.0,4532188.666666667,0.056429497221708466,1.0398889690235018,1229297.0,4622580.833333334,15.0,6
24,Butyrylcarnitine,C11H21NO4,[M+H]+,4.2,6.2,15,0.2,232.1543,232.1536,-3.2,S07377,5.86,5.65,5.97,0.31,2409055.0,2814084.0,3011974.0,1232902.0,1176140.0,1418194.0,3318,2851,5701,2450,2885,5608,0.001563800726347151,639.4676656378583,2745037.6666666665,1275745.3333333333,1.1054855812739381,2.151712881045224,21406.5,2010391.5,2766.0,6
25,Carbamoyl phosphate,CH4NO5P,[M-H]-,27.0,30.0,15,0.2,139.9754,139.9742,-8.8,S07377,27.87,27.84,28.12,0.28,8242906.0,8334318.0,8563056.0,5833046.0,6249730.0,6226578.0,632114,32535,1166884,41117,952212,28699,0.00016119148811111488,6203.801526484236,8380093.333333333,6103118.0,0.4574198277431798,1.3730839438682545,1436780.5,7241605.666666666,61686.0,6
26,Carnosine,C9H14N4O3,[M+H]+,10.6,12.6,15,0.2,227.1139,227.1108,-13.5,S07375,10.67,10.67,10.67,0.0,10000.0,10000.0,10000.0,10000.0,10000.0,10000.0,0,0,0,0,0,0,NA,NA,10000.0,10000.0,0.0,1.0,10000.0,10000.0,0.0,0
27,CDP,C9H15N3O11P2,[M+H]+,13.0,15.0,15,0.2,404.0255,404.0258,0.8,S07377,14.44,14.34,14.66,0.32,31651.5,31651.5,31651.5,31651.5,31651.5,31651.5,2528,1427,11957,5467,14305,7619,NA,NA,31651.5,31651.5,0.0,1.0,31651.5,31651.5,0.0,0
28,Choline,C5H14NO,[Cat]+,11.0,15.0,15,0.2,104.10700000000001,104.1071,1.1,S07376,11.01,11.0,11.15,0.15,2276984.0,2875430.0,2604378.0,1394276.0,1286792.0,1736901.0,84213,19853,105521,17292,320653,15686,0.007173838219432638,139.39539329046755,2585597.3333333335,1472656.3333333333,0.8120768203669468,1.755737081903472,291609.0,2029126.8333333335,497.0,6
29,cis-Aconitic acid,C6H6O6,[M-H]-,14.1,16.1,15,0.2,173.0092,173.0081,-6.1,S07377,15.25,15.12,15.28,0.16,2551038.0,3516876.0,4647682.0,1677169.0,2315418.0,2111222.0,101856,32712,493736,87525,777404,103227,0.0725215601593539,13.789002853808833,3571865.3333333335,2034603.0,0.8119303714784497,1.7555588649644838,808230.0,2803234.166666667,68.0,6
30,Citric acid,C6H8O7,[M-H]-,14.2,16.2,15,0.2,191.0197,191.0188,-4.9,S07377,15.51,15.47,15.58,0.11,6483171.0,8857884.0,13614272.0,4222080.5,4390333.0,5689788.0,1971576,958014,1945152,776307,2055455,717657,0.08527484202654802,11.726788068263756,9651775.666666666,4767400.5,1.0175915553243837,2.0245363624614012,4222080.5,7209588.083333333,171.0,5
31,Citrulline,C6H13N3O3,[M+H]+,10.9,12.9,15,0.2,176.10299999999998,176.1026,-2.1,S07377,12.31,12.21,12.36,0.15,138369.0,138369.0,2219632.0,138369.0,138369.0,138369.0,26245,27566,37109,27048,113805,24965,0.3739009663000589,2.6745049896380606,832123.3333333334,138369.0,2.588276613792545,6.013798851862291,138369.0,485246.1666666667,8.0,1
32,Creatine,C4H9N3O2,[M+H]+,10.0,11.5,15,0.2,132.0768,132.0764,-2.7,S07376,11.12,11.02,11.12,0.1,505485984.0,569474752.0,568118976.0,320824960.0,326779712.0,322783104.0,7687539,143192,14419734,695502,22296378,879882,0.0004504682005748407,2219.9125237339817,547693237.3333334,323462592.0,0.7597691905502291,1.693219713435467,23071113.5,435577914.6666667,1637250.0,6
33,Creatinine,C4H7N3O,[M+H]+,5.2,7.2,15,0.2,114.0662,114.0661,-0.8,S07377,6.7,6.59,6.72,0.12,5055950.0,7109996.0,7234703.0,2776357.0,4311767.0,2453912.0,83253,39894,289210,82828,461983,125217,0.022505382307586547,44.43381526839919,6466883.0,3180678.6666666665,1.0237358805441183,2.033177091346124,551192.5,4823780.833333333,436.0,6
34,Cyclic AMP,C10H12N5O6P,[M-H]-,5.8,7.8,15,0.2,328.0452,328.0435,-5.3,S07372,6.95,6.81,7.01,0.2,19952.0,24411.0,25621.0,19905.0,22570.0,13473.0,0,0,0,1494,2096,2269,0.2179332699789549,4.588560526332518,23328.0,18649.333333333332,0.3229385660870351,1.2508758132551656,12929.5,20988.666666666664,0.0,6
35,Cytidine,C9H13N3O5,[M+H]+,7.1,9.1,15,0.2,244.0928,244.0928,0.0,S07377,8.56,8.42,8.74,0.32,76044.0,92407.0,95930.0,73204.0,70083.0,41634.0,13337,4179,2117,3018,3077,3107,0.08751323579282243,11.426842933420787,88127.0,61640.333333333336,0.515709430485476,1.4296970057484006,24417.5,74883.66666666667,1.0,6
36,Cytidine monophosphate,C9H14N3O8P,[M+H]+,11.8,13.8,15,0.2,324.0591,324.0568,-7.2,S07377,12.55,12.49,12.58,0.09,57199.0,71906.0,87406.0,50889.0,65705.0,49911.0,2421,0,3386,0,4464,0,0.17446632966315528,5.731764988297253,72170.33333333333,55501.666666666664,0.3788748231712466,1.300327317497973,15135.5,63836.0,0.0,6
37,Cytidine triphosphate,C9H16N3O14P3,[M-H]-,15.0,20.0,15,0.2,481.9772,481.9758,-3.0,S07377,16.01,16.01,16.26,0.25,19410.5,25898.0,45674.0,19410.5,19410.5,33863.0,0,0,6347,0,10475,1999,0.5457371281843849,1.8323840331826131,30327.5,24228.0,0.3239512600525067,1.2517541687303946,19410.5,27277.75,0.0,3
38,Cytosine,C4H5N3O,[M+H]+,9.0,11.0,15,0.2,112.0505,112.0506,0.5,S07372,9.46,9.3,9.69,0.39,63704.0,63704.0,63704.0,63704.0,63704.0,63704.0,15031,20593,21890,12642,21568,15684,NA,NA,63704.0,63704.0,0.0,1.0,63704.0,63704.0,0.0,0
39,D-2-Hydroxyglutaric acid,C5H8O5,[M-H]-,11.6,13.6,15,0.2,147.0299,147.0287,-8.2,S07375,12.49,12.39,12.51,0.12,11284824.0,10853773.0,10390342.0,6797754.0,7049616.0,6786256.0,120866,31243,146370,26647,440326,31345,0.00012915599088453699,7742.575417147944,10842979.666666666,6877875.333333333,0.6567263946006807,1.5765013381554944,408398.5,8860427.5,108152.0,6
40,D-Glucose,C6H12O6,[M-H]-,9.0,11.0,15,0.2,179.0561,179.055,-6.2,S07371,11.02,10.79,11.03,0.24,1922864.0,2256011.0,2971726.0,2527473.0,2747046.0,3183276.0,80552,14368,70116,13938,150197,13168,0.29798636626223646,3.355858231178173,2383533.6666666665,2819265.0,-0.242217088865741,0.8454450598530704,181169.5,2601399.333333333,10.0,6
41,D-Glyceraldehyde 3-phosphate,C3H7O6P,[M-H]-,13.0,14.0,15,0.2,168.9908,168.9898,-5.6,S07377,13.46,13.36,13.5,0.14,310232.0,379480.0,553096.0,172724.5,197708.0,234342.0,22965,5762,87834,30998,145307,32583,0.046027124719864435,21.726319123480224,414269.3333333333,201591.5,1.039134217809043,2.054994051501841,172724.5,307930.4166666666,14.0,5
42,Dihydrofolic acid,C19H21N7O6,[M+H]+,13.0,16.0,15,0.2,444.1626,444.162,-1.4,S07371,14.95,14.75,15.2,0.45,10000.0,10000.0,10000.0,10000.0,10000.0,10000.0,0,0,0,0,0,0,NA,NA,10000.0,10000.0,0.0,1.0,10000.0,10000.0,0.0,0
43,Dihydroxyacetone phosphate,C3H7O6P,[M-H]-,12.0,13.0,15,0.2,168.9908,168.9897,-6.2,S07377,12.56,12.49,12.56,0.07,1791602.0,2494593.0,2730365.0,788205.0,1093515.0,1155034.0,26406,2347,96241,9628,144349,14093,0.012015396243319189,83.22655197959209,2338853.3333333335,1012251.3333333334,1.2082338515362794,2.310546063329463,156532.0,1675552.3333333335,322.0,6
44,D-Ribose 5-phosphate,C5H11O8P,[M-H]-,12.4,13.8,15,0.2,229.0119,229.0111,-3.4,S07377,12.88,12.72,12.95,0.23,212883.0,291000.0,344837.0,106542.0,142923.0,140781.0,8960,0,25078,6862,31708,7063,0.018889109541175016,52.94055804060915,282906.6666666667,130082.0,1.120904830082704,2.1748333102709574,49835.5,206494.33333333334,24.0,6
45,D-Sedoheptulose 7-phosphate,C7H15O10P,[M-H]-,12.2,14.2,15,0.2,289.033,289.0322,-2.8,S07372,13.49,13.34,13.52,0.19,155211.0,233039.0,219087.0,110520.0,152318.0,145005.0,14699,2313,32436,8124,29695,8868,0.07087508136818398,14.109331244435126,202445.66666666666,135947.66666666666,0.5744833726467002,1.4891441069234976,58067.5,169196.66666666666,4.0,6
46,dTDP,C10H16N2O11P2,[M-H]-,11.0,13.0,15,0.2,401.0157,401.0153,-0.9,S07372,12.03,11.91,12.27,0.36,14491.5,14491.5,14491.5,14491.5,14491.5,14491.5,0,0,3171,1890,2636,1286,NA,NA,14491.5,14491.5,0.0,1.0,14491.5,14491.5,0.0,0
47,FAD,C27H33N9O15P2,[M+H]+,7.6,9.6,15,0.2,786.1644,786.1618,-3.3,S07376,8.94,8.74,9.03,0.28,21966.0,33863.0,31756.0,15652.0,19222.0,19317.0,0,0,0,0,2140,0,0.044798269628934885,22.32229075549175,29195.0,18063.666666666668,0.6926305420715911,1.616227786901884,11070.0,23629.333333333336,1.0,6
48,Folic acid,C19H19N7O6,[M+H]+,13.0,16.0,15,0.2,442.147,442.1427,-9.6,S07377,14.15,14.1,14.19,0.09,14529.0,20255.0,32408.0,15109.0,14017.0,19488.0,1468,0,0,0,5235,0,0.3254760564515466,3.0724226258064835,22397.333333333332,16204.666666666666,0.4669176282226338,1.3821532891759576,13351.5,19301.0,0.0,6
49,"Fructose 1,6-bisphosphate",C6H14O12P2,[M-H]-,14.1,16.1,15,0.2,338.9888,338.98800000000006,-2.3,S07377,15.88,15.65,16.09,0.44,107896.0,164016.0,342331.0,79099.0,79099.0,90998.0,9799,1243,42512,2408,71315,10921,0.16072912927172736,6.221647591392149,204747.66666666666,83065.33333333333,1.3015286005723417,2.464899115555627,79099.0,143906.5,2.0,4
50,Fructose 6-phosphate,C6H13O9P,[M-H]-,12.6,13.5,15,0.2,259.0224,259.0219,-2.1,S07377,13.11,13.03,13.15,0.11,823360.0,1114590.0,1321259.0,646604.0,864267.0,960605.0,56547,14914,150921,31135,173843,35610,0.20093889774004056,4.976637232745866,1086403.0,823825.3333333334,0.39914897246095554,1.3187297792897847,241485.0,955114.1666666667,6.0,6
51,Fumaric acid,C4H4O4,[M-H]-,12.2,14.2,15,0.2,115.0037,115.0023,-12.0,S07372,13.29,13.22,13.32,0.1,5179850.0,6072126.0,6601622.0,4619272.0,4718476.0,5153442.0,221901,52502,409013,62272,415041,54157,0.06589101476437821,15.176576101854433,5951199.333333333,4830396.666666667,0.3010387747779259,1.2320311858446407,617443.0,5390798.0,101.0,6
52,Glucose 6-phosphate,C6H13O9P,[M-H]-,13.6,14.4,15,0.2,259.0224,259.022,-1.7,S07372,14.02,13.93,14.05,0.12,1073545.0,1207325.0,1430320.0,890410.0,1131005.0,1300567.0,210873,61960,281482,55783,287176,55669,0.45789775855127623,2.183893634168157,1237063.3333333333,1107327.3333333333,0.15983760773901057,1.117161381368111,486471.5,1172195.3333333333,3.0,6
53,Glutathione,C10H17N3O6S,[M+H]+,10.0,13.0,15,0.2,308.0911,308.0898,-4.2,S07376,11.49,11.42,11.56,0.14,72834608.0,88092040.0,84400256.0,1058536.0,15347832.0,12996323.0,78501,25380,255689,111139,742720,317138,0.00035154847142728764,2844.5579522505036,81775634.66666667,9800897.0,3.0606853521550854,8.343688814061272,775283.5,45788265.833333336,1086744.0,6
54,Glycerol 3-phosphate,C3H9O6P,[M-H]-,11.5,13.0,15,0.2,171.0064,171.0053,-6.4,S07377,12.16,12.08,12.2,0.12,7610448.0,9646653.0,10459811.0,2651829.0,3835649.0,3659324.0,218336,40578,1100034,155288,1346744,166631,0.003174635859581957,314.99675686637084,9238970.666666666,3382267.3333333335,1.4497414324662683,2.7315908992803837,1523805.5,6310619.0,5430.0,6
55,Glycine,C2H5NO2,[M+H]+,10.7,12.7,15,0.2,76.0393,76.0398,6.5,S07375,12.06,11.99,12.09,0.1,31660872.0,31170146.0,30589832.0,26015710.5,26015710.5,26015710.5,9367796,7818770,9372741,7572957,9764687,8114470,7.796749905603964e-05,12825.857082849914,31140283.333333332,26015710.5,0.2593989625368188,1.1969799300054993,26015710.5,28577996.916666664,438738.0,3
56,Guanidoacetic acid,C3H7N3O2,[M+H]+,10.7,12.7,15,0.2,118.0611,118.061,-0.9,S07377,12.15,12.07,12.15,0.08,250638256.0,242718336.0,252117056.0,84537864.0,81432536.0,89170800.0,5086456,8271,10885688,27557,18569598,31927,1.5426884855680333e-06,648219.0081504303,248491216.0,85047066.66666667,1.5468614720846345,2.9218081909154616,17314748.5,166769141.33333334,315856019.0,6
57,Guanine,C5H5N5O,[M+H]+,7.7,9.7,15,0.2,152.0567,152.0565,-1.2,S07369,8.83,8.76,9.04,0.28,43937.0,60648.0,57032.0,127172.0,101604.0,30493.0,12236,8173,3153,5874,7845,3705,0.32980713180903265,3.0320751237696926,53872.333333333336,86423.0,-0.6818707591080736,0.6233564367510193,30493.0,70147.66666666667,0.0,5
58,Guanosine,C10H13N5O5,[M+H]+,7.7,9.7,15,0.2,284.0989,284.0986,-1.2,S07377,9.13,8.88,9.26,0.37,35486.0,52039.0,77578.0,19383.0,19002.0,19073.0,11705,2703,0,0,0,1919,0.042784383291595306,23.37301424177459,55034.333333333336,19152.666666666668,1.5227866534646446,2.873455393504821,18163.5,37093.5,2.0,6
59,Guanosine diphosphate,C10H15N5O11P2,[M-H]-,13.8,15.8,15,0.2,442.0171,442.0167,-0.8,S07377,15.44,15.28,15.52,0.24,27276.5,27276.5,30146.0,27276.5,27276.5,27276.5,1661,1230,8327,2244,15356,5735,0.373900966300059,2.67450498963806,28233.0,27276.5,0.049723899753768425,1.0350668157571536,27276.5,27754.75,0.0,1
60,Guanosine monophosphate,C10H14N5O8P,[M+H]+,12.6,14.6,15,0.2,364.0653,364.06300000000005,-6.3,SQ437_B_0,13.81,13.78,13.93,0.14,70849.0,70849.0,70849.0,70849.0,70849.0,70849.0,71888,24110,8437,7448,7137,2678,NA,NA,70849.0,70849.0,0.0,1.0,70849.0,70849.0,0.0,0
61,Guanosine triphosphate,C10H16N5O14P3,[M-H]-,15.0,17.0,15,0.2,521.9834,521.9832,-0.4,S07377,16.99,16.91,16.99,0.08,10000.0,10000.0,10130.0,10000.0,10000.0,10000.0,0,0,0,0,0,0,0.3739009663000528,2.6745049896381046,10043.333333333334,10000.0,0.0062381722112198786,1.0043333333333333,10000.0,10021.666666666668,0.0,1
62,Homocysteine,C4H9NO2S,[M-H]-,7.3,9.3,15,0.2,134.0281,134.0299,13.2,S07377,7.31,7.26,7.5,0.24,13124.5,13124.5,27179.0,13124.5,13124.5,13124.5,1432,0,1800,1538,0,1479,0.373900966300059,2.67450498963806,17809.333333333332,13124.5,0.4403710503247164,1.3569532807599018,13124.5,15466.916666666666,0.0,1
63,Hypotaurine,C2H7NO2S,[M+H]+,10.0,12.0,15,0.2,110.027,110.027,-0.2,S07376,11.44,11.28,11.45,0.18,4562842.0,5235412.0,5045578.0,2888307.0,2761540.0,2869088.0,29289,0,43388,0,44811,0,0.0004950988013214193,2019.7988711162272,4947944.0,2839645.0,0.8011185906484201,1.74245160926806,68744.0,3893794.5,13704.0,6
64,Hypoxanthine,C5H4N4O,[M+H]+,5.8,7.8,15,0.2,137.0458,137.0455,-2.1,S07377,7.77,7.54,7.77,0.23,60693.0,92613.0,178694.0,143645.0,110414.0,127260.0,3061,2247,2518,2414,2860,1864,0.6759350969453937,1.4794319817377175,110666.66666666667,127106.33333333333,-0.1998151765174135,0.8706620965648185,17482.0,118886.5,0.0,6
65,Inosine,C10H12N4O5,[M+H]+,6.4,8.4,15,0.2,269.08799999999997,269.0862,-6.9,S07370,7.84,7.64,7.97,0.33,55767.0,67328.0,88039.0,71759.0,90389.0,82399.0,0,0,0,0,0,0,0.36359868289152314,2.7502849901641206,70378.0,81515.66666666667,-0.2119528443694437,0.8633677779731503,10000.0,75946.83333333334,0.0,6
66,Inosinic acid,C10H13N4O8P,[M+H]+,11.4,13.4,15,0.2,349.0544,349.0515,-8.3,S07370,12.62,12.59,12.8,0.21,10999.0,10999.0,10999.0,10999.0,10999.0,10999.0,0,0,1998,0,0,0,NA,NA,10999.0,10999.0,0.0,1.0,10999.0,10999.0,0.0,0
67,L-Acetylcarnitine,C9H17NO4,[M+H]+,6.3,8.3,15,0.2,204.123,204.1224,-3.1,S07377,7.79,7.56,7.92,0.36,4813509.0,5125000.0,5831314.0,3091527.0,3467962.0,3442797.0,16322,15263,10794,10643,11906,10072,0.004075154417982072,245.38947422148934,5256607.666666667,3334095.3333333335,0.65683670505935,1.5766218842372635,47500.0,4295351.5,1662.0,6
68,L-Alanine,C3H7NO2,[M+H]+,10.6,11.2,15,0.2,90.055,90.0552,2.7,S07372,11.19,11.09,11.2,0.11,171055392.0,160021264.0,175485456.0,235641888.0,236370800.0,247588784.0,12573427,165430,20016368,252924,8759799,239814,0.0002931777230277993,3410.900356522584,168854037.33333334,239867157.33333334,-0.5064589621338706,0.7039481320015977,21013881.0,204360597.33333334,990206.0,6
69,L-Arginine,C6H14N4O2,[M+H]+,18.5,21.0,15,0.2,175.11900000000003,175.1185,-2.6,S07377,20.39,20.32,20.55,0.23,21118804.0,22068992.0,27352140.0,19686454.0,23864068.0,26398398.0,10102375,2756652,9274954,2318849,10815290,2617241,0.9464207564201794,1.0566124984224599,23513312.0,23316306.666666668,0.012138484241495726,1.008449251253629,18952680.5,23414809.333333336,25.0,6
70,L-Asparagine,C4H8N2O3,[M+H]+,10.3,12.3,15,0.2,133.0608,133.0605,-2.0,S07372,11.68,11.55,11.73,0.19,341851.0,409216.0,430587.0,637489.0,663451.0,560943.0,46191,3074,113624,6053,27711,5342,0.00511536957662819,195.48929652491555,393884.6666666667,620627.6666666666,-0.6559547554059368,0.6346553462274483,110997.5,507256.1666666666,156.0,6
71,L-Aspartic acid,C4H7NO4,[M-H]-,10.8,12.8,15,0.2,132.0302,132.0289,-10.1,S07368,12.04,11.89,12.04,0.15,16921226.0,16049938.0,16952522.0,31159864.0,32585218.0,32827854.0,2050897,58553,2155555,48794,1441148,30860,1.3038128434728054e-05,76698.12465847655,16641228.666666666,32190978.666666668,-0.9518944826753455,0.5169531761983502,2902903.5,24416103.666666668,3622513.0,6
72,L-Carnitine,C7H16NO3,[Cat]+,8.3,10.3,15,0.2,162.1125,162.1119,-3.5,S07377,9.85,9.81,9.94,0.13,6762066.0,7732668.0,8292106.0,3217380.0,3084554.0,3235466.0,18933,10879,19847,12473,29672,9162,0.0006016312092243632,1662.147815252508,7595613.333333333,3179133.3333333335,1.2565329400989012,2.3892087990437645,60483.0,5387373.333333333,21394.0,6
73,L-Cystathionine,C7H14N2O4S,[M+H]+,12.2,14.2,15,0.2,223.0747,223.074,-3.2,S07372,13.54,13.48,13.58,0.1,313716.0,345737.0,569491.0,600827.0,798477.0,841267.0,27810,2958,74298,9223,25808,6098,0.03679333658482784,27.178834343943723,409648.0,746857.0,-0.8664472667500476,0.548495896804877,83097.5,578252.5,29.0,6
74,L-Cysteine,C3H7NO2S,[M+H]+,13.0,17.0,15,0.2,122.027,122.0272,1.4,S07377,13.93,13.68,14.15,0.47,12307.0,12307.0,12307.0,12307.0,12307.0,12307.0,0,0,1637,1488,1489,0,NA,NA,12307.0,12307.0,0.0,1.0,12307.0,12307.0,0.0,0
75,L-Cystine,C6H12N2O4S2,[M-H]-,11.7,13.7,15,0.2,239.0166,239.0155,-4.5,S07369,12.87,12.76,12.96,0.2,12258.0,12258.0,12258.0,12258.0,12258.0,12258.0,2179,1333,1004,0,0,0,NA,NA,12258.0,12258.0,0.0,1.0,12258.0,12258.0,0.0,0
76,L-Glutamic acid,C5H9NO4,[M+H]+,10.0,13.0,15,0.2,148.0604,148.06,-2.9,S07372,11.76,11.63,11.76,0.13,206534608.0,238447920.0,235452352.0,314105536.0,299959040.0,312207488.0,24334398,515793,28711926,911899,20163582,702864,0.0017941731212424482,557.3598155943331,226811626.66666666,308757354.6666667,-0.4449789057643124,0.7345950573761446,37680231.0,267784490.6666667,203176.0,6
77,L-Glutamine,C5H10N2O3,[M+H]+,10.1,12.1,15,0.2,147.0764,147.0759,-3.5,S07372,11.52,11.39,11.53,0.13,478204192.0,488798880.0,525671616.0,636709120.0,647699136.0,678570880.0,66526572,362584,65308548,681199,33077860,468432,0.0011954137181404683,836.530470434583,497558229.3333333,654326378.6666666,-0.3951450586083545,0.7604129155654968,83222597.5,575942304.0,633594.0,6
78,L-Histidine,C6H9N3O2,[M+H]+,9.9,11.9,15,0.2,156.0768,156.0763,-2.9,S07368,11.09,10.89,11.23,0.33,18971692.0,20938256.0,28800668.0,37055480.0,33522778.0,41844588.0,5855880,161179,7290897,198567,6363190,178183,0.019377225368893875,51.606975764718776,22903538.666666668,37474282.0,-0.710330320346872,0.6111801866321727,10033948.0,30188910.333333336,2549.0,6
79,L-Isoleucine,C6H13NO2,[M+H]+,6.0,7.5,15,0.2,132.1019,132.1016,-2.3,S07372,7.44,7.34,7.45,0.11,72785896.0,86594416.0,118888128.0,110128208.0,94138392.0,99042888.0,710669,59987,785074,72298,667359,67452,0.5946074382745825,1.6817818540948224,92756146.66666667,101103162.66666667,-0.12431333471721025,0.9174406044297566,1191419.5,96929654.66666667,178.0,6
80,L-Kynurenine,C10H12N2O3,[M+H]+,6.0,8.0,15,0.2,209.0921,209.092,-0.3,S07373,7.57,7.35,7.78,0.43,32277.0,47025.0,45297.0,31469.0,41696.0,56314.0,3045,2862,0,0,2742,0,0.8588881243367943,1.16429599113641,41533.0,43159.666666666664,-0.055425638690077474,0.9623104905042517,14324.5,42346.33333333333,0.0,6
81,L-Lactic acid,C3H6O3,[M-H]-,6.2,8.2,15,0.2,89.0244,89.0231,-14.8,S07377,7.14,7.01,7.38,0.38,316057504.0,236070208.0,395542144.0,61504944.0,163279328.0,87367824.0,1659393,1391950,1936330,1446236,2208754,1492008,0.018546087965592872,53.91972699877316,315889952.0,104050698.66666667,1.6021353954486903,3.035923410874678,5077335.5,209970325.33333334,34371.0,6
82,L-Leucine,C6H13NO2,[M+H]+,7.5,9.0,15,0.2,132.1019,132.1016,-2.3,S07372,8.0,7.9,8.02,0.13,172246336.0,195013904.0,238851616.0,218016240.0,220654608.0,237501776.0,1125797,80604,1358586,100706,1189948,100401,0.317716639158586,3.147458699828614,202037285.33333334,225390874.66666666,-0.1578075444349919,0.8963862695511909,1988021.0,213714080.0,750.0,6
83,L-Lysine,C6H14N2O2,[M+H]+,18.0,20.0,15,0.2,147.1128,147.1124,-2.7,S07377,19.34,19.3,19.46,0.15,15386250.0,16705621.0,22644988.0,13481232.0,16300823.0,20394152.0,3190135,590053,4491736,610717,5004466,628951,0.6391957129710703,1.5644660621265143,18245619.666666668,16725402.333333334,0.125509233630221,1.0908927213250694,7268029.0,17485511.0,30.0,6
84,L-Malic acid,C4H6O5,[M-H]-,12.2,14.2,15,0.2,133.0142,133.0129,-10.1,S07372,13.29,13.22,13.31,0.09,92442880.0,106503664.0,116092320.0,77578624.0,88225304.0,98922752.0,12388034,3686052,16458926,4001143,16590238,3810155,0.14326383425606662,6.980128691883411,105012954.66666667,88242226.66666667,0.2510262125681986,1.1900533183886113,28477274.0,96627590.66666667,803.0,6
85,L-Methionine,C5H11NO2S,[M+H]+,6.8,8.8,15,0.2,150.0583,150.058,-2.2,S07372,8.2,8.11,8.23,0.12,58831972.0,68457600.0,83741976.0,96850640.0,93422864.0,106741728.0,348408,3700,374887,9436,230527,10014,0.025772484066175345,38.80107161701316,70343849.33333333,99005077.33333333,-0.49307822982060434,0.7105074934338721,498486.0,84674463.33333333,4624.0,6
86,L-Phenylalanine,C9H11NO2,[M+H]+,5.6,7.6,15,0.2,166.0863,166.0857,-3.3,S07372,7.01,6.93,7.07,0.14,108729296.0,128312280.0,155710832.0,140582544.0,136497248.0,154454752.0,180917,19836,253574,20417,263594,22892,0.4279307022296034,2.336826955368714,130917469.33333333,143844848.0,-0.13585592978890126,0.9101297067888962,390615.0,137381158.66666666,353.0,6
87,L-Proline,C5H9NO2,[M+H]+,7.9,9.9,15,0.2,116.0706,116.0705,-0.9,S07377,9.37,9.29,9.42,0.12,908398592.0,1009704512.0,1013778688.0,508435520.0,508636576.0,523604064.0,5993912,861220,20363586,557996,24822176,743682,0.0001839989212547813,5434.814471631118,977293930.6666666,513558720.0,0.9282632891683897,1.902983811990704,26681286.0,745426325.3333333,7709470.0,6
88,L-Serine,C3H7NO3,[M+H]+,10.8,12.8,15,0.2,106.0499,106.0499,0.3,S07372,12.16,12.05,12.18,0.13,12389244.0,12678024.0,14598318.0,14165899.0,13741362.0,16687934.0,1048373,34931,1027462,39067,809711,41699,0.2267986661323938,4.409197007429707,13221862.0,14865065.0,-0.16900040959075405,0.8894587410145869,1510621.5,14043463.5,70.0,6
89,L-Threonine,C4H9NO3,[M-H]-,9.5,11.5,15,0.2,118.051,118.0496,-11.6,S07372,10.96,10.81,10.99,0.17,11941145.0,11522207.0,11926950.0,15250660.0,16679571.0,16044608.0,1628055,21283,1965762,34862,1071751,21403,0.0006499756251253198,1538.5192326361364,11796767.333333334,15991613.0,-0.4389238919255549,0.7376846434023469,2381558.0,13894190.166666668,28978.0,6
90,L-Tryptophan,C11H12N2O2,[M+H]+,6.8,8.8,15,0.2,205.0972,205.0965,-3.2,S07372,8.25,8.14,8.4,0.26,12913110.0,15109340.0,19527720.0,16939132.0,16726902.0,20154076.0,28308,3181,31088,3515,33000,2328,0.40340757579159586,2.4788825495845654,15850056.666666666,17940036.666666668,-0.1786948406505191,0.8835019103454079,60710.0,16895046.666666668,47.0,6
91,L-Tyrosine,C9H11NO3,[M+H]+,8.2,10.2,15,0.2,182.0812,182.0807,-2.6,S07368,9.61,9.44,9.62,0.18,30703378.0,34126464.0,41386860.0,52554140.0,48337616.0,57981244.0,399216,6595,584645,6569,468180,8353,0.01402353666919153,71.30868792869573,35405567.333333336,52957666.666666664,-0.5808633237844649,0.6685635822323492,746779.0,44181617.0,4712.0,6
92,L-Valine,C5H11NO2,[M+H]+,8.3,9.2,15,0.2,118.0863,118.0862,-0.5,S07372,9.11,9.02,9.15,0.13,122912560.0,133112544.0,159471696.0,148039488.0,138931456.0,160457712.0,1360599,88297,1661692,98481,1553454,106888,0.44420760205575904,2.251199653882725,138498933.33333334,149142885.33333334,-0.10682029220790668,0.9286325192367652,2444705.5,143820909.33333334,349.0,6
93,N6-Acetyl-L-lysine,C8H16N2O3,[M+H]+,1.9,3.9,15,0.2,189.1234,189.1214,-10.4,S07368,3.21,3.15,3.23,0.09,772773.0,390792.0,517586.0,909120.0,2562450.0,809231.0,110938,113421,110284,119871,131434,136152,0.20913592514234883,4.7815792495686615,560383.6666666666,1426933.6666666667,-1.3484314586480846,0.39271879258110803,371050.0,993658.6666666667,12.0,6
94,N-Acetylglutamic acid,C7H11NO5,[M+H]+,10.3,12.3,15,0.2,190.071,190.0704,-3.2,S07374,11.73,11.56,11.85,0.29,417142.0,240276.0,278064.0,153661.0,153661.0,159210.0,71077,9551,146248,10547,43498,6401,0.04389179835901293,22.78329978235343,311827.3333333333,155510.66666666666,1.0037338535482558,2.0051829242152737,153661.0,233669.0,11.0,4
95,N-Acetylglutamine,C7H12N2O4,[M-H]-,6.8,8.8,15,0.2,187.0724,187.0713,-6.0,S07372,8.03,7.86,8.08,0.22,130938.0,184768.0,164710.0,209157.0,233193.0,232259.0,0,0,0,0,1115,1108,0.02110272370891202,47.387247911400365,160138.66666666666,224869.66666666666,-0.48976736553075473,0.7121399210505641,11111.5,192504.16666666666,13.0,6
96,N-Acetyl-L-alanine,C5H9NO3,[M+H]+,6.0,7.0,15,0.2,132.0655,132.0652,-2.4,S07377,6.5,6.3,6.74,0.44,5521002.0,6415137.0,6683578.0,3406511.0,3241805.0,3490239.0,18990,12468,15557,12736,14263,12436,0.0014046757327244043,711.9080772189853,6206572.333333333,3379518.3333333335,0.8769790990912166,1.8365257179154226,53225.0,4793045.333333333,6267.0,6
97,N-Acetyl-L-methionine,C7H13NO3S,[M+H]+,3.0,5.0,15,0.2,192.0689,192.0683,-3.1,S07372,4.17,4.1,4.35,0.26,1646464.0,1846171.0,2051593.0,1160448.0,1003276.0,1158116.0,0,0,0,0,1074,0,0.004428949324096959,225.78718491070003,1848076.0,1107280.0,0.7390040018555292,1.6690231919658984,10537.0,1477678.0,557.0,6
98,N-Acetyl-L-phenylalanine,C11H13NO3,[M+H]+,2.8,4.0,15,0.2,208.0968,208.0963,-2.5,S07372,3.55,3.47,3.57,0.1,108046.0,108046.0,108046.0,108046.0,108046.0,108046.0,25543,32400,45742,26830,25984,39593,NA,NA,108046.0,108046.0,0.0,1.0,108046.0,108046.0,0.0,0
99,N-Acetylornithine,C7H14N2O3,[M+H]+,8.6,10.6,15,0.2,175.1077,175.1074,-1.8,S07372,10.06,9.83,10.18,0.34,25996.0,25996.0,25996.0,25996.0,25996.0,25996.0,7504,3934,7094,3537,6488,3435,NA,NA,25996.0,25996.0,0.0,1.0,25996.0,25996.0,0.0,0
100,N-Acetylserine,C5H9NO4,[M-H]-,7.5,8.5,15,0.2,146.0459,146.0447,-8.1,S07377,8.16,8.02,8.31,0.29,18346462.0,20928362.0,21099732.0,10132806.0,10447740.0,11096042.0,7705,6330,9764,4363,16653,4925,0.0005136100657292279,1947.0023403458645,20124852.0,10558862.666666666,0.9305237283972535,1.9059677765799776,34870.0,15341857.333333332,56932.0,6
101,NAD,C21H28N7O14P2,[Cat]+,9.9,11.9,15,0.2,664.1164,664.1161,-0.5,S07377,11.17,10.96,11.17,0.21,1677456.0,1771359.0,2165475.0,1066309.0,1291548.0,1444292.0,56879,0,130929,2804,136260,3015,0.031178007630317844,32.073890412021996,1871430.0,1267383.0,0.5622885166540716,1.4766096752126232,174943.5,1569406.5,74.0,6
102,NADH,C21H29N7O14P2,[M-H]-,9.5,11.5,15,0.2,664.1175,664.1166,-1.4,S07377,10.69,10.57,10.75,0.18,256932.0,338639.0,394991.0,202926.0,182648.0,242450.0,5880,0,6190,1361,7893,0,0.050752746221403,19.703367294404433,330187.3333333333,209341.33333333334,0.6574275843727904,1.577267747729386,20662.0,269764.3333333333,8.0,6
103,NADP,C21H29N7O17P3,[Cat]+,12.7,14.7,15,0.2,744.0827,744.0787,-5.4,S07377,14.06,13.99,14.23,0.24,39059.5,52854.0,62214.0,39059.5,39059.5,39059.5,5949,2543,14678,2557,23165,9227,0.14098817390826113,7.092793475364004,51375.833333333336,39059.5,0.39541640855589666,1.3153223500898203,39059.5,45217.66666666667,0.0,2
104,NADPH,C21H30N7O17P3,[M-H]-,13.0,15.0,15,0.2,744.0838,744.0817,-2.9,S07372,14.53,14.38,14.58,0.2,51605.0,64955.0,50515.0,47938.0,42403.0,51923.0,1550,1341,2267,0,2410,0,0.2004590385239153,4.988550316132027,55691.666666666664,47421.333333333336,0.23192524108070217,1.174401113422932,13784.0,51556.5,0.0,6
105,Niacinamide,C6H6N2O,[M+H]+,3.3,5.3,15,0.2,123.0553,123.055,-2.4,S07377,4.71,4.63,4.72,0.09,68977624.0,74057824.0,95535392.0,58206400.0,59507060.0,70677856.0,920869,424387,2308319,1247729,2797572,1613132,0.1382904216335924,7.231158804689681,79523613.33333333,62797105.333333336,0.3406852516288697,1.2663579461380268,4666004.0,71160359.33333333,652.0,6
106,Nicotinic acid,C6H5NO2,[M-H]-,5.5,7.5,15,0.2,122.0248,122.0238,-7.8,SQ437_B_0,6.55,6.31,6.77,0.46,35814.0,35814.0,35814.0,35814.0,35814.0,35814.0,16348,8343,6983,6571,6773,6610,NA,NA,35814.0,35814.0,0.0,1.0,35814.0,35814.0,0.0,0
107,O-Phosphoethanolamine,C2H8NO4P,[M+H]+,11.4,13.4,15,0.2,142.0264,142.0264,0.2,S07376,11.89,11.89,12.08,0.18,10000.0,49295.0,10000.0,10000.0,10000.0,10000.0,0,0,0,0,0,0,0.373900966300059,2.67450498963806,23098.333333333332,10000.0,1.207788757334791,2.309833333333333,10000.0,16549.166666666664,0.0,1
108,Ornithine,C5H12N2O2,[M+H]+,17.0,19.0,15,0.2,133.0972,133.0969,-1.9,S07377,17.69,17.61,17.76,0.15,8346386.0,9437711.0,11089386.0,7476945.0,8384546.0,9838633.0,2088713,410728,2630924,425096,2802726,371080,0.37195593778825725,2.6884904861211503,9624494.333333334,8566708.0,0.16796982969620247,1.1234764081293926,4374633.5,9095601.166666668,27.0,6
109,Orotic acid,C5H4N2O4,[M-H]-,6.7,8.7,15,0.2,155.0098,155.0087,-7.3,S07377,7.71,7.58,7.91,0.33,91172.0,106284.0,125221.0,95784.0,89650.0,111055.0,0,1702,1288,1281,0,0,0.49799347137521566,2.0080584535345145,107559.0,98829.66666666667,0.12211216752727418,1.0883270542920647,12135.5,103194.33333333334,0.0,6
110,Orotidylic acid,C10H13N2O11P,[M+H]+,0.0,30.0,15,0.2,369.033,369.0314,-4.3,S07366,7.96,7.96,7.96,0.0,10000.0,10000.0,10000.0,10000.0,10000.0,10000.0,0,0,0,0,0,0,NA,NA,10000.0,10000.0,0.0,1.0,10000.0,10000.0,0.0,0
111,Oxidized glutathione,C20H32N6O12S2,[M+H]+,13.5,15.5,15,0.2,613.1592,613.1575,-2.8,S07369,14.77,14.74,14.83,0.09,2422165.0,4233552.0,4325590.0,14841559.0,11513949.0,13288829.0,59327,21297,171453,72172,399834,170109,0.0011227260808926813,890.6892046231778,3660435.6666666665,13214779.0,-1.8520650239411012,0.276995602171377,457096.0,8437607.333333334,27131.0,6
112,Oxoadipic acid,C6H8O5,[M-H]-,7.5,9.5,15,0.2,159.0299,159.0289,-6.3,SQ437_B_0,7.54,7.54,7.75,0.21,17371.5,17371.5,17371.5,17371.5,17371.5,17371.5,7155,2100,2445,1309,0,1734,NA,NA,17371.5,17371.5,0.0,1.0,17371.5,17371.5,0.0,0
113,Oxoglutaric acid,C5H6O5,[M-H]-,10.8,14.8,15,0.2,145.0142,145.013,-8.6,S07377,12.86,12.65,12.87,0.22,46812628.0,55266652.0,57191312.0,20030276.0,19767914.0,22893260.0,117273,12636,193222,11538,531539,14242,0.000648737531586654,1541.4554443215943,53090197.333333336,20897150.0,1.3451393061399397,2.5405472676098575,450225.0,36993673.66666667,144872.0,6
114,Palmitic acid,C16H32O2,[M-H]-,1.6,3.6,15,0.2,255.233,255.2323,-2.6,S07376,2.85,2.82,2.91,0.09,8641989.0,20015370.0,11993933.0,6131006.0,5652634.0,11513757.0,690596,596810,576132,648189,641113,575955,0.20854530851080982,4.795121056142894,13550430.666666666,7765799.0,0.8031324328033497,1.7448855767019809,1874397.5,10658114.833333332,89.0,6
115,Pantothenic acid,C9H17NO5,[M+H]+,5.1,7.1,15,0.2,220.118,220.1173,-3.0,S07371,6.21,5.97,6.42,0.45,18408720.0,21262786.0,25429028.0,36315540.0,36309940.0,38994168.0,11008,3132,7082,6076,11004,3115,0.0022313662407810633,448.15592426009005,21700178.0,37206549.333333336,-0.7778497193297296,0.5832354353957467,30708.5,29453363.666666668,22632.0,6
116,Phenol,C6H6O,[M-H]-,2.1,4.1,15,0.2,93.0346,93.0333,-13.9,SQ437_B_0,3.42,3.39,3.65,0.26,2609088.5,2609088.5,2609088.5,2609088.5,2609088.5,2609088.5,1187998,1000370,763503,742166,767343,736797,NA,NA,2609088.5,2609088.5,0.0,1.0,2609088.5,2609088.5,0.0,0
117,Phosphocreatine,C4H10N3O5P,[M-H]-,11.2,13.2,15,0.2,210.0285,210.0277,-4.0,S07377,12.39,12.35,12.43,0.08,8071146.0,9909884.0,9931316.0,3161008.0,3813594.0,3899783.0,130181,16548,757102,75572,1074766,104537,0.0009974421953087315,1002.564363833111,9304115.333333334,3624795.0,1.3599695745666418,2.5667976625804587,1089353.0,6464455.166666667,16635.0,6
118,Phosphoenolpyruvic acid,C3H5O6P,[M-H]-,13.6,15.6,15,0.2,166.9751,166.97400000000002,-6.6,S07371,14.81,14.81,15.05,0.24,133178.0,285201.0,424212.0,250002.0,397324.0,560698.0,5922,2575,43831,11299,59758,14789,0.377866696677921,2.646435922487134,280863.6666666667,402674.6666666667,-0.519744706013162,0.6974952484387728,79087.0,341769.1666666667,1.0,6
119,Phosphoribosyl pyrophosphate,C5H13O14P3,[M-H]-,15.0,18.0,15,0.2,388.9445,388.9388,-14.8,S07376,15.62,15.62,15.64,0.01,10000.0,10000.0,10000.0,10000.0,10000.0,10000.0,0,0,0,0,0,0,NA,NA,10000.0,10000.0,0.0,1.0,10000.0,10000.0,0.0,0
120,Phosphorylcholine,C5H14NO4P,[M+H]+,10.0,13.0,15,0.2,184.0733,184.0728,-2.8,S07377,11.9,11.84,11.96,0.12,1187464960.0,1288749312.0,1335585920.0,1156918528.0,1247692032.0,1284890496.0,193673248,6522238,216868608,10933922,257509584,13457748,0.5203702097282266,1.9217087782989526,1270600064.0,1229833685.3333333,0.04704676880900935,1.0331478793863234,349492674.0,1250216874.6666665,2482.0,6
121,Phosphoserine,C3H8NO6P,[M+H]+,11.5,13.5,15,0.2,186.0162,186.0162,0.0,S07372,13.45,13.4,13.46,0.05,14298.5,14298.5,14298.5,14298.5,14298.5,14298.5,2212,0,3613,0,1234,1538,NA,NA,14298.5,14298.5,0.0,1.0,14298.5,14298.5,0.0,0
122,Pipecolic acid,C6H11NO2,[M+H]+,7.5,9.5,15,0.2,130.0863,130.0862,-0.4,S07374,8.25,8.0,8.49,0.48,146858.0,146858.0,146858.0,146858.0,146858.0,146858.0,62140,49600,38110,43910,41408,38548,NA,NA,146858.0,146858.0,0.0,1.0,146858.0,146858.0,0.0,0
123,Propionylcarnitine,C10H19NO4,[M+H]+,5.2,7.2,15,0.2,218.1387,218.138,-3.1,S07377,6.7,6.52,6.93,0.42,627837.0,655552.0,680953.0,345168.0,244371.0,296154.0,13877,13731,8938,10107,10217,8000,0.00039794915747786585,2512.883822490868,654780.6666666666,295231.0,1.1491675088396496,2.217858784025616,42435.0,475005.8333333333,2647.0,6
124,Pyruvic acid,C3H4O3,[M-H]-,5.5,7.5,15,0.2,87.0088,87.0075,-14.6,S07377,6.12,5.89,6.12,0.24,4607059.0,224830.0,6288242.0,224830.0,2764807.0,224830.0,99527,45448,100784,44454,85124,54323,0.2571913792499694,3.8881552053425565,3706710.3333333335,1071489.0,1.790522338648698,3.4594012008833817,224830.0,2389099.666666667,32.0,3
125,Ribose 1-phosphate,C5H11O8P,[M-H]-,11.0,12.4,15,0.2,229.0119,229.0112,-3.0,S07377,12.19,12.15,12.29,0.13,19929.0,22060.0,31110.0,17041.5,17041.5,17041.5,0,0,2978,0,9236,1869,0.09941304131597319,10.059042423031928,24366.333333333332,17041.5,0.5158368416340082,1.4298232745552524,17041.5,20703.916666666664,0.0,3
126,Saccharopine,C11H20N2O6,[M-H]-,11.0,14.0,15,0.2,275.1249,275.1277,10.3,S07374,12.07,11.87,12.15,0.27,11399.0,11399.0,11399.0,11399.0,11399.0,11399.0,1489,0,0,0,0,1309,NA,NA,11399.0,11399.0,0.0,1.0,11399.0,11399.0,0.0,0
127,S-Adenosylhomocysteine,C14H20N6O5S,[M-H]-,8.6,10.6,15,0.2,383.1143,383.1129,-3.7,S07376,10.07,9.95,10.13,0.17,63270.0,68843.0,59261.0,48551.0,58645.0,55326.0,1783,0,4509,0,1992,0,0.07727106473532316,12.941454908448632,63791.333333333336,54174.0,0.23575981549512062,1.1775267348420522,14142.0,58982.66666666667,1.0,6
128,S-Adenosylmethionine,C15H22N6O5S,[M+H]+,10.7,12.7,15,0.2,399.1445,399.1436,-2.3,S07367,12.43,12.36,12.55,0.19,8405008.0,6971153.0,6993604.0,11944248.0,10598215.0,11599370.0,746075,19414,1116119,22121,917881,23666,0.003243096530834969,308.3472818314599,7456588.333333333,11380611.0,-0.6099904149690226,0.655201054963862,1432638.0,9418599.666666666,4433.0,6
129,Sarcosine,C3H7NO2,[M+H]+,11.2,12.0,15,0.2,90.055,90.0552,2.7,S07372,11.22,11.2,11.24,0.04,169318496.0,172016272.0,186569552.0,221713072.0,217545776.0,218047424.0,8515756,113419,13660977,190919,5661834,167371,0.001443881552020631,692.5775861604134,175968106.66666666,219102090.66666666,-0.31628927921019495,0.8031329419598174,14165138.0,197535098.66666666,170343.0,6
130,Succinic acid,C4H6O4,[M-H]-,11.3,13.3,15,0.2,117.0193,117.01799999999999,-11.4,S07376,12.48,12.42,12.49,0.08,4392034.0,5202090.0,4890784.0,4977397.0,4123929.0,4022294.0,292283,243417,280941,173409,348675,157831,0.302678078729458,3.303840186239016,4828302.666666667,4374540.0,0.14238479572371765,1.1037280872198372,758278.0,4601421.333333334,17.0,6
131,Taurine,C2H7NO3S,[M-H]-,10.2,12.2,15,0.2,124.0074,124.006,-11.2,S07372,11.47,11.3,11.52,0.22,24667492.0,27244308.0,27884162.0,35536868.0,32572986.0,35685884.0,91562,2173,75900,1418,166872,1708,0.004786993289725488,208.89939456283327,26598654.0,34598579.333333336,-0.379359558635785,0.7687787912833184,179816.5,30598616.666666668,8315.0,6
132,Thymidine,C10H14N2O5,[M-H]-,3.5,5.5,15,0.2,241.083,241.0835,2.1,S07370,3.51,3.51,3.7,0.2,12456.0,12456.0,12456.0,12456.0,100691.0,12456.0,1755,1876,0,0,0,1281,0.373900966300059,2.67450498963806,12456.0,41867.666666666664,-1.7489956677310832,0.29750881746455105,12456.0,27161.833333333332,0.0,1
133,Uracil,C4H4N2O2,[M+H]+,5.4,7.4,15,0.2,113.0346,113.0343,-2.3,S07369,6.77,6.56,7.0,0.44,16478.5,16478.5,16478.5,16478.5,16478.5,16478.5,2544,1506,2183,2311,2455,1958,NA,NA,16478.5,16478.5,0.0,1.0,16478.5,16478.5,0.0,0
134,Ureidopropionic acid,C4H8N2O3,[M-H]-,10.4,12.4,15,0.2,131.0462,131.0449,-10.0,S07374,11.65,11.54,11.82,0.28,80993.0,79707.0,149412.0,128487.0,170294.0,147051.0,38495,2523,64270,1916,21145,2315,0.15692040340490115,6.372657591375824,103370.66666666667,148610.66666666666,-0.5237108179506482,0.6955803979974521,75332.0,125990.66666666666,1.0,6
135,Ureidosuccinic acid,C5H8N2O5,[M-H]-,12.8,14.8,15,0.2,175.03599999999997,175.035,-6.0,S07372,13.95,13.87,14.03,0.16,1066633.0,1924227.0,2862772.0,744687.0,971326.0,1349616.0,14284,0,24546,1349,22020,0,0.16507386416728506,6.057894173886938,1951210.6666666667,1021876.3333333334,0.9331489370118955,1.909439139569726,41099.5,1486543.5,17.0,6
136,Uric acid,C5H4N4O3,[M+H]+,8.8,10.8,15,0.2,169.0356,0.0,0.0,NA,0.0,0.0,0.0,0.0,10000.0,10000.0,10000.0,10000.0,10000.0,10000.0,0,0,0,0,0,0,NA,NA,10000.0,10000.0,0.0,1.0,10000.0,10000.0,0.0,0
137,Uridine,C9H12N2O6,[M-H]-,5.5,7.5,15,0.2,243.0623,243.0613,-4.0,S07366,6.88,6.66,7.1,0.44,23114.0,37644.0,43220.0,44416.0,41464.0,37595.0,2265,1591,2047,1322,1473,1250,0.36122851464192973,2.768330736545693,34659.333333333336,41158.333333333336,-0.24794065812319593,0.8420975906053857,14974.0,37908.833333333336,0.0,6
138,Uridine 5'-diphosphate,C9H14N2O12P2,[M+H]+,12.4,14.4,15,0.2,405.0095,405.0071,-5.9,S07376,13.6,13.55,13.83,0.28,66552.0,106802.0,100077.0,71937.0,63134.0,77526.0,2075,0,2180,0,5004,0,0.19748590466789692,5.063652525893707,91143.66666666667,70865.66666666667,0.36305557765642893,1.2861470293560116,14629.5,81004.66666666667,1.0,6
139,Uridine 5'-monophosphate,C9H13N2O9P,[M-H]-,11.2,13.2,15,0.2,323.0286,323.0275,-3.4,S07370,12.34,12.28,12.39,0.1,214435.0,237933.0,293629.0,166377.5,296074.0,196401.0,66498,13085,78034,18575,106136,30427,0.5595176995533854,1.7872535592675862,248665.66666666666,219617.5,0.1792143093955044,1.1322670855768173,166377.5,234141.5833333333,0.0,5
140,Uridine diphosphate glucose,C15H24N2O17P2,[M-H]-,12.4,14.4,15,0.2,565.0478,565.047,-1.3,S07372,13.59,13.47,13.65,0.18,1433267.0,1669762.0,1692870.0,1249152.0,1265356.0,1473294.0,25017,0,30719,0,42827,0,0.07045171944126799,14.194117729570094,1598633.0,1329267.3333333333,0.2662074967371907,1.2026422074115015,59281.5,1463950.1666666665,25.0,6
141,Uridine diphosphate-N-acetylglucosamine,C17H27N3O17P2,[M+H]+,11.2,13.2,15,0.2,608.0889,608.0865,-3.9,S07377,12.44,12.37,12.47,0.09,285752.0,367288.0,417198.0,258916.0,260141.0,245155.0,8492,0,11581,0,18553,0,0.057456815458699205,17.404375651811307,356746.0,254737.33333333334,0.48588684263480214,1.400446472968234,29313.0,305741.6666666667,7.0,6
142,Uridine triphosphate,C9H15N2O15P3,[M-H]-,15.0,18.0,15,0.2,482.9613,482.9603,-2.0,S07377,15.53,15.51,15.78,0.26,112485.0,178370.0,277988.0,70299.5,100279.0,183880.0,5773,0,31041,5882,63333,14570,0.2917664803579875,3.427398509839218,189614.33333333334,118152.83333333333,0.6824137987120719,1.6048225673809489,70299.5,153883.58333333334,1.0,5
143,Valerylcarnitine,C12H23NO4,[M+H]+,3.6,5.7,15,0.2,246.17,246.1702,0.9,S07376,5.16,4.91,5.4,0.5,45949.0,52283.0,48919.0,31585.0,25357.0,24600.0,3229,2902,2222,2089,3092,2048,0.001595221496036711,626.8721945413071,49050.333333333336,27180.666666666668,0.8516820987956775,1.804603762478232,17791.0,38115.5,43.0,6
144,Xanthine,C5H4N4O2,[M-H]-,7.5,9.4,15,0.2,151.0261,151.0251,-6.9,S07367,8.55,8.32,8.8,0.47,15435.5,17987.0,19177.0,15435.5,15435.5,15435.5,1826,1922,1893,1485,1448,2297,0.1301412178933025,7.68396067124452,17533.166666666668,15435.5,0.1838343681707248,1.1358988478939243,15435.5,16484.333333333336,0.0,2
145,Xanthosine,C10H12N4O6,[M-H]-,6.7,8.7,15,0.2,283.0684,283.0662,-7.8,S07373,7.63,7.63,7.63,0.0,10000.0,10000.0,10000.0,10000.0,10000.0,10000.0,0,0,0,0,0,0,NA,NA,10000.0,10000.0,0.0,1.0,10000.0,10000.0,0.0,0
146,Xanthylic acid,C10H13N4O9P,[M-H]-,11.0,13.0,15,0.2,363.0347,363.0346,-0.4,S07377,12.34,12.34,12.43,0.09,10000.0,10000.0,21440.0,10000.0,10000.0,10000.0,0,0,0,0,0,0,0.3739009663000589,2.6745049896380606,13813.333333333334,10000.0,0.46606150230331067,1.3813333333333333,10000.0,11906.666666666668,0.0,1
