,Metabolite,Formula,Ion Type,RT Start (min),RT End (min),m/z Tolerance (ppm),RT Tolerance (min),mz,obs_mz,ppm,winner,RT,RT_min,RT_max,RT_range,T10,T11,T12,T1,T2,T3,SQ437_B_0,SQ437_B_1,SQ437_B_2,SQ437_B_3,SQ437_B_4,SQ437_B_5,ttest_pval,1/pvalue,SG1 minus Dox_Mean,Tom plus Dox_Mean,Log2FoldChange,LogFoldChange,blank_threshold,combined_mean,impact_score,Detection
0,1-Methylnicotinamide,C7H8N2O,[M+H]+,19.0,21.0,15,0.2,137.0709,137.0708,-1.0,S07372,20.22,20.11,20.46,0.35,41301.0,34903.0,44449.0,29987.5,29987.5,29987.5,9115,6687,6796,5673,8484,3220,0.021912843232293738,45.63533766016563,40217.666666666664,29987.5,0.423468129818765,1.341147700430735,29987.5,35102.58333333333,2.0,3
1,"2,3-Diphosphoglyceric acid",C3H8O10P2,[M-H]-,12.0,15.0,15,0.2,264.952,264.9531,4.2,S07377,13.29,13.17,13.4,0.23,10000.0,10000.0,10000.0,10000.0,10000.0,10000.0,0,0,0,0,0,0,NA,NA,10000.0,10000.0,0.0,1.0,10000.0,10000.0,0.0,0
2,3-Hydroxybutyric acid,C4H8O3,[M-H]-,5.7,7.7,15,0.2,103.0401,103.0388,-12.3,S07376,7.29,7.16,7.53,0.37,451836.5,451836.5,451836.5,451836.5,451836.5,451836.5,152369,141953,141862,138170,156211,153108,NA,NA,451836.5,451836.5,0.0,1.0,451836.5,451836.5,0.0,0
3,3-Phosphoglyceric acid,C3H7O7P,[M-H]-,13.0,15.0,15,0.2,184.9857,184.9847,-5.2,S07372,14.26,14.24,14.46,0.22,161285.0,230651.0,317383.0,105810.5,105810.5,148911.0,9168,4255,59089,15946,79284,23879,0.07017496643360205,14.25009587922179,236439.66666666666,120177.33333333333,0.9763072770299237,1.9674231413577712,105810.5,178308.5,5.0,4
4,"4,5-Dihydroorotic acid",C5H6N2O4,[M-H]-,7.5,9.5,15,0.2,157.0255,157.0243,-7.5,S07377,8.55,8.49,8.65,0.16,525851.0,532142.0,805926.0,201465.0,250807.0,419284.0,0,0,0,1541,0,0,0.04343663918749545,23.022038967689753,621306.3333333334,290518.6666666667,1.0966738966287795,2.1386107146299262,10770.5,455912.5,22.0,6
5,4-Hydroxyproline,C5H9NO3,[M+H]+,10.2,11.2,15,0.2,132.0655,132.0659,2.9,S07373,10.92,10.85,11.0,0.16,513840.0,539020.0,537386.0,1008014.0,1211158.0,1325774.0,65034,15269,97246,11904,58112,13379,0.0022083196917719703,452.8329859693428,530082.0,1181648.6666666667,-1.156513693459027,0.4485952677417371,140472.0,855865.3333333334,864.0,6
6,5'-Methylthioadenosine,C11H15N5O3S,[M+H]+,3.0,5.0,15,0.2,298.0968,298.0957,-3.8,S07372,4.36,4.19,4.48,0.29,3480164.0,4471134.0,5393747.0,4518665.0,5071175.0,5726384.0,38963,3893,45335,2903,37009,3516,0.371598556262593,2.691076117349988,4448348.333333333,5105408.0,-0.19875649458036918,0.8713012423949923,75809.5,4776878.166666666,15.0,6
7,5-Phosphoribosylamine,C5H12NO7P,[M-H]-,11.5,13.5,15,0.2,228.0279,228.0269,-4.2,S07370,12.78,12.62,13.0,0.38,10819.5,10819.5,10819.5,10819.5,10819.5,10819.5,0,0,0,0,1639,0,NA,NA,10819.5,10819.5,0.0,1.0,10819.5,10819.5,0.0,0
8,6-Phosphogluconic acid,C6H13O10P,[M-H]-,14.0,17.0,15,0.2,275.0174,275.0165,-3.1,S07372,15.21,15.08,15.41,0.33,18003.5,18003.5,20488.0,18003.5,18003.5,18003.5,0,0,5589,0,8508,1910,0.37390096630005787,2.674504989638068,18831.666666666668,18003.5,0.06488328570857128,1.0460003147536128,18003.5,18417.583333333336,0.0,1
9,Acetoacetic acid,C4H6O3,[M-H]-,8.3,10.3,15,0.2,101.0244,101.023,-14.0,S07375,9.94,9.74,10.12,0.39,79494.5,79494.5,79494.5,79494.5,79494.5,79494.5,22873,17356,25386,20772,27960,24642,NA,NA,79494.5,79494.5,0.0,1.0,79494.5,79494.5,0.0,0
10,Acetyl-CoA,C23H38N7O17P3S,[M+H]+,8.0,11.0,15,0.2,810.1331,810.1262,-8.5,S07374,9.74,9.65,9.88,0.23,11045.0,11045.0,11045.0,17401.0,11045.0,15224.0,0,0,2090,0,0,0,0.13281685134876128,7.529165085943189,11045.0,14556.666666666666,-0.3982866117038241,0.7587588733684452,11045.0,12800.833333333332,0.0,2
11,Acetylcysteine,C5H9NO3S,[M+H]+,6.0,8.0,15,0.2,164.0376,164.0374,-1.2,S07376,6.98,6.77,7.23,0.45,19859.0,39754.0,33955.0,21346.0,21695.0,15965.0,1612,1756,0,0,0,0,0.13629109140709264,7.337236716470814,31189.333333333332,19668.666666666668,0.6651535546381544,1.585737043690472,11684.0,25429.0,0.0,6
12,Adenine,C5H5N5,[M+H]+,5.0,7.0,15,0.2,136.0618,136.0614,-2.7,S07370,6.41,6.34,6.46,0.13,7323326.0,12328012.0,12442605.0,12926249.0,13067788.0,11609501.0,216293,65812,188670,71255,220672,135251,0.3532808806372204,2.8306088860407,10697981.0,12534512.666666666,-0.228567359738995,0.8534820048049735,458976.5,11616246.833333332,39.0,6
13,Adenosine,C10H13N5O4,[M+H]+,4.5,7.0,15,0.2,268.10400000000004,268.1033,-2.7,S07366,6.03,5.92,6.1,0.18,2504068.0,4899182.0,4408412.0,8448977.0,6862284.0,4104250.0,41513,25534,28949,33514,38527,53844,0.15854887063632267,6.307203551728772,3937220.6666666665,6471837.0,-0.7169976999504499,0.6083621492115248,120940.5,5204528.833333333,54.0,6
14,Adenosine diphosphate ribose,C15H23N5O14P2,[M-H]-,10.9,12.9,15,0.2,558.0644,558.0624,-3.6,S07372,12.16,11.93,12.16,0.23,11035.5,11035.5,11035.5,11035.5,11035.5,11035.5,0,0,0,0,2071,0,NA,NA,11035.5,11035.5,0.0,1.0,11035.5,11035.5,0.0,0
15,Adenosine monophosphate,C10H14N5O7P,[M+H]+,9.8,11.8,15,0.2,348.0704,348.0678,-7.4,S07373,10.97,10.81,11.02,0.21,482972.0,685039.0,668916.0,452717.0,481183.0,473935.0,132590,31211,178244,67383,319356,102659,0.09399067345245414,10.63935349400233,612309.0,469278.3333333333,0.3838160362351916,1.3047885583182688,425721.5,540793.6666666666,8.0,6
16,Adenosine triphosphate,C10H16N5O13P3,[M-H]-,12.5,14.5,15,0.2,505.9885,505.98800000000006,-0.9,S07372,14.02,14.01,14.27,0.26,693843.0,1082941.0,1832475.0,315611.0,315611.0,581912.0,20845,2030,188101,32227,306229,61790,0.08201291269504052,12.193201864667733,1203086.3333333333,404378.0,1.572963758529434,2.975152786089583,315611.0,803732.1666666666,29.0,4
17,Adenylsuccinic acid,C14H18N5O11P,[M-H]-,14.5,16.5,15,0.2,462.0668,462.0672,0.9,S07377,15.75,15.7,15.87,0.17,10000.0,10000.0,10000.0,10000.0,10000.0,10000.0,0,0,0,0,0,0,NA,NA,10000.0,10000.0,0.0,1.0,10000.0,10000.0,0.0,0
18,ADP,C10H15N5O10P2,[M-H]-,11.1,13.1,15,0.2,426.0221,426.0215,-1.5,S07377,12.54,12.44,12.61,0.18,526830.0,731265.0,1076431.0,526830.0,526830.0,526830.0,42121,24985,257624,98414,450406,160110,0.19214007706799444,5.204536269890849,778175.3333333334,526830.0,0.5627577490806139,1.477090016387323,526830.0,652502.6666666667,5.0,2
19,Allantoin,C4H6N4O3,[M-H]-,9.3,11.3,15,0.2,157.0367,157.0356,-7.1,S07370,10.31,10.11,10.41,0.3,10000.0,10000.0,10816.0,10000.0,10000.0,10000.0,0,0,0,0,0,0,0.373900966300059,2.67450498963806,10272.0,10000.0,0.038717107572853585,1.0272,10000.0,10136.0,0.0,1
20,Aminoadipic acid,C6H11NO4,[M-H]-,5.9,7.9,15,0.2,160.0615,160.0603,-7.7,S07377,6.92,6.77,7.08,0.31,1173831.0,1305643.0,1393893.0,519936.0,595390.0,592455.0,1763,1859,4351,2345,2424,1782,0.00045958403131310675,2175.880648295887,1291122.3333333333,569260.3333333334,1.1814652220930426,2.2680700862698435,17262.0,930191.3333333333,4591.0,6
21,Argininosuccinic acid,C10H18N4O6,[M-H]-,12.5,14.5,15,0.2,289.1154,289.1144,-3.3,S07367,13.83,13.69,14.02,0.33,12267.0,12267.0,12267.0,12267.0,14369.0,13201.0,1540,0,1832,0,1162,0,0.17137536984176313,5.835144227104133,12267.0,13279.0,-0.11436403722155795,0.9237894419760524,12267.0,12773.0,0.0,2
22,Beta-Alanine,C3H7NO2,[M+H]+,9.8,10.5,15,0.2,90.055,90.0553,3.8,S07377,10.48,10.24,10.49,0.25,236384.0,198939.0,274170.0,202746.0,184091.0,204058.0,39023,27089,90703,46847,74594,58506,0.15591890753931267,6.413590345018705,236497.66666666666,196965.0,0.2638866591848327,1.2007090938322376,178381.0,216731.3333333333,2.0,6
23,Betaine,C5H11NO2,[M+H]+,7.0,8.2,15,0.2,118.0863,118.0861,-1.3,S07376,8.04,8.0,8.1,0.1,4489595.0,4825078.0,4824246.0,3975192.0,4351522.0,4077081.0,383751,385142,413825,385400,437101,433375,0.02176361716038496,45.94824438559972,4712973.0,4134598.3333333335,0.18889023465053262,1.1398865427879128,1229297.0,4423785.666666667,232.0,6
24,Butyrylcarnitine,C11H21NO4,[M+H]+,4.2,6.2,15,0.2,232.1543,232.1536,-3.2,S07377,5.86,5.65,5.97,0.31,2409055.0,2814084.0,3011974.0,803112.0,960425.0,1015239.0,3318,2851,5701,2450,2885,5608,0.0006451419598968005,1550.0464427394616,2745037.6666666665,926258.6666666666,1.567338904269701,2.9635756894402427,21406.5,1835648.1666666665,8432.0,6
25,Carbamoyl phosphate,CH4NO5P,[M-H]-,27.0,30.0,15,0.2,139.9754,139.9742,-8.8,S07377,27.87,27.84,28.12,0.28,8242906.0,8334318.0,8563056.0,4821333.0,5834736.0,6190656.0,632114,32535,1166884,41117,952212,28699,0.002785235564773032,359.03605879795293,8380093.333333333,5615575.0,0.5775325588371376,1.492294793201646,1436780.5,6997834.166666666,3749.0,6
26,Carnosine,C9H14N4O3,[M+H]+,10.6,12.6,15,0.2,227.1139,227.1108,-13.5,S07375,10.67,10.67,10.67,0.0,10000.0,10000.0,10000.0,10000.0,10000.0,10000.0,0,0,0,0,0,0,NA,NA,10000.0,10000.0,0.0,1.0,10000.0,10000.0,0.0,0
27,CDP,C9H15N3O11P2,[M+H]+,13.0,15.0,15,0.2,404.0255,404.0258,0.8,S07377,14.44,14.34,14.66,0.32,31651.5,31651.5,31651.5,31651.5,31651.5,31651.5,2528,1427,11957,5467,14305,7619,NA,NA,31651.5,31651.5,0.0,1.0,31651.5,31651.5,0.0,0
28,Choline,C5H14NO,[Cat]+,11.0,15.0,15,0.2,104.10700000000001,104.1071,1.1,S07376,11.01,11.0,11.15,0.15,2276984.0,2875430.0,2604378.0,1151845.0,1080482.0,1391928.0,84213,19853,105521,17292,320653,15686,0.002200794766959451,454.3813057959823,2585597.3333333335,1208085.0,1.0977756500440365,2.14024454681031,291609.0,1896841.1666666667,1845.0,6
29,cis-Aconitic acid,C6H6O6,[M-H]-,14.1,16.1,15,0.2,173.0092,173.0081,-6.1,S07377,15.25,15.12,15.28,0.16,2551038.0,3516876.0,4647682.0,1086962.0,1302028.0,1930565.0,101856,32712,493736,87525,777404,103227,0.03146480188648504,31.78154445744425,3571865.3333333335,1439851.6666666667,1.3107574958498946,2.4807175739167575,808230.0,2505858.5,198.0,6
30,Citric acid,C6H8O7,[M-H]-,14.2,16.2,15,0.2,191.0197,191.0188,-4.9,S07377,15.51,15.47,15.58,0.11,6483171.0,8857884.0,13614272.0,4222080.5,4222080.5,4528466.0,1971576,958014,1945152,776307,2055455,717657,0.0641053799749091,15.599314759407102,9651775.666666666,4324209.0,1.1583581299422734,2.2320326484373596,4222080.5,6987992.333333333,243.0,4
31,Citrulline,C6H13N3O3,[M+H]+,10.9,12.9,15,0.2,176.10299999999998,176.1026,-2.1,S07377,12.31,12.21,12.36,0.15,138369.0,138369.0,2219632.0,138369.0,407552.0,138369.0,26245,27566,37109,27048,113805,24965,0.43657883812687487,2.2905370408938337,832123.3333333334,228096.66666666666,1.8671520098504997,3.648117026406933,138369.0,530110.0,4.0,2
32,Creatine,C4H9N3O2,[M+H]+,10.0,11.5,15,0.2,132.0768,132.0764,-2.7,S07376,11.12,11.02,11.12,0.1,505485984.0,569474752.0,568118976.0,255044896.0,277924096.0,273458400.0,7687539,143192,14419734,695502,22296378,879882,0.00023263382226761348,4298.60108152991,547693237.3333334,268809130.6666667,1.0267859236191696,2.037480036392415,23071113.5,408251184.0,3575592.0,6
33,Creatinine,C4H7N3O,[M+H]+,5.2,7.2,15,0.2,114.0662,114.0661,-0.8,S07377,6.7,6.59,6.72,0.12,5055950.0,7109996.0,7234703.0,2845381.0,2641810.0,2704647.0,83253,39894,289210,82828,461983,125217,0.006211323860240366,160.99627430492762,6466883.0,2730612.6666666665,1.2438458246493818,2.368290119995049,551192.5,4598747.833333333,1753.0,6
34,Cyclic AMP,C10H12N5O6P,[M-H]-,5.8,7.8,15,0.2,328.0452,328.0435,-5.3,S07372,6.95,6.81,7.01,0.2,19952.0,24411.0,25621.0,20946.0,18605.0,29287.0,0,0,0,1494,2096,2269,0.922142562808451,1.0844310200305998,23328.0,22946.0,0.023819943169874222,1.016647781748453,12929.5,23137.0,0.0,6
35,Cytidine,C9H13N3O5,[M+H]+,7.1,9.1,15,0.2,244.0928,244.0928,0.0,S07377,8.56,8.42,8.74,0.32,76044.0,92407.0,95930.0,68630.0,58662.0,36161.0,13337,4179,2117,3018,3077,3107,0.04182377072526352,23.909847980205026,88127.0,54484.333333333336,0.6937426434476219,1.6174741362960605,24417.5,71305.66666666667,3.0,6
36,Cytidine monophosphate,C9H14N3O8P,[M+H]+,11.8,13.8,15,0.2,324.0591,324.0568,-7.2,S07377,12.55,12.49,12.58,0.09,57199.0,71906.0,87406.0,28290.0,39399.0,59625.0,2421,0,3386,0,4464,0,0.07858705241637243,12.724742425784951,72170.33333333333,42438.0,0.7660492510219407,1.7006063747898894,15135.5,57304.166666666664,1.0,6
37,Cytidine triphosphate,C9H16N3O14P3,[M-H]-,15.0,20.0,15,0.2,481.9772,481.9758,-3.0,S07377,16.01,16.01,16.26,0.25,19410.5,25898.0,45674.0,19410.5,19410.5,19410.5,0,0,6347,0,10475,1999,0.23908889274360998,4.182544778742034,30327.5,19410.5,0.6437892952774393,1.5624275520980913,19410.5,24869.0,0.0,2
38,Cytosine,C4H5N3O,[M+H]+,9.0,11.0,15,0.2,112.0505,112.0506,0.5,S07372,9.46,9.3,9.69,0.39,63704.0,63704.0,63704.0,63704.0,63704.0,63704.0,15031,20593,21890,12642,21568,15684,NA,NA,63704.0,63704.0,0.0,1.0,63704.0,63704.0,0.0,0
39,D-2-Hydroxyglutaric acid,C5H8O5,[M-H]-,11.6,13.6,15,0.2,147.0299,147.0287,-8.2,S07375,12.49,12.39,12.51,0.12,11284824.0,10853773.0,10390342.0,4289720.0,5644170.0,6074790.0,120866,31243,146370,26647,440326,31345,0.0007657824149546808,1305.853961218449,10842979.666666666,5336226.666666667,1.0228694116508028,2.0319563511794847,408398.5,8089603.166666666,21465.0,6
40,D-Glucose,C6H12O6,[M-H]-,9.0,11.0,15,0.2,179.0561,179.055,-6.2,S07371,11.02,10.79,11.03,0.24,1922864.0,2256011.0,2971726.0,2071761.0,2206194.0,2758822.0,80552,14368,70116,13938,150197,13168,0.9240936583573712,1.08214139438805,2383533.6666666665,2345592.3333333335,0.023149710084218827,1.0161755872041986,181169.5,2364563.0,3.0,6
41,D-Glyceraldehyde 3-phosphate,C3H7O6P,[M-H]-,13.0,14.0,15,0.2,168.9908,168.9898,-5.6,S07377,13.46,13.36,13.5,0.14,310232.0,379480.0,553096.0,172724.5,172724.5,177175.0,22965,5762,87834,30998,145307,32583,0.02930559389137339,34.12317811086461,414269.3333333333,174208.0,1.2497581503814081,2.3780155522899826,172724.5,294238.6666666666,24.0,4
42,Dihydrofolic acid,C19H21N7O6,[M+H]+,13.0,16.0,15,0.2,444.1626,444.162,-1.4,S07371,14.95,14.75,15.2,0.45,10000.0,10000.0,10000.0,10000.0,10000.0,10000.0,0,0,0,0,0,0,NA,NA,10000.0,10000.0,0.0,1.0,10000.0,10000.0,0.0,0
43,Dihydroxyacetone phosphate,C3H7O6P,[M-H]-,12.0,13.0,15,0.2,168.9908,168.9897,-6.2,S07377,12.56,12.49,12.56,0.07,1791602.0,2494593.0,2730365.0,630052.0,812032.0,1045853.0,26406,2347,96241,9628,144349,14093,0.007906954250084175,126.47094802519622,2338853.3333333335,829312.3333333334,1.4958139418441987,2.8202321843358575,156532.0,1584082.8333333335,565.0,6
44,D-Ribose 5-phosphate,C5H11O8P,[M-H]-,12.4,13.8,15,0.2,229.0119,229.0111,-3.4,S07377,12.88,12.72,12.95,0.23,212883.0,291000.0,344837.0,84221.0,117989.0,124949.0,8960,0,25078,6862,31708,7063,0.012525853096531816,79.8348816877696,282906.6666666667,109053.0,1.3752967156660878,2.5942125999896075,49835.5,195979.83333333334,41.0,6
45,D-Sedoheptulose 7-phosphate,C7H15O10P,[M-H]-,12.2,14.2,15,0.2,289.033,289.0322,-2.8,S07372,13.49,13.34,13.52,0.19,155211.0,233039.0,219087.0,106189.0,126817.0,159427.0,14699,2313,32436,8124,29695,8868,0.06602081113227248,15.146739078932296,202445.66666666666,130811.0,0.6300508992735012,1.547619593663122,58067.5,166628.3333333333,4.0,6
46,dTDP,C10H16N2O11P2,[M-H]-,11.0,13.0,15,0.2,401.0157,401.0153,-0.9,S07372,12.03,11.91,12.27,0.36,14491.5,14491.5,14491.5,14491.5,14491.5,14491.5,0,0,3171,1890,2636,1286,NA,NA,14491.5,14491.5,0.0,1.0,14491.5,14491.5,0.0,0
47,FAD,C27H33N9O15P2,[M+H]+,7.6,9.6,15,0.2,786.1644,786.1618,-3.3,S07376,8.94,8.74,9.03,0.28,21966.0,33863.0,31756.0,13975.0,11070.0,15154.0,0,0,0,0,2140,0,0.01496278071562321,66.83249718121324,29195.0,13399.666666666666,1.1235241988300626,2.178785541928904,11070.0,21297.333333333332,3.0,5
48,Folic acid,C19H19N7O6,[M+H]+,13.0,16.0,15,0.2,442.147,442.1427,-9.6,S07377,14.15,14.1,14.19,0.09,14529.0,20255.0,32408.0,13351.5,13981.0,18250.0,1468,0,0,0,5235,0,0.2598190804725751,3.8488320341259685,22397.333333333332,15194.166666666666,0.5598094211082857,1.474074480337849,13351.5,18795.75,0.0,5
49,"Fructose 1,6-bisphosphate",C6H14O12P2,[M-H]-,14.1,16.1,15,0.2,338.9888,338.98800000000006,-2.3,S07377,15.88,15.65,16.09,0.44,107896.0,164016.0,342331.0,79099.0,79099.0,79099.0,9799,1243,42512,2408,71315,10921,0.15005555333020773,6.66419854385149,204747.66666666666,79099.0,1.3721156499834204,2.5884988010805023,79099.0,141923.3333333333,2.0,3
50,Fructose 6-phosphate,C6H13O9P,[M-H]-,12.6,13.5,15,0.2,259.0224,259.0219,-2.1,S07377,13.11,13.03,13.15,0.11,823360.0,1114590.0,1321259.0,607085.0,810958.0,824157.0,56547,14914,150921,31135,173843,35610,0.1023989178362406,9.765728204269012,1086403.0,747400.0,0.5396068997365453,1.4535763981803587,241485.0,916901.5,13.0,6
51,Fumaric acid,C4H4O4,[M-H]-,12.2,14.2,15,0.2,115.0037,115.0023,-12.0,S07372,13.29,13.22,13.32,0.1,5179850.0,6072126.0,6601622.0,4239730.0,5085760.0,5145508.0,221901,52502,409013,62272,415041,54157,0.09047840561689782,11.052360982510939,5951199.333333333,4823666.0,0.30305042548508154,1.2337502914449991,617443.0,5387432.666666666,73.0,6
52,Glucose 6-phosphate,C6H13O9P,[M-H]-,13.6,14.4,15,0.2,259.0224,259.022,-1.7,S07372,14.02,13.93,14.05,0.12,1073545.0,1207325.0,1430320.0,748167.0,1056216.0,1231560.0,210873,61960,281482,55783,287176,55669,0.26887073087548974,3.7192594253150073,1237063.3333333333,1011981.0,0.2897371595592612,1.2224175486825675,486471.5,1124522.1666666665,5.0,6
53,Glutathione,C10H17N3O6S,[M+H]+,10.0,13.0,15,0.2,308.0911,308.0898,-4.2,S07376,11.49,11.42,11.56,0.14,72834608.0,88092040.0,84400256.0,27138308.0,16880522.0,2012267.0,78501,25380,255689,111139,742720,317138,0.001526236981449156,655.2062439546603,81775634.66666667,15343699.0,2.414024727065108,5.329590646079975,775283.5,48559666.833333336,169569.0,6
54,Glycerol 3-phosphate,C3H9O6P,[M-H]-,11.5,13.0,15,0.2,171.0064,171.0053,-6.4,S07377,12.16,12.08,12.2,0.12,7610448.0,9646653.0,10459811.0,1957600.0,2681632.0,3556278.0,218336,40578,1100034,155288,1346744,166631,0.002523532068802318,396.26997903561625,9238970.666666666,2731836.6666666665,1.7578608977277348,3.381963050499603,1523805.5,5985403.666666666,8021.0,6
55,Glycine,C2H5NO2,[M+H]+,10.7,12.7,15,0.2,76.0393,76.0398,6.5,S07375,12.06,11.99,12.09,0.1,31660872.0,31170146.0,30589832.0,26015710.5,26015710.5,26015710.5,9367796,7818770,9372741,7572957,9764687,8114470,7.796749905603964e-05,12825.857082849914,31140283.333333332,26015710.5,0.2593989625368188,1.1969799300054993,26015710.5,28577996.916666664,438738.0,3
56,Guanidoacetic acid,C3H7N3O2,[M+H]+,10.7,12.7,15,0.2,118.0611,118.061,-0.9,S07377,12.15,12.07,12.15,0.08,250638256.0,242718336.0,252117056.0,81145176.0,86720456.0,91866688.0,5086456,8271,10885688,27557,18569598,31927,2.8463410843674146e-06,351328.238731531,248491216.0,86577440.0,1.5211318069915822,2.8701612798900036,17314748.5,167534328.0,168936374.0,6
57,Guanine,C5H5N5O,[M+H]+,7.7,9.7,15,0.2,152.0567,152.0565,-1.2,S07369,8.83,8.76,9.04,0.28,43937.0,60648.0,57032.0,120633.0,75179.0,39513.0,12236,8173,3153,5874,7845,3705,0.364134556653897,2.746237569949949,53872.333333333336,78441.66666666667,-0.5420756361670229,0.6867821098480824,30493.0,66157.0,0.0,6
58,Guanosine,C10H13N5O5,[M+H]+,7.7,9.7,15,0.2,284.0989,284.0986,-1.2,S07377,9.13,8.88,9.26,0.37,35486.0,52039.0,77578.0,36227.0,18163.5,18163.5,11705,2703,0,0,0,1919,0.08657091881592929,11.551223132172616,55034.333333333336,24184.666666666668,1.186239275620959,2.2755878380240926,18163.5,39609.5,1.0,4
59,Guanosine diphosphate,C10H15N5O11P2,[M-H]-,13.8,15.8,15,0.2,442.0171,442.0167,-0.8,S07377,15.44,15.28,15.52,0.24,27276.5,27276.5,30146.0,27276.5,27276.5,27276.5,1661,1230,8327,2244,15356,5735,0.373900966300059,2.67450498963806,28233.0,27276.5,0.049723899753768425,1.0350668157571536,27276.5,27754.75,0.0,1
60,Guanosine monophosphate,C10H14N5O8P,[M+H]+,12.6,14.6,15,0.2,364.0653,364.06300000000005,-6.3,SQ437_B_0,13.81,13.78,13.93,0.14,70849.0,70849.0,70849.0,70849.0,70849.0,70849.0,71888,24110,8437,7448,7137,2678,NA,NA,70849.0,70849.0,0.0,1.0,70849.0,70849.0,0.0,0
61,Guanosine triphosphate,C10H16N5O14P3,[M-H]-,15.0,17.0,15,0.2,521.9834,521.9832,-0.4,S07377,16.99,16.91,16.99,0.08,10000.0,10000.0,10130.0,10000.0,10000.0,10000.0,0,0,0,0,0,0,0.3739009663000528,2.6745049896381046,10043.333333333334,10000.0,0.0062381722112198786,1.0043333333333333,10000.0,10021.666666666668,0.0,1
62,Homocysteine,C4H9NO2S,[M-H]-,7.3,9.3,15,0.2,134.0281,134.0299,13.2,S07377,7.31,7.26,7.5,0.24,13124.5,13124.5,27179.0,13124.5,13124.5,13124.5,1432,0,1800,1538,0,1479,0.373900966300059,2.67450498963806,17809.333333333332,13124.5,0.4403710503247164,1.3569532807599018,13124.5,15466.916666666666,0.0,1
63,Hypotaurine,C2H7NO2S,[M+H]+,10.0,12.0,15,0.2,110.027,110.027,-0.2,S07376,11.44,11.28,11.45,0.18,4562842.0,5235412.0,5045578.0,1540328.0,2063176.0,2134152.0,29289,0,43388,0,44811,0,0.00037821934658802895,2643.9683982883043,4947944.0,1912552.0,1.371330198736139,2.5870899196466293,68744.0,3430248.0,23464.0,6
64,Hypoxanthine,C5H4N4O,[M+H]+,5.8,7.8,15,0.2,137.0458,137.0455,-2.1,S07377,7.77,7.54,7.77,0.23,60693.0,92613.0,178694.0,44214.0,50328.0,52494.0,3061,2247,2518,2414,2860,1864,0.15587584437934923,6.415362200485261,110666.66666666667,49012.0,1.1750138166950854,2.2579504339073426,17482.0,79839.33333333334,1.0,6
65,Inosine,C10H12N4O5,[M+H]+,6.4,8.4,15,0.2,269.08799999999997,269.0862,-6.9,S07370,7.84,7.64,7.97,0.33,55767.0,67328.0,88039.0,28221.0,20413.0,31689.0,0,0,0,0,0,0,0.012107036447390092,82.59659614847939,70378.0,26774.333333333332,1.3942738631203506,2.628562180197453,10000.0,48576.166666666664,11.0,6
66,Inosinic acid,C10H13N4O8P,[M+H]+,11.4,13.4,15,0.2,349.0544,349.0515,-8.3,S07370,12.62,12.59,12.8,0.21,10999.0,10999.0,10999.0,10999.0,10999.0,10999.0,0,0,1998,0,0,0,NA,NA,10999.0,10999.0,0.0,1.0,10999.0,10999.0,0.0,0
67,L-Acetylcarnitine,C9H17NO4,[M+H]+,6.3,8.3,15,0.2,204.123,204.1224,-3.1,S07377,7.79,7.56,7.92,0.36,4813509.0,5125000.0,5831314.0,1904316.0,1605797.0,2116200.0,16322,15263,10794,10643,11906,10072,0.0005454848045511553,1833.2316347892333,5256607.666666667,1875437.6666666667,1.4869047482277238,2.8028698367829876,47500.0,3566022.666666667,18323.0,6
68,L-Alanine,C3H7NO2,[M+H]+,10.6,11.2,15,0.2,90.055,90.0552,2.7,S07372,11.19,11.09,11.2,0.11,171055392.0,160021264.0,175485456.0,250473056.0,279412736.0,280434912.0,12573427,165430,20016368,252924,8759799,239814,0.0007325326239053713,1365.126913622867,168854037.33333334,270106901.3333333,-0.6777538268401803,0.6251378121026019,21013881.0,219480469.3333333,479284.0,6
69,L-Arginine,C6H14N4O2,[M+H]+,18.5,21.0,15,0.2,175.11900000000003,175.1185,-2.6,S07377,20.39,20.32,20.55,0.23,21118804.0,22068992.0,27352140.0,18952680.5,25134710.0,25447962.0,10102375,2756652,9274954,2318849,10815290,2617241,0.9127134091288732,1.0956341716886095,23513312.0,23178450.833333332,0.02069362123354554,1.014447090061131,18952680.5,23345881.416666664,26.0,5
70,L-Asparagine,C4H8N2O3,[M+H]+,10.3,12.3,15,0.2,133.0608,133.0605,-2.0,S07372,11.68,11.55,11.73,0.19,341851.0,409216.0,430587.0,1049311.0,977174.0,1281758.0,46191,3074,113624,6053,27711,5342,0.0017727701815864556,564.0889103319066,393884.6666666667,1102747.6666666667,-1.4852575465707964,0.35718476544800365,110997.5,748316.1666666667,1182.0,6
71,L-Aspartic acid,C4H7NO4,[M-H]-,10.8,12.8,15,0.2,132.0302,132.0289,-10.1,S07368,12.04,11.89,12.04,0.15,16921226.0,16049938.0,16952522.0,30327814.0,35065012.0,36713228.0,2050897,58553,2155555,48794,1441148,30860,0.0008503888475638627,1175.9326370103904,16641228.666666666,34035351.333333336,-1.0322720467065172,0.488939529481768,2902903.5,25338290.0,60940.0,6
72,L-Carnitine,C7H16NO3,[Cat]+,8.3,10.3,15,0.2,162.1125,162.1119,-3.5,S07377,9.85,9.81,9.94,0.13,6762066.0,7732668.0,8292106.0,1830220.0,2136454.0,2702769.0,18933,10879,19847,12473,29672,9162,0.00047660416391901426,2098.1772206461933,7595613.333333333,2223147.6666666665,1.7725626859662884,3.416603155615844,60483.0,4909380.5,35194.0,6
73,L-Cystathionine,C7H14N2O4S,[M+H]+,12.2,14.2,15,0.2,223.0747,223.074,-3.2,S07372,13.54,13.48,13.58,0.1,313716.0,345737.0,569491.0,791363.0,1068083.0,1232842.0,27810,2958,74298,9223,25808,6098,0.014976291493521985,66.77220461637992,409648.0,1030762.6666666666,-1.3312555137181337,0.39742223234058405,83097.5,720205.3333333333,121.0,6
74,L-Cysteine,C3H7NO2S,[M+H]+,13.0,17.0,15,0.2,122.027,122.0272,1.4,S07377,13.93,13.68,14.15,0.47,12307.0,12307.0,12307.0,12307.0,12307.0,12307.0,0,0,1637,1488,1489,0,NA,NA,12307.0,12307.0,0.0,1.0,12307.0,12307.0,0.0,0
75,L-Cystine,C6H12N2O4S2,[M-H]-,11.7,13.7,15,0.2,239.0166,239.0155,-4.5,S07369,12.87,12.76,12.96,0.2,12258.0,12258.0,12258.0,12258.0,12258.0,12258.0,2179,1333,1004,0,0,0,NA,NA,12258.0,12258.0,0.0,1.0,12258.0,12258.0,0.0,0
76,L-Glutamic acid,C5H9NO4,[M+H]+,10.0,13.0,15,0.2,148.0604,148.06,-2.9,S07372,11.76,11.63,11.76,0.13,206534608.0,238447920.0,235452352.0,292281664.0,309193184.0,335917792.0,24334398,515793,28711926,911899,20163582,702864,0.006242990208914152,160.1796521436369,226811626.66666666,312464213.3333333,-0.46219637007639225,0.725880331213183,37680231.0,269637920.0,59501.0,6
77,L-Glutamine,C5H10N2O3,[M+H]+,10.1,12.1,15,0.2,147.0764,147.0759,-3.5,S07372,11.52,11.39,11.53,0.13,478204192.0,488798880.0,525671616.0,729829632.0,811804736.0,798679552.0,66526572,362584,65308548,681199,33077860,468432,0.0006390898833325364,1564.7251287807853,497558229.3333333,780104640.0,-0.6488022796731736,0.6378096012008508,83222597.5,638831434.6666666,1567232.0,6
78,L-Histidine,C6H9N3O2,[M+H]+,9.9,11.9,15,0.2,156.0768,156.0763,-2.9,S07368,11.09,10.89,11.23,0.33,18971692.0,20938256.0,28800668.0,43371636.0,52939892.0,57224160.0,5855880,161179,7290897,198567,6363190,178183,0.005095160003740259,196.26469026800322,22903538.666666668,51178562.666666664,-1.1599691139910795,0.44752211616103227,10033948.0,37041050.666666664,16245.0,6
79,L-Isoleucine,C6H13NO2,[M+H]+,6.0,7.5,15,0.2,132.1019,132.1016,-2.3,S07372,7.44,7.34,7.45,0.11,72785896.0,86594416.0,118888128.0,88320064.0,104060064.0,117711496.0,710669,59987,785074,72298,667359,67452,0.5456168841063345,1.8327878574320502,92756146.66666667,103363874.66666667,-0.15621726357435,0.8973748997489852,1191419.5,98060010.66666667,200.0,6
80,L-Kynurenine,C10H12N2O3,[M+H]+,6.0,8.0,15,0.2,209.0921,209.092,-0.3,S07373,7.57,7.35,7.78,0.43,32277.0,47025.0,45297.0,51740.0,55552.0,78493.0,3045,2862,0,0,2742,0,0.09993205567484956,10.0067990520851,41533.0,61928.333333333336,-0.576341535702697,0.6706623247301988,14324.5,51730.66666666667,1.0,6
81,L-Lactic acid,C3H6O3,[M-H]-,6.2,8.2,15,0.2,89.0244,89.0231,-14.8,S07377,7.14,7.01,7.38,0.38,316057504.0,236070208.0,395542144.0,157859104.0,184120656.0,162918272.0,1659393,1391950,1936330,1446236,2208754,1492008,0.03424474374745427,29.20156177469832,315889952.0,168299344.0,0.9083924944654183,1.876952960672265,5077335.5,242094648.0,13269.0,6
82,L-Leucine,C6H13NO2,[M+H]+,7.5,9.0,15,0.2,132.1019,132.1016,-2.3,S07372,8.0,7.9,8.02,0.13,172246336.0,195013904.0,238851616.0,216846320.0,242659904.0,259340352.0,1125797,80604,1358586,100706,1189948,100401,0.17950289332352115,5.5709408438207335,202037285.33333334,239615525.33333334,-0.24609982494860563,0.8431727662565927,1988021.0,220826405.33333334,1459.0,6
83,L-Lysine,C6H14N2O2,[M+H]+,18.0,20.0,15,0.2,147.1128,147.1124,-2.7,S07377,19.34,19.3,19.46,0.15,15386250.0,16705621.0,22644988.0,11915853.0,17061276.0,19579320.0,3190135,590053,4491736,610717,5004466,628951,0.5515898695805432,1.812941199881808,18245619.666666668,16185483.0,0.1728497308150915,1.127282989742516,7268029.0,17215551.333333336,35.0,6
84,L-Malic acid,C4H6O5,[M-H]-,12.2,14.2,15,0.2,133.0142,133.0129,-10.1,S07372,13.29,13.22,13.31,0.09,92442880.0,106503664.0,116092320.0,75488448.0,88480920.0,92927368.0,12388034,3686052,16458926,4001143,16590238,3810155,0.08814599825548207,11.344814509918004,105012954.66666667,85632245.33333333,0.2943412539395655,1.2263248996670788,28477274.0,95322600.0,1326.0,6
85,L-Methionine,C5H11NO2S,[M+H]+,6.8,8.8,15,0.2,150.0583,150.058,-2.2,S07372,8.2,8.11,8.23,0.12,58831972.0,68457600.0,83741976.0,109821032.0,124164392.0,132196448.0,348408,3700,374887,9436,230527,10014,0.006111273420801847,163.63201760800814,70343849.33333333,122060624.0,-0.7951016819816051,0.5763025538304092,498486.0,96202236.66666666,27315.0,6
86,L-Phenylalanine,C9H11NO2,[M+H]+,5.6,7.6,15,0.2,166.0863,166.0857,-3.3,S07372,7.01,6.93,7.07,0.14,108729296.0,128312280.0,155710832.0,143650448.0,160301488.0,172830800.0,180917,19836,253574,20417,263594,22892,0.1555601640816442,6.428380979819229,130917469.33333333,158927578.66666666,-0.27971187683644877,0.8237555145033607,390615.0,144922524.0,1131.0,6
87,L-Proline,C5H9NO2,[M+H]+,7.9,9.9,15,0.2,116.0706,116.0705,-0.9,S07377,9.37,9.29,9.42,0.12,908398592.0,1009704512.0,1013778688.0,444358528.0,500123040.0,501305440.0,5993912,861220,20363586,557996,24822176,743682,0.00022704057706143525,4404.499023667511,977293930.6666666,481929002.6666667,1.019971906425201,2.027879470334817,26681286.0,729611466.6666666,6516739.0,6
88,L-Serine,C3H7NO3,[M+H]+,10.8,12.8,15,0.2,106.0499,106.0499,0.3,S07372,12.16,12.05,12.18,0.13,12389244.0,12678024.0,14598318.0,15949351.0,17623678.0,17909354.0,1048373,34931,1027462,39067,809711,41699,0.013037096520703567,76.70419547879771,13221862.0,17160794.333333332,-0.3761909712918462,0.7704691136771972,1510621.5,15191328.166666666,1512.0,6
89,L-Threonine,C4H9NO3,[M-H]-,9.5,11.5,15,0.2,118.051,118.0496,-11.6,S07372,10.96,10.81,10.99,0.17,11941145.0,11522207.0,11926950.0,19786356.0,20624430.0,20417866.0,1628055,21283,1965762,34862,1071751,21403,7.822088943316004e-06,127843.08734490967,11796767.333333334,20276217.333333332,-0.7813969606370981,0.5818031607867951,2381558.0,16036492.333333332,3523794.0,6
90,L-Tryptophan,C11H12N2O2,[M+H]+,6.8,8.8,15,0.2,205.0972,205.0965,-3.2,S07372,8.25,8.14,8.4,0.26,12913110.0,15109340.0,19527720.0,16611743.0,19298066.0,22021164.0,28308,3181,31088,3515,33000,2328,0.23765783631703832,4.207729967994779,15850056.666666666,19310324.333333332,-0.2848843975275189,0.8208073770830675,60710.0,17580190.5,90.0,6
91,L-Tyrosine,C9H11NO3,[M+H]+,8.2,10.2,15,0.2,182.0812,182.0807,-2.6,S07368,9.61,9.44,9.62,0.18,30703378.0,34126464.0,41386860.0,51264604.0,58364700.0,66300648.0,399216,6595,584645,6569,468180,8353,0.012334170960668897,81.07557477424237,35405567.333333336,58643317.333333336,-0.7279904819954344,0.6037442788593497,746779.0,47024442.333333336,6315.0,6
92,L-Valine,C5H11NO2,[M+H]+,8.3,9.2,15,0.2,118.0863,118.0862,-0.5,S07372,9.11,9.02,9.15,0.13,122912560.0,133112544.0,159471696.0,148799712.0,158816064.0,170858704.0,1360599,88297,1661692,98481,1553454,106888,0.17159387060078732,5.8277139882606726,138498933.33333334,159491493.33333334,-0.20360461297978583,0.8683781839315652,2444705.5,148995213.33333334,1000.0,6
93,N6-Acetyl-L-lysine,C8H16N2O3,[M+H]+,1.9,3.9,15,0.2,189.1234,189.1214,-10.4,S07368,3.21,3.15,3.23,0.09,772773.0,390792.0,517586.0,1959962.0,1835435.0,2907500.0,110938,113421,110284,119871,131434,136152,0.009355097733223138,106.89359197698806,560383.6666666666,2234299.0,-1.995335452436943,0.2508096126197374,371050.0,1397341.3333333333,596.0,6
94,N-Acetylglutamic acid,C7H11NO5,[M+H]+,10.3,12.3,15,0.2,190.071,190.0704,-3.2,S07374,11.73,11.56,11.85,0.29,417142.0,240276.0,278064.0,384347.0,355553.0,558756.0,71077,9551,146248,10547,43498,6401,0.21934239377670744,4.559082185535046,311827.3333333333,432885.3333333333,-0.4732375276514452,0.7203462656777468,153661.0,372356.3333333333,2.0,6
95,N-Acetylglutamine,C7H12N2O4,[M-H]-,6.8,8.8,15,0.2,187.0724,187.0713,-6.0,S07372,8.03,7.86,8.08,0.22,130938.0,184768.0,164710.0,301186.0,310960.0,314107.0,0,0,0,0,1115,1108,0.0007805496900017729,1281.1484173387203,160138.66666666666,308751.0,-0.9471221100707895,0.5186660663987053,11111.5,234444.8333333333,579.0,6
96,N-Acetyl-L-alanine,C5H9NO3,[M+H]+,6.0,7.0,15,0.2,132.0655,132.0652,-2.4,S07377,6.5,6.3,6.74,0.44,5521002.0,6415137.0,6683578.0,2832395.0,3267759.0,3272030.0,18990,12468,15557,12736,14263,12436,0.0012619671256632512,792.4136688381884,6206572.333333333,3124061.3333333335,0.9903739622308856,1.986699898337463,53225.0,4665316.833333333,7345.0,6
97,N-Acetyl-L-methionine,C7H13NO3S,[M+H]+,3.0,5.0,15,0.2,192.0689,192.0683,-3.1,S07372,4.17,4.1,4.35,0.26,1646464.0,1846171.0,2051593.0,1006121.0,1109498.0,1271989.0,0,0,0,0,1074,0,0.006856572848863461,145.84545691303478,1848076.0,1129202.6666666667,0.7107196462498926,1.6366202937293806,10537.0,1488639.3333333335,355.0,6
98,N-Acetyl-L-phenylalanine,C11H13NO3,[M+H]+,2.8,4.0,15,0.2,208.0968,208.0963,-2.5,S07372,3.55,3.47,3.57,0.1,108046.0,108046.0,108046.0,108046.0,108046.0,109928.0,25543,32400,45742,26830,25984,39593,0.3739009663000621,2.674504989638038,108046.0,108673.33333333333,-0.008352307133256751,0.9942273480154592,108046.0,108359.66666666666,0.0,1
99,N-Acetylornithine,C7H14N2O3,[M+H]+,8.6,10.6,15,0.2,175.1077,175.1074,-1.8,S07372,10.06,9.83,10.18,0.34,25996.0,25996.0,25996.0,25996.0,25996.0,25996.0,7504,3934,7094,3537,6488,3435,NA,NA,25996.0,25996.0,0.0,1.0,25996.0,25996.0,0.0,0
100,N-Acetylserine,C5H9NO4,[M-H]-,7.5,8.5,15,0.2,146.0459,146.0447,-8.1,S07377,8.16,8.02,8.31,0.29,18346462.0,20928362.0,21099732.0,8708903.0,9445965.0,10088244.0,7705,6330,9764,4363,16653,4925,0.00039125364969941226,2555.8867010397685,20124852.0,9414370.666666666,1.0960416118850362,2.137673638797311,34870.0,14769611.333333332,80696.0,6
101,NAD,C21H28N7O14P2,[Cat]+,9.9,11.9,15,0.2,664.1164,664.1161,-0.5,S07377,11.17,10.96,11.17,0.21,1677456.0,1771359.0,2165475.0,936752.0,1262711.0,1460620.0,56879,0,130929,2804,136260,3015,0.03810485467680458,26.243375246585735,1871430.0,1220027.6666666667,0.6172272216140379,1.5339242306800145,174943.5,1545728.8333333335,62.0,6
102,NADH,C21H29N7O14P2,[M-H]-,9.5,11.5,15,0.2,664.1175,664.1166,-1.4,S07377,10.69,10.57,10.75,0.18,256932.0,338639.0,394991.0,150227.0,199524.0,209523.0,5880,0,6190,1361,7893,0,0.031016784188090545,32.24060863098658,330187.3333333333,186424.66666666666,0.8246920146162928,1.771156892685875,20662.0,258306.0,15.0,6
103,NADP,C21H29N7O17P3,[Cat]+,12.7,14.7,15,0.2,744.0827,744.0787,-5.4,S07377,14.06,13.99,14.23,0.24,39059.5,52854.0,62214.0,39059.5,39059.5,39059.5,5949,2543,14678,2557,23165,9227,0.14098817390826113,7.092793475364004,51375.833333333336,39059.5,0.39541640855589666,1.3153223500898203,39059.5,45217.66666666667,0.0,2
104,NADPH,C21H30N7O17P3,[M-H]-,13.0,15.0,15,0.2,744.0838,744.0817,-2.9,S07372,14.53,14.38,14.58,0.2,51605.0,64955.0,50515.0,42060.0,37964.0,52728.0,1550,1341,2267,0,2410,0,0.14818810071931934,6.7481801517524245,55691.666666666664,44250.666666666664,0.3317622778028695,1.2585497770278413,13784.0,49971.166666666664,0.0,6
105,Niacinamide,C6H6N2O,[M+H]+,3.3,5.3,15,0.2,123.0553,123.055,-2.4,S07377,4.71,4.63,4.72,0.09,68977624.0,74057824.0,95535392.0,49113424.0,55881084.0,66919368.0,920869,424387,2308319,1247729,2797572,1613132,0.08276887141704463,12.081836841308792,79523613.33333333,57304625.333333336,0.47273171989423585,1.3877346352193234,4666004.0,68414119.33333333,1147.0,6
106,Nicotinic acid,C6H5NO2,[M-H]-,5.5,7.5,15,0.2,122.0248,122.0238,-7.8,SQ437_B_0,6.55,6.31,6.77,0.46,35814.0,35814.0,35814.0,35814.0,35814.0,35814.0,16348,8343,6983,6571,6773,6610,NA,NA,35814.0,35814.0,0.0,1.0,35814.0,35814.0,0.0,0
107,O-Phosphoethanolamine,C2H8NO4P,[M+H]+,11.4,13.4,15,0.2,142.0264,142.0264,0.2,S07376,11.89,11.89,12.08,0.18,10000.0,49295.0,10000.0,10000.0,10000.0,26612.0,0,0,0,0,0,0,0.6230979298417989,1.6048841636400468,23098.333333333332,15537.333333333334,0.5720498415494271,1.4866343430876168,10000.0,19317.833333333332,0.0,2
108,Ornithine,C5H12N2O2,[M+H]+,17.0,19.0,15,0.2,133.0972,133.0969,-1.9,S07377,17.69,17.61,17.76,0.15,8346386.0,9437711.0,11089386.0,6604819.0,9301530.0,9214019.0,2088713,410728,2630924,425096,2802726,371080,0.35278559198707243,2.834582881822011,9624494.333333334,8373456.0,0.20088755086417284,1.1494052555281038,4374633.5,8998975.166666668,29.0,6
109,Orotic acid,C5H4N2O4,[M-H]-,6.7,8.7,15,0.2,155.0098,155.0087,-7.3,S07377,7.71,7.58,7.91,0.33,91172.0,106284.0,125221.0,75311.0,89395.0,108352.0,0,1702,1288,1281,0,0,0.29489782538669324,3.3910049987270043,107559.0,91019.33333333333,0.24088332282038266,1.1817159724307658,12135.5,99289.16666666666,0.0,6
110,Orotidylic acid,C10H13N2O11P,[M+H]+,0.0,30.0,15,0.2,369.033,369.0314,-4.3,S07366,7.96,7.96,7.96,0.0,10000.0,10000.0,10000.0,11090.0,10000.0,10000.0,0,0,0,0,0,0,0.37390096630005787,2.674504989638068,10000.0,10363.333333333334,-0.05148811595782091,0.9649404953361209,10000.0,10181.666666666668,0.0,1
111,Oxidized glutathione,C20H32N6O12S2,[M+H]+,13.5,15.5,15,0.2,613.1592,613.1575,-2.8,S07369,14.77,14.74,14.83,0.09,2422165.0,4233552.0,4325590.0,3937685.0,8069208.0,11880018.0,59327,21297,171453,72172,399834,170109,0.14440731132935428,6.924857133578706,3660435.6666666665,7962303.666666667,-1.1211705251132686,0.45972068133883026,457096.0,5811369.666666667,88.0,6
112,Oxoadipic acid,C6H8O5,[M-H]-,7.5,9.5,15,0.2,159.0299,159.0289,-6.3,SQ437_B_0,7.54,7.54,7.75,0.21,17371.5,17371.5,17371.5,17371.5,17371.5,17371.5,7155,2100,2445,1309,0,1734,NA,NA,17371.5,17371.5,0.0,1.0,17371.5,17371.5,0.0,0
113,Oxoglutaric acid,C5H6O5,[M-H]-,10.8,14.8,15,0.2,145.0142,145.013,-8.6,S07377,12.86,12.65,12.87,0.22,46812628.0,55266652.0,57191312.0,14569729.0,17435206.0,17603790.0,117273,12636,193222,11538,531539,14242,0.0003941401801731455,2537.1683738529287,53090197.333333336,16536241.666666666,1.6828141257878928,3.21053588859621,450225.0,34813219.5,283577.0,6
114,Palmitic acid,C16H32O2,[M-H]-,1.6,3.6,15,0.2,255.233,255.2323,-2.6,S07376,2.85,2.82,2.91,0.09,8641989.0,20015370.0,11993933.0,6817709.0,9505565.0,9533514.0,690596,596810,576132,648189,641113,575955,0.23077618866787375,4.333202683398028,13550430.666666666,8618929.333333334,0.6527581346888345,1.5721709904571286,1874397.5,11084680.0,76.0,6
115,Pantothenic acid,C9H17NO5,[M+H]+,5.1,7.1,15,0.2,220.118,220.1173,-3.0,S07371,6.21,5.97,6.42,0.45,18408720.0,21262786.0,25429028.0,29292520.0,31968604.0,34295060.0,11008,3132,7082,6076,11004,3115,0.015313493357652962,65.30188616304504,21700178.0,31852061.333333332,-0.5536798640340785,0.6812801775340882,30708.5,26776119.666666664,2567.0,6
116,Phenol,C6H6O,[M-H]-,2.1,4.1,15,0.2,93.0346,93.0333,-13.9,SQ437_B_0,3.42,3.39,3.65,0.26,2609088.5,2609088.5,2609088.5,2609088.5,2609088.5,2609088.5,1187998,1000370,763503,742166,767343,736797,NA,NA,2609088.5,2609088.5,0.0,1.0,2609088.5,2609088.5,0.0,0
117,Phosphocreatine,C4H10N3O5P,[M-H]-,11.2,13.2,15,0.2,210.0285,210.0277,-4.0,S07377,12.39,12.35,12.43,0.08,8071146.0,9909884.0,9931316.0,1891732.0,2524896.0,3403469.0,130181,16548,757102,75572,1074766,104537,0.0008986130998311572,1112.8259761491265,9304115.333333334,2606699.0,1.8356449784726168,3.5693094343970415,1089353.0,5955407.166666667,23655.0,6
118,Phosphoenolpyruvic acid,C3H5O6P,[M-H]-,13.6,15.6,15,0.2,166.9751,166.97400000000002,-6.6,S07371,14.81,14.81,15.05,0.24,133178.0,285201.0,424212.0,83741.0,141528.0,341307.0,5922,2575,43831,11299,59758,14789,0.46735052139194366,2.139721588459189,280863.6666666667,188858.66666666666,0.5725630152136736,1.487163240236085,79087.0,234861.1666666667,1.0,6
119,Phosphoribosyl pyrophosphate,C5H13O14P3,[M-H]-,15.0,18.0,15,0.2,388.9445,388.9388,-14.8,S07376,15.62,15.62,15.64,0.01,10000.0,10000.0,10000.0,10000.0,10000.0,10000.0,0,0,0,0,0,0,NA,NA,10000.0,10000.0,0.0,1.0,10000.0,10000.0,0.0,0
120,Phosphorylcholine,C5H14NO4P,[M+H]+,10.0,13.0,15,0.2,184.0733,184.0728,-2.8,S07377,11.9,11.84,11.96,0.12,1187464960.0,1288749312.0,1335585920.0,1052292672.0,1197206272.0,1256155136.0,193673248,6522238,216868608,10933922,257509584,13457748,0.2436384131943323,4.10444308386779,1270600064.0,1168551360.0,0.12078885228216736,1.0873292415662414,349492674.0,1219575712.0,5443.0,6
121,Phosphoserine,C3H8NO6P,[M+H]+,11.5,13.5,15,0.2,186.0162,186.0162,0.0,S07372,13.45,13.4,13.46,0.05,14298.5,14298.5,14298.5,14298.5,14298.5,14298.5,2212,0,3613,0,1234,1538,NA,NA,14298.5,14298.5,0.0,1.0,14298.5,14298.5,0.0,0
122,Pipecolic acid,C6H11NO2,[M+H]+,7.5,9.5,15,0.2,130.0863,130.0862,-0.4,S07374,8.25,8.0,8.49,0.48,146858.0,146858.0,146858.0,146858.0,146858.0,146858.0,62140,49600,38110,43910,41408,38548,NA,NA,146858.0,146858.0,0.0,1.0,146858.0,146858.0,0.0,0
123,Propionylcarnitine,C10H19NO4,[M+H]+,5.2,7.2,15,0.2,218.1387,218.138,-3.1,S07377,6.7,6.52,6.93,0.42,627837.0,655552.0,680953.0,173523.0,230126.0,252930.0,13877,13731,8938,10107,10217,8000,0.00010150360034587624,9851.867289361888,654780.6666666666,218859.66666666666,1.5810056179922016,2.991783166991329,42435.0,436820.1666666666,12875.0,6
124,Pyruvic acid,C3H4O3,[M-H]-,5.5,7.5,15,0.2,87.0088,87.0075,-14.6,S07377,6.12,5.89,6.12,0.24,4607059.0,224830.0,6288242.0,3040576.0,3620506.0,3469472.0,99527,45448,100784,44454,85124,54323,0.8646721157868659,1.1565077463958504,3706710.3333333335,3376851.3333333335,0.13446071214723232,1.097682416973445,224830.0,3541780.8333333335,4.0,5
125,Ribose 1-phosphate,C5H11O8P,[M-H]-,11.0,12.4,15,0.2,229.0119,229.0112,-3.0,S07377,12.19,12.15,12.29,0.13,19929.0,22060.0,31110.0,17041.5,17041.5,17041.5,0,0,2978,0,9236,1869,0.09941304131597319,10.059042423031928,24366.333333333332,17041.5,0.5158368416340082,1.4298232745552524,17041.5,20703.916666666664,0.0,3
126,Saccharopine,C11H20N2O6,[M-H]-,11.0,14.0,15,0.2,275.1249,275.1277,10.3,S07374,12.07,11.87,12.15,0.27,11399.0,11399.0,11399.0,11399.0,11399.0,11399.0,1489,0,0,0,0,1309,NA,NA,11399.0,11399.0,0.0,1.0,11399.0,11399.0,0.0,0
127,S-Adenosylhomocysteine,C14H20N6O5S,[M-H]-,8.6,10.6,15,0.2,383.1143,383.1129,-3.7,S07376,10.07,9.95,10.13,0.17,63270.0,68843.0,59261.0,57739.0,42617.0,49556.0,1783,0,4509,0,1992,0,0.05587698746195871,17.896455149462096,63791.333333333336,49970.666666666664,0.3522789678674896,1.2765755910133947,14142.0,56881.0,1.0,6
128,S-Adenosylmethionine,C15H22N6O5S,[M+H]+,10.7,12.7,15,0.2,399.1445,399.1436,-2.3,S07367,12.43,12.36,12.55,0.19,8405008.0,6971153.0,6993604.0,11615140.0,14427278.0,12929715.0,746075,19414,1116119,22121,917881,23666,0.004172165023068999,239.68371204656015,7456588.333333333,12990711.0,-0.8008927938065457,0.5739938586374013,1432638.0,10223649.666666666,4269.0,6
129,Sarcosine,C3H7NO2,[M+H]+,11.2,12.0,15,0.2,90.055,90.0552,2.7,S07372,11.22,11.2,11.24,0.04,169318496.0,172016272.0,186569552.0,228505376.0,263486160.0,280076960.0,8515756,113419,13660977,190919,5661834,167371,0.007230799304723237,138.29729713930647,175968106.66666666,257356165.33333334,-0.5484523734284836,0.683753219740234,14165138.0,216662136.0,43823.0,6
130,Succinic acid,C4H6O4,[M-H]-,11.3,13.3,15,0.2,117.0193,117.01799999999999,-11.4,S07376,12.48,12.42,12.49,0.08,4392034.0,5202090.0,4890784.0,2814051.0,3502688.0,3789070.0,292283,243417,280941,173409,348675,157831,0.01739460049080395,57.48910419234249,4828302.666666667,3368603.0,0.5193657030888874,1.4333249322246246,758278.0,4098452.8333333335,338.0,6
131,Taurine,C2H7NO3S,[M-H]-,10.2,12.2,15,0.2,124.0074,124.006,-11.2,S07372,11.47,11.3,11.52,0.22,24667492.0,27244308.0,27884162.0,26597956.0,31132536.0,35392836.0,91562,2173,75900,1418,166872,1708,0.17812150743593902,5.614145166381144,26598654.0,31041109.333333332,-0.2228268754980013,0.8568847754238337,179816.5,28819881.666666664,189.0,6
132,Thymidine,C10H14N2O5,[M-H]-,3.5,5.5,15,0.2,241.083,241.0835,2.1,S07370,3.51,3.51,3.7,0.2,12456.0,12456.0,12456.0,68129.0,12456.0,12456.0,1755,1876,0,0,0,1281,0.3739009663000589,2.6745049896380606,12456.0,31013.666666666668,-1.3160632526576346,0.4016293891940112,12456.0,21734.833333333336,0.0,1
133,Uracil,C4H4N2O2,[M+H]+,5.4,7.4,15,0.2,113.0346,113.0343,-2.3,S07369,6.77,6.56,7.0,0.44,16478.5,16478.5,16478.5,16478.5,16478.5,16478.5,2544,1506,2183,2311,2455,1958,NA,NA,16478.5,16478.5,0.0,1.0,16478.5,16478.5,0.0,0
134,Ureidopropionic acid,C4H8N2O3,[M-H]-,10.4,12.4,15,0.2,131.0462,131.0449,-10.0,S07374,11.65,11.54,11.82,0.28,80993.0,79707.0,149412.0,296121.0,274579.0,386288.0,38495,2523,64270,1916,21145,2315,0.006390528417850744,156.48158252558386,103370.66666666667,318996.0,-1.625711481257034,0.32405004033488405,75332.0,211183.33333333334,102.0,6
135,Ureidosuccinic acid,C5H8N2O5,[M-H]-,12.8,14.8,15,0.2,175.03599999999997,175.035,-6.0,S07372,13.95,13.87,14.03,0.16,1066633.0,1924227.0,2862772.0,658394.0,843057.0,1003156.0,14284,0,24546,1349,22020,0,0.10206775240023262,9.797413742185244,1951210.6666666667,834869.0,1.2247478040766624,2.337145907521619,41099.5,1393039.8333333335,32.0,6
136,Uric acid,C5H4N4O3,[M+H]+,8.8,10.8,15,0.2,169.0356,0.0,0.0,NA,0.0,0.0,0.0,0.0,10000.0,10000.0,10000.0,10000.0,10000.0,10000.0,0,0,0,0,0,0,NA,NA,10000.0,10000.0,0.0,1.0,10000.0,10000.0,0.0,0
137,Uridine,C9H12N2O6,[M-H]-,5.5,7.5,15,0.2,243.0623,243.0613,-4.0,S07366,6.88,6.66,7.1,0.44,23114.0,37644.0,43220.0,45907.0,37312.0,24082.0,2265,1591,2047,1322,1473,1250,0.9051529581577811,1.104785650853152,34659.333333333336,35767.0,-0.045385210872365835,0.9690310435131081,14974.0,35213.16666666667,0.0,6
138,Uridine 5'-diphosphate,C9H14N2O12P2,[M+H]+,12.4,14.4,15,0.2,405.0095,405.0071,-5.9,S07376,13.6,13.55,13.83,0.28,66552.0,106802.0,100077.0,51171.0,56700.0,73426.0,2075,0,2180,0,5004,0,0.09546971581778917,10.474525784789934,91143.66666666667,60432.333333333336,0.5928217641228436,1.5081937373481085,14629.5,75788.0,1.0,6
139,Uridine 5'-monophosphate,C9H13N2O9P,[M-H]-,11.2,13.2,15,0.2,323.0286,323.0275,-3.4,S07370,12.34,12.28,12.39,0.1,214435.0,237933.0,293629.0,166377.5,177845.0,173190.0,66498,13085,78034,18575,106136,30427,0.03250898227882015,30.760729186268854,248665.66666666666,172470.83333333334,0.5278549207030712,1.4417838765008575,166377.5,210568.25,9.0,5
140,Uridine diphosphate glucose,C15H24N2O17P2,[M-H]-,12.4,14.4,15,0.2,565.0478,565.047,-1.3,S07372,13.59,13.47,13.65,0.18,1433267.0,1669762.0,1692870.0,969502.0,1190931.0,1369651.0,25017,0,30719,0,42827,0,0.04142028546244853,24.142759733189095,1598633.0,1176694.6666666667,0.44209876289747907,1.358579285932006,59281.5,1387663.8333333335,46.0,6
141,Uridine diphosphate-N-acetylglucosamine,C17H27N3O17P2,[M+H]+,11.2,13.2,15,0.2,608.0889,608.0865,-3.9,S07377,12.44,12.37,12.47,0.09,285752.0,367288.0,417198.0,203585.0,230199.0,285910.0,8492,0,11581,0,18553,0,0.0615206594813641,16.25470221597545,356746.0,239898.0,0.572476123521227,1.4870736729776821,29313.0,298322.0,7.0,6
142,Uridine triphosphate,C9H15N2O15P3,[M-H]-,15.0,18.0,15,0.2,482.9613,482.9603,-2.0,S07377,15.53,15.51,15.78,0.26,112485.0,178370.0,277988.0,70299.5,70299.5,113853.0,5773,0,31041,5882,63333,14570,0.10535982717832394,9.491283601931853,189614.33333333334,84817.33333333333,1.160636994349567,2.2355611274425042,70299.5,137215.83333333334,3.0,4
143,Valerylcarnitine,C12H23NO4,[M+H]+,3.6,5.7,15,0.2,246.17,246.1702,0.9,S07376,5.16,4.91,5.4,0.5,45949.0,52283.0,48919.0,19230.0,17791.0,21952.0,3229,2902,2222,2089,3092,2048,0.00018120095994159945,5518.734560359378,49050.333333333336,19657.666666666668,1.3191708543927287,2.495226629135367,17791.0,34354.0,473.0,5
144,Xanthine,C5H4N4O2,[M-H]-,7.5,9.4,15,0.2,151.0261,151.0251,-6.9,S07367,8.55,8.32,8.8,0.47,15435.5,17987.0,19177.0,15435.5,34175.0,15435.5,1826,1922,1893,1485,1448,2297,0.5487725703307318,1.8222485125255523,17533.166666666668,21682.0,-0.30641125560169413,0.8086508009716201,15435.5,19607.583333333336,0.0,3
145,Xanthosine,C10H12N4O6,[M-H]-,6.7,8.7,15,0.2,283.0684,283.0662,-7.8,S07373,7.63,7.63,7.63,0.0,10000.0,10000.0,10000.0,10000.0,10000.0,10000.0,0,0,0,0,0,0,NA,NA,10000.0,10000.0,0.0,1.0,10000.0,10000.0,0.0,0
146,Xanthylic acid,C10H13N4O9P,[M-H]-,11.0,13.0,15,0.2,363.0347,363.0346,-0.4,S07377,12.34,12.34,12.43,0.09,10000.0,10000.0,21440.0,10000.0,10000.0,10000.0,0,0,0,0,0,0,0.3739009663000589,2.6745049896380606,13813.333333333334,10000.0,0.46606150230331067,1.3813333333333333,10000.0,11906.666666666668,0.0,1
