,Metabolite,Formula,Ion Type,RT Start (min),RT End (min),m/z Tolerance (ppm),RT Tolerance (min),mz,obs_mz,ppm,winner,RT,RT_min,RT_max,RT_range,T10,T11,T12,T7,T8,T9,SQ437_B_0,SQ437_B_1,SQ437_B_2,SQ437_B_3,SQ437_B_4,SQ437_B_5,ttest_pval,1/pvalue,SG1 minus Dox_Mean,SG1 plus Dox_Mean,Log2FoldChange,LogFoldChange,blank_threshold,combined_mean,impact_score,Detection
0,1-Methylnicotinamide,C7H8N2O,[M+H]+,19.0,21.0,15,0.2,137.0709,137.0708,-1.0,S07372,20.22,20.11,20.46,0.35,41301.0,34903.0,44449.0,53928.0,38243.0,40980.0,9115,6687,6796,5673,8484,3220,0.49776204115613926,2.008992083199686,40217.666666666664,44383.666666666664,-0.14219947544765554,0.9061366418577405,29987.5,42300.666666666664,0.0,6
1,"2,3-Diphosphoglyceric acid",C3H8O10P2,[M-H]-,12.0,15.0,15,0.2,264.952,264.9531,4.2,S07377,13.29,13.17,13.4,0.23,10000.0,10000.0,10000.0,10000.0,10000.0,10000.0,0,0,0,0,0,0,NA,NA,10000.0,10000.0,0.0,1.0,10000.0,10000.0,0.0,0
2,3-Hydroxybutyric acid,C4H8O3,[M-H]-,5.7,7.7,15,0.2,103.0401,103.0388,-12.3,S07376,7.29,7.16,7.53,0.37,451836.5,451836.5,451836.5,451836.5,451836.5,451836.5,152369,141953,141862,138170,156211,153108,NA,NA,451836.5,451836.5,0.0,1.0,451836.5,451836.5,0.0,0
3,3-Phosphoglyceric acid,C3H7O7P,[M-H]-,13.0,15.0,15,0.2,184.9857,184.9847,-5.2,S07372,14.26,14.24,14.46,0.22,161285.0,230651.0,317383.0,496988.0,333174.0,305700.0,9168,4255,59089,15946,79284,23879,0.1303583681849648,7.671160769526551,236439.66666666666,378620.6666666667,-0.6792810696077456,0.624476388857097,105810.5,307530.1666666667,4.0,6
4,"4,5-Dihydroorotic acid",C5H6N2O4,[M-H]-,7.5,9.5,15,0.2,157.0255,157.0243,-7.5,S07377,8.55,8.49,8.65,0.16,525851.0,532142.0,805926.0,328354.0,457986.0,549157.0,0,0,0,1541,0,0,0.1920847897047369,5.20603428067964,621306.3333333334,445165.6666666667,0.4809624312380492,1.3956744193360224,10770.5,533236.0,4.0,6
5,4-Hydroxyproline,C5H9NO3,[M+H]+,10.2,11.2,15,0.2,132.0655,132.0659,2.9,S07373,10.92,10.85,11.0,0.16,513840.0,539020.0,537386.0,1859212.0,1967950.0,1554518.0,65034,15269,97246,11904,58112,13379,0.0005221237950108874,1915.254599685785,530082.0,1793893.3333333333,-1.7588066517930836,0.295492485617874,140472.0,1161987.6666666665,7532.0,6
6,5'-Methylthioadenosine,C11H15N5O3S,[M+H]+,3.0,5.0,15,0.2,298.0968,298.0957,-3.8,S07372,4.36,4.19,4.48,0.29,3480164.0,4471134.0,5393747.0,7037084.0,6061640.0,5028520.0,38963,3893,45335,2903,37009,3516,0.11743065355381332,8.515664093973077,4448348.333333333,6042414.666666667,-0.4418554293565406,0.7361871997751008,75809.5,5245381.5,61.0,6
7,5-Phosphoribosylamine,C5H12NO7P,[M-H]-,11.5,13.5,15,0.2,228.0279,228.0269,-4.2,S07370,12.78,12.62,13.0,0.38,10819.5,10819.5,10819.5,10819.5,10819.5,10819.5,0,0,0,0,1639,0,NA,NA,10819.5,10819.5,0.0,1.0,10819.5,10819.5,0.0,0
8,6-Phosphogluconic acid,C6H13O10P,[M-H]-,14.0,17.0,15,0.2,275.0174,275.0165,-3.1,S07372,15.21,15.08,15.41,0.33,18003.5,18003.5,20488.0,24981.0,21723.0,18003.5,0,0,5589,0,8508,1910,0.2774088672836917,3.6047874380935045,18831.666666666668,21569.166666666668,-0.19580974944873716,0.8730827183865858,18003.5,20200.416666666668,0.0,3
9,Acetoacetic acid,C4H6O3,[M-H]-,8.3,10.3,15,0.2,101.0244,101.023,-14.0,S07375,9.94,9.74,10.12,0.39,79494.5,79494.5,79494.5,79494.5,79494.5,79494.5,22873,17356,25386,20772,27960,24642,NA,NA,79494.5,79494.5,0.0,1.0,79494.5,79494.5,0.0,0
10,Acetyl-CoA,C23H38N7O17P3S,[M+H]+,8.0,11.0,15,0.2,810.1331,810.1262,-8.5,S07374,9.74,9.65,9.88,0.23,11045.0,11045.0,11045.0,18906.0,29499.0,30943.0,0,0,2090,0,0,0,0.01535494620444727,65.12559449478039,11045.0,26449.333333333332,-1.2598379403638802,0.4175908655542673,11045.0,18747.166666666664,3.0,3
11,Acetylcysteine,C5H9NO3S,[M+H]+,6.0,8.0,15,0.2,164.0376,164.0374,-1.2,S07376,6.98,6.77,7.23,0.45,19859.0,39754.0,33955.0,39347.0,11684.0,19909.0,1612,1756,0,0,0,0,0.49698486442204864,2.012133711884597,31189.333333333332,23646.666666666668,0.3994158861298862,1.3189737806597124,11684.0,27418.0,0.0,5
12,Adenine,C5H5N5,[M+H]+,5.0,7.0,15,0.2,136.0618,136.0614,-2.7,S07370,6.41,6.34,6.46,0.13,7323326.0,12328012.0,12442605.0,17976088.0,7658228.0,4812949.0,216293,65812,188670,71255,220672,135251,0.905466736383208,1.104402801139217,10697981.0,10149088.333333334,0.07598840689831562,1.0540829529351814,458976.5,10423534.666666668,12.0,6
13,Adenosine,C10H13N5O4,[M+H]+,4.5,7.0,15,0.2,268.10400000000004,268.1033,-2.7,S07366,6.03,5.92,6.1,0.18,2504068.0,4899182.0,4408412.0,2715622.0,3329470.0,2435525.0,41513,25534,28949,33514,38527,53844,0.22605067685353264,4.423786798249405,3937220.6666666665,2826872.3333333335,0.47797084256457406,1.392783331684475,120940.5,3382046.5,21.0,6
14,Adenosine diphosphate ribose,C15H23N5O14P2,[M-H]-,10.9,12.9,15,0.2,558.0644,558.0624,-3.6,S07372,12.16,11.93,12.16,0.23,11035.5,11035.5,11035.5,15932.0,11035.5,11035.5,0,0,0,0,2071,0,0.37390096630005903,2.67450498963806,11035.5,12667.666666666666,-0.19899881312479314,0.8711549088229877,11035.5,11851.583333333332,0.0,1
15,Adenosine monophosphate,C10H14N5O7P,[M+H]+,9.8,11.8,15,0.2,348.0704,348.0678,-7.4,S07373,10.97,10.81,11.02,0.21,482972.0,685039.0,668916.0,543283.0,823875.0,569126.0,132590,31211,178244,67383,319356,102659,0.7794067525240029,1.2830271187177116,612309.0,645428.0,-0.07599627762921489,0.9486867628922203,425721.5,628868.5,1.0,6
16,Adenosine triphosphate,C10H16N5O13P3,[M-H]-,12.5,14.5,15,0.2,505.9885,505.98800000000006,-0.9,S07372,14.02,14.01,14.27,0.26,693843.0,1082941.0,1832475.0,1837310.0,1537934.0,1387639.0,20845,2030,188101,32227,306229,61790,0.34482247711595854,2.9000429680914195,1203086.3333333333,1587627.6666666667,-0.40013243482464084,0.7577887174637713,315611.0,1395357.0,5.0,6
17,Adenylsuccinic acid,C14H18N5O11P,[M-H]-,14.5,16.5,15,0.2,462.0668,462.0672,0.9,S07377,15.75,15.7,15.87,0.17,10000.0,10000.0,10000.0,10000.0,10000.0,10000.0,0,0,0,0,0,0,NA,NA,10000.0,10000.0,0.0,1.0,10000.0,10000.0,0.0,0
18,ADP,C10H15N5O10P2,[M-H]-,11.1,13.1,15,0.2,426.0221,426.0215,-1.5,S07377,12.54,12.44,12.61,0.18,526830.0,731265.0,1076431.0,908056.0,712704.0,574482.0,42121,24985,257624,98414,450406,160110,0.8164417714597403,1.2248270911127814,778175.3333333334,731747.3333333334,0.08874966725851174,1.0634481300922631,526830.0,754961.3333333334,1.0,5
19,Allantoin,C4H6N4O3,[M-H]-,9.3,11.3,15,0.2,157.0367,157.0356,-7.1,S07370,10.31,10.11,10.41,0.3,10000.0,10000.0,10816.0,10000.0,10000.0,10000.0,0,0,0,0,0,0,0.373900966300059,2.67450498963806,10272.0,10000.0,0.038717107572853585,1.0272,10000.0,10136.0,0.0,1
20,Aminoadipic acid,C6H11NO4,[M-H]-,5.9,7.9,15,0.2,160.0615,160.0603,-7.7,S07377,6.92,6.77,7.08,0.31,1173831.0,1305643.0,1393893.0,957402.0,768547.0,797128.0,1763,1859,4351,2345,2424,1782,0.006594105858708954,151.65058332803105,1291122.3333333333,841025.6666666666,0.6184039670560904,1.5351758983178079,17262.0,1066074.0,248.0,6
21,Argininosuccinic acid,C10H18N4O6,[M-H]-,12.5,14.5,15,0.2,289.1154,289.1144,-3.3,S07367,13.83,13.69,14.02,0.33,12267.0,12267.0,12267.0,12267.0,12267.0,12267.0,1540,0,1832,0,1162,0,NA,NA,12267.0,12267.0,0.0,1.0,12267.0,12267.0,0.0,0
22,Beta-Alanine,C3H7NO2,[M+H]+,9.8,10.5,15,0.2,90.055,90.0553,3.8,S07377,10.48,10.24,10.49,0.25,236384.0,198939.0,274170.0,225131.0,267484.0,236540.0,39023,27089,90703,46847,74594,58506,0.8071515188766843,1.2389247577601088,236497.66666666666,243051.66666666666,-0.03943707736795256,0.9730345399812111,178381.0,239774.66666666666,0.0,6
23,Betaine,C5H11NO2,[M+H]+,7.0,8.2,15,0.2,118.0863,118.0861,-1.3,S07376,8.04,8.0,8.1,0.1,4489595.0,4825078.0,4824246.0,4718820.0,4132714.0,4073310.0,383751,385142,413825,385400,437101,433375,0.15921838561189494,6.280681694873884,4712973.0,4308281.333333333,0.12952495456516316,1.0939334354828578,1229297.0,4510627.166666666,31.0,6
24,Butyrylcarnitine,C11H21NO4,[M+H]+,4.2,6.2,15,0.2,232.1543,232.1536,-3.2,S07377,5.86,5.65,5.97,0.31,2409055.0,2814084.0,3011974.0,1826202.0,1352688.0,1480312.0,3318,2851,5701,2450,2885,5608,0.006285055747150241,159.10757839394157,2745037.6666666665,1553067.3333333333,0.8217055664219308,1.7674943048187222,21406.5,2149052.5,604.0,6
25,Carbamoyl phosphate,CH4NO5P,[M-H]-,27.0,30.0,15,0.2,139.9754,139.9742,-8.8,S07377,27.87,27.84,28.12,0.28,8242906.0,8334318.0,8563056.0,8476653.0,7960298.0,8351284.0,632114,32535,1166884,41117,952212,28699,0.5548717375364391,1.8022183008272767,8380093.333333333,8262745.0,0.02034516719710374,1.0142021003108934,1436780.5,8321419.166666666,15.0,6
26,Carnosine,C9H14N4O3,[M+H]+,10.6,12.6,15,0.2,227.1139,227.1108,-13.5,S07375,10.67,10.67,10.67,0.0,10000.0,10000.0,10000.0,10000.0,10000.0,10000.0,0,0,0,0,0,0,NA,NA,10000.0,10000.0,0.0,1.0,10000.0,10000.0,0.0,0
27,CDP,C9H15N3O11P2,[M+H]+,13.0,15.0,15,0.2,404.0255,404.0258,0.8,S07377,14.44,14.34,14.66,0.32,31651.5,31651.5,31651.5,31651.5,31651.5,31651.5,2528,1427,11957,5467,14305,7619,NA,NA,31651.5,31651.5,0.0,1.0,31651.5,31651.5,0.0,0
28,Choline,C5H14NO,[Cat]+,11.0,15.0,15,0.2,104.10700000000001,104.1071,1.1,S07376,11.01,11.0,11.15,0.15,2276984.0,2875430.0,2604378.0,1610363.0,1142117.0,1749697.0,84213,19853,105521,17292,320653,15686,0.012661747792981364,78.9780381310642,2585597.3333333335,1500725.6666666667,0.784837339521897,1.722898055762801,291609.0,2043161.5,278.0,6
29,cis-Aconitic acid,C6H6O6,[M-H]-,14.1,16.1,15,0.2,173.0092,173.0081,-6.1,S07377,15.25,15.12,15.28,0.16,2551038.0,3516876.0,4647682.0,3227532.0,2875767.0,2384757.0,101856,32712,493736,87525,777404,103227,0.3191983385718827,3.1328483865989876,3571865.3333333335,2829352.0,0.3362060151632638,1.2624322930951446,808230.0,3200608.666666667,13.0,6
30,Citric acid,C6H8O7,[M-H]-,14.2,16.2,15,0.2,191.0197,191.0188,-4.9,S07377,15.51,15.47,15.58,0.11,6483171.0,8857884.0,13614272.0,10219116.0,8156070.0,7031892.0,1971576,958014,1945152,776307,2055455,717657,0.6334528787844915,1.578649388915655,9651775.666666666,8469026.0,0.18859832520956832,1.1396559258014636,4222080.5,9060400.833333332,16.0,6
31,Citrulline,C6H13N3O3,[M+H]+,10.9,12.9,15,0.2,176.10299999999998,176.1026,-2.1,S07377,12.31,12.21,12.36,0.15,138369.0,138369.0,2219632.0,209622.0,252183.0,218097.0,26245,27566,37109,27048,113805,24965,0.4321226963932633,2.3141575491094475,832123.3333333334,226634.0,1.8764330607172246,3.6716615041579526,138369.0,529378.6666666667,4.0,4
32,Creatine,C4H9N3O2,[M+H]+,10.0,11.5,15,0.2,132.0768,132.0764,-2.7,S07376,11.12,11.02,11.12,0.1,505485984.0,569474752.0,568118976.0,475977472.0,436667424.0,420509664.0,7687539,143192,14419734,695502,22296378,879882,0.018167790730851875,55.042465801955586,547693237.3333334,444384853.3333333,0.30155842281026624,1.2324750342525927,23071113.5,496039045.3333334,33651.0,6
33,Creatinine,C4H7N3O,[M+H]+,5.2,7.2,15,0.2,114.0662,114.0661,-0.8,S07377,6.7,6.59,6.72,0.12,5055950.0,7109996.0,7234703.0,4621546.0,3659462.0,3592939.0,83253,39894,289210,82828,461983,125217,0.03247045047395558,30.797232111149675,6466883.0,3957982.3333333335,0.7083053362730369,1.633883745649193,551192.5,5212432.666666667,262.0,6
34,Cyclic AMP,C10H12N5O6P,[M-H]-,5.8,7.8,15,0.2,328.0452,328.0435,-5.3,S07372,6.95,6.81,7.01,0.2,19952.0,24411.0,25621.0,29634.0,27878.0,20443.0,0,0,0,1494,2096,2269,0.4661859364616694,2.145066853775032,23328.0,25985.0,-0.1556164342283278,0.897748701173754,12929.5,24656.5,0.0,6
35,Cytidine,C9H13N3O5,[M+H]+,7.1,9.1,15,0.2,244.0928,244.0928,0.0,S07377,8.56,8.42,8.74,0.32,76044.0,92407.0,95930.0,33427.0,35297.0,32547.0,13337,4179,2117,3018,3077,3107,0.0009207386536087324,1086.0845214661203,88127.0,33757.0,1.3843973972673091,2.6106289065971504,24417.5,60942.0,173.0,6
36,Cytidine monophosphate,C9H14N3O8P,[M+H]+,11.8,13.8,15,0.2,324.0591,324.0568,-7.2,S07377,12.55,12.49,12.58,0.09,57199.0,71906.0,87406.0,66074.0,53698.0,63116.0,2421,0,3386,0,4464,0,0.3028394452440844,3.302079751183053,72170.33333333333,60962.666666666664,0.24347990668868938,1.1838447574471807,15135.5,66566.5,0.0,6
37,Cytidine triphosphate,C9H16N3O14P3,[M-H]-,15.0,20.0,15,0.2,481.9772,481.9758,-3.0,S07377,16.01,16.01,16.26,0.25,19410.5,25898.0,45674.0,40793.0,25825.0,24262.0,0,0,6347,0,10475,1999,0.9973011492325802,1.0027061542739588,30327.5,30293.333333333332,0.0016262424342479485,1.001127860915493,19410.5,30310.416666666664,0.0,5
38,Cytosine,C4H5N3O,[M+H]+,9.0,11.0,15,0.2,112.0505,112.0506,0.5,S07372,9.46,9.3,9.69,0.39,63704.0,63704.0,63704.0,63704.0,63704.0,63704.0,15031,20593,21890,12642,21568,15684,NA,NA,63704.0,63704.0,0.0,1.0,63704.0,63704.0,0.0,0
39,D-2-Hydroxyglutaric acid,C5H8O5,[M-H]-,11.6,13.6,15,0.2,147.0299,147.0287,-8.2,S07375,12.49,12.39,12.51,0.12,11284824.0,10853773.0,10390342.0,5961808.0,5950060.0,6092754.0,120866,31243,146370,26647,440326,31345,5.0689998153648306e-05,19727.757672605618,10842979.666666666,6001540.666666667,0.8533564555750119,1.8066993575316381,408398.5,8422260.166666666,300187.0,6
40,D-Glucose,C6H12O6,[M-H]-,9.0,11.0,15,0.2,179.0561,179.055,-6.2,S07371,11.02,10.79,11.03,0.24,1922864.0,2256011.0,2971726.0,2492313.0,2135621.0,1957747.0,80552,14368,70116,13938,150197,13168,0.6162267495919614,1.6227792783454411,2383533.6666666665,2195227.0,0.11873187213486742,1.08578004309653,181169.5,2289380.333333333,4.0,6
41,D-Glyceraldehyde 3-phosphate,C3H7O6P,[M-H]-,13.0,14.0,15,0.2,168.9908,168.9898,-5.6,S07377,13.46,13.36,13.5,0.14,310232.0,379480.0,553096.0,392539.0,312391.0,297396.0,22965,5762,87834,30998,145307,32583,0.36238672600443605,2.7594829728607633,414269.3333333333,334108.6666666667,0.3102516212652224,1.2399239369227175,172724.5,374189.0,1.0,6
42,Dihydrofolic acid,C19H21N7O6,[M+H]+,13.0,16.0,15,0.2,444.1626,444.162,-1.4,S07371,14.95,14.75,15.2,0.45,10000.0,10000.0,10000.0,10000.0,10000.0,10000.0,0,0,0,0,0,0,NA,NA,10000.0,10000.0,0.0,1.0,10000.0,10000.0,0.0,0
43,Dihydroxyacetone phosphate,C3H7O6P,[M-H]-,12.0,13.0,15,0.2,168.9908,168.9897,-6.2,S07377,12.56,12.49,12.56,0.07,1791602.0,2494593.0,2730365.0,1914191.0,1652498.0,1600218.0,26406,2347,96241,9628,144349,14093,0.10754384921548585,9.298532712887166,2338853.3333333335,1722302.3333333333,0.4414629788914617,1.3579807029621398,156532.0,2030577.8333333335,26.0,6
44,D-Ribose 5-phosphate,C5H11O8P,[M-H]-,12.4,13.8,15,0.2,229.0119,229.0111,-3.4,S07377,12.88,12.72,12.95,0.23,212883.0,291000.0,344837.0,234026.0,192348.0,158084.0,8960,0,25078,6862,31708,7063,0.11677531504479291,8.56345366840944,282906.6666666667,194819.33333333334,0.5381893204943117,1.4521488284872481,49835.5,238863.0,3.0,6
45,D-Sedoheptulose 7-phosphate,C7H15O10P,[M-H]-,12.2,14.2,15,0.2,289.033,289.0322,-2.8,S07372,13.49,13.34,13.52,0.19,155211.0,233039.0,219087.0,235320.0,202761.0,163631.0,14699,2313,32436,8124,29695,8868,0.955639916097873,1.046419245528442,202445.66666666666,200570.66666666666,0.013424134433908629,1.0093483261095009,58067.5,201508.16666666666,0.0,6
46,dTDP,C10H16N2O11P2,[M-H]-,11.0,13.0,15,0.2,401.0157,401.0153,-0.9,S07372,12.03,11.91,12.27,0.36,14491.5,14491.5,14491.5,14491.5,14491.5,14491.5,0,0,3171,1890,2636,1286,NA,NA,14491.5,14491.5,0.0,1.0,14491.5,14491.5,0.0,0
47,FAD,C27H33N9O15P2,[M+H]+,7.6,9.6,15,0.2,786.1644,786.1618,-3.3,S07376,8.94,8.74,9.03,0.28,21966.0,33863.0,31756.0,24386.0,28765.0,19786.0,0,0,0,0,2140,0,0.337916170429276,2.9593138402629195,29195.0,24312.333333333332,0.26403295100576174,1.2008308540247064,11070.0,26753.666666666664,0.0,6
48,Folic acid,C19H19N7O6,[M+H]+,13.0,16.0,15,0.2,442.147,442.1427,-9.6,S07377,14.15,14.1,14.19,0.09,14529.0,20255.0,32408.0,16898.0,13863.0,13351.5,1468,0,0,0,5235,0,0.22639131989679892,4.417130482104405,22397.333333333332,14704.166666666666,0.6071019483654158,1.5231963729101727,13351.5,18550.75,0.0,5
49,"Fructose 1,6-bisphosphate",C6H14O12P2,[M-H]-,14.1,16.1,15,0.2,338.9888,338.98800000000006,-2.3,S07377,15.88,15.65,16.09,0.44,107896.0,164016.0,342331.0,217003.0,180852.0,175750.0,9799,1243,42512,2408,71315,10921,0.859650985318311,1.1632627858033813,204747.66666666666,191201.66666666666,0.09875191174603246,1.0708466627731628,79099.0,197974.66666666666,0.0,6
50,Fructose 6-phosphate,C6H13O9P,[M-H]-,12.6,13.5,15,0.2,259.0224,259.0219,-2.1,S07377,13.11,13.03,13.15,0.11,823360.0,1114590.0,1321259.0,1204017.0,993032.0,983303.0,56547,14914,150921,31135,173843,35610,0.8785064189789338,1.1382956099083206,1086403.0,1060117.3333333333,0.0353354180717475,1.024795054132373,241485.0,1073260.1666666665,1.0,6
51,Fumaric acid,C4H4O4,[M-H]-,12.2,14.2,15,0.2,115.0037,115.0023,-12.0,S07372,13.29,13.22,13.32,0.1,5179850.0,6072126.0,6601622.0,6962908.0,5884811.0,6007429.0,221901,52502,409013,62272,415041,54157,0.5677360066196443,1.7613820302751235,5951199.333333333,6285049.333333333,-0.07874362768290061,0.946881880746839,617443.0,6118124.333333333,11.0,6
52,Glucose 6-phosphate,C6H13O9P,[M-H]-,13.6,14.4,15,0.2,259.0224,259.022,-1.7,S07372,14.02,13.93,14.05,0.12,1073545.0,1207325.0,1430320.0,1638432.0,1391871.0,1312582.0,210873,61960,281482,55783,287176,55669,0.21491986825285275,4.652896952381816,1237063.3333333333,1447628.3333333333,-0.22677188671165957,0.8545448474919322,486471.5,1342345.8333333333,7.0,6
53,Glutathione,C10H17N3O6S,[M+H]+,10.0,13.0,15,0.2,308.0911,308.0898,-4.2,S07376,11.49,11.42,11.56,0.14,72834608.0,88092040.0,84400256.0,25024554.0,18519450.0,25262016.0,78501,25380,255689,111139,742720,317138,0.0003221029327897655,3104.597624550949,81775634.66666667,22935340.0,1.8340987567131692,3.5654860432270317,775283.5,52355487.333333336,579544.0,6
54,Glycerol 3-phosphate,C3H9O6P,[M-H]-,11.5,13.0,15,0.2,171.0064,171.0053,-6.4,S07377,12.16,12.08,12.2,0.12,7610448.0,9646653.0,10459811.0,9144658.0,7968400.0,7068286.0,218336,40578,1100034,155288,1346744,166631,0.3200410254361201,3.1245994123325262,9238970.666666666,8060448.0,0.19687210085186185,1.1462105662944126,1523805.5,8649709.333333332,31.0,6
55,Glycine,C2H5NO2,[M+H]+,10.7,12.7,15,0.2,76.0393,76.0398,6.5,S07375,12.06,11.99,12.09,0.1,31660872.0,31170146.0,30589832.0,29594324.0,26035242.0,26836738.0,9367796,7818770,9372741,7572957,9764687,8114470,0.031198013905436535,32.05332246568879,31140283.333333332,27488768.0,0.1799398218452447,1.1328366310681268,26015710.5,29314525.666666664,1064.0,6
56,Guanidoacetic acid,C3H7N3O2,[M+H]+,10.7,12.7,15,0.2,118.0611,118.061,-0.9,S07377,12.15,12.07,12.15,0.08,250638256.0,242718336.0,252117056.0,197365328.0,166207856.0,188081792.0,5086456,8271,10885688,27557,18569598,31927,0.002625312323697784,380.9070604565204,248491216.0,183884992.0,0.4343911171514022,1.3513403856253805,17314748.5,216188104.0,111280.0,6
57,Guanine,C5H5N5O,[M+H]+,7.7,9.7,15,0.2,152.0567,152.0565,-1.2,S07369,8.83,8.76,9.04,0.28,43937.0,60648.0,57032.0,50461.0,36596.0,30493.0,12236,8173,3153,5874,7845,3705,0.13237916248979043,7.5540589711551,53872.333333333336,39183.333333333336,0.45930441977793157,1.3748787749893663,30493.0,46527.833333333336,0.0,5
58,Guanosine,C10H13N5O5,[M+H]+,7.7,9.7,15,0.2,284.0989,284.0986,-1.2,S07377,9.13,8.88,9.26,0.37,35486.0,52039.0,77578.0,18924.0,18163.5,18163.5,11705,2703,0,0,0,1919,0.040327304146822,24.797095197815377,55034.333333333336,18417.0,1.579293853436251,2.9882355070496462,18163.5,36725.66666666667,3.0,4
59,Guanosine diphosphate,C10H15N5O11P2,[M-H]-,13.8,15.8,15,0.2,442.0171,442.0167,-0.8,S07377,15.44,15.28,15.52,0.24,27276.5,27276.5,30146.0,27276.5,27276.5,27276.5,1661,1230,8327,2244,15356,5735,0.373900966300059,2.67450498963806,28233.0,27276.5,0.049723899753768425,1.0350668157571536,27276.5,27754.75,0.0,1
60,Guanosine monophosphate,C10H14N5O8P,[M+H]+,12.6,14.6,15,0.2,364.0653,364.06300000000005,-6.3,SQ437_B_0,13.81,13.78,13.93,0.14,70849.0,70849.0,70849.0,70849.0,70849.0,70849.0,71888,24110,8437,7448,7137,2678,NA,NA,70849.0,70849.0,0.0,1.0,70849.0,70849.0,0.0,0
61,Guanosine triphosphate,C10H16N5O14P3,[M-H]-,15.0,17.0,15,0.2,521.9834,521.9832,-0.4,S07377,16.99,16.91,16.99,0.08,10000.0,10000.0,10130.0,10000.0,10000.0,10000.0,0,0,0,0,0,0,0.3739009663000528,2.6745049896381046,10043.333333333334,10000.0,0.0062381722112198786,1.0043333333333333,10000.0,10021.666666666668,0.0,1
62,Homocysteine,C4H9NO2S,[M-H]-,7.3,9.3,15,0.2,134.0281,134.0299,13.2,S07377,7.31,7.26,7.5,0.24,13124.5,13124.5,27179.0,21242.0,21548.0,13124.5,1432,0,1800,1538,0,1479,0.8862075832235581,1.1284037949241248,17809.333333333332,18638.166666666668,-0.065626444796671,0.9555303186114513,13124.5,18223.75,0.0,3
63,Hypotaurine,C2H7NO2S,[M+H]+,10.0,12.0,15,0.2,110.027,110.027,-0.2,S07376,11.44,11.28,11.45,0.18,4562842.0,5235412.0,5045578.0,2636384.0,2429232.0,2362514.0,29289,0,43388,0,44811,0,0.00033578267531194245,2978.116721093484,4947944.0,2476043.3333333335,0.9987926087895839,1.9983269005792843,68744.0,3711993.666666667,22091.0,6
64,Hypoxanthine,C5H4N4O,[M+H]+,5.8,7.8,15,0.2,137.0458,137.0455,-2.1,S07377,7.77,7.54,7.77,0.23,60693.0,92613.0,178694.0,43816.0,57253.0,30169.0,3061,2247,2518,2414,2860,1864,0.13736242841445234,7.280011073936334,110666.66666666667,43746.0,1.3389977283702794,2.5297551014187967,17482.0,77206.33333333334,1.0,6
65,Inosine,C10H12N4O5,[M+H]+,6.4,8.4,15,0.2,269.08799999999997,269.0862,-6.9,S07370,7.84,7.64,7.97,0.33,55767.0,67328.0,88039.0,22853.0,23764.0,23228.0,0,0,0,0,0,0,0.007559700588367814,132.2803712013026,70378.0,23281.666666666668,1.5959301759269346,3.0228935500035794,10000.0,46829.833333333336,19.0,6
66,Inosinic acid,C10H13N4O8P,[M+H]+,11.4,13.4,15,0.2,349.0544,349.0515,-8.3,S07370,12.62,12.59,12.8,0.21,10999.0,10999.0,10999.0,10999.0,10999.0,10999.0,0,0,1998,0,0,0,NA,NA,10999.0,10999.0,0.0,1.0,10999.0,10999.0,0.0,0
67,L-Acetylcarnitine,C9H17NO4,[M+H]+,6.3,8.3,15,0.2,204.123,204.1224,-3.1,S07377,7.79,7.56,7.92,0.36,4813509.0,5125000.0,5831314.0,2663893.0,1919473.0,2235348.0,16322,15263,10794,10643,11906,10072,0.001289508217303244,775.4894358806847,5256607.666666667,2272904.6666666665,1.2095948877215985,2.312726857293032,47500.0,3764756.166666667,6752.0,6
68,L-Alanine,C3H7NO2,[M+H]+,10.6,11.2,15,0.2,90.055,90.0552,2.7,S07372,11.19,11.09,11.2,0.11,171055392.0,160021264.0,175485456.0,389069248.0,350296384.0,357618624.0,12573427,165430,20016368,252924,8759799,239814,0.00010282856585959117,9724.92411656762,168854037.33333334,365661418.6666667,-1.1147317395081429,0.46177701204856675,21013881.0,267257728.0,5628390.0,6
69,L-Arginine,C6H14N4O2,[M+H]+,18.5,21.0,15,0.2,175.11900000000003,175.1185,-2.6,S07377,20.39,20.32,20.55,0.23,21118804.0,22068992.0,27352140.0,23442052.0,22575298.0,22550128.0,10102375,2756652,9274954,2318849,10815290,2617241,0.7542546120023944,1.3258122444159817,23513312.0,22855826.0,0.040915807824506246,1.028766669819765,18952680.5,23184569.0,32.0,6
70,L-Asparagine,C4H8N2O3,[M+H]+,10.3,12.3,15,0.2,133.0608,133.0605,-2.0,S07372,11.68,11.55,11.73,0.19,341851.0,409216.0,430587.0,4237354.0,3482126.0,3291100.0,46191,3074,113624,6053,27711,5342,0.00035042484214021564,2853.6789626343602,393884.6666666667,3670193.3333333335,-3.2200109001249775,0.10731986870809712,110997.5,2032039.0,54033.0,6
71,L-Aspartic acid,C4H7NO4,[M-H]-,10.8,12.8,15,0.2,132.0302,132.0289,-10.1,S07368,12.04,11.89,12.04,0.15,16921226.0,16049938.0,16952522.0,32607638.0,29468054.0,31588108.0,2050897,58553,2155555,48794,1441148,30860,0.00011454935825798735,8729.861216226163,16641228.666666666,31221266.666666668,-0.9077671140932743,0.5330094017112267,2902903.5,23931247.666666668,391956.0,6
72,L-Carnitine,C7H16NO3,[Cat]+,8.3,10.3,15,0.2,162.1125,162.1119,-3.5,S07377,9.85,9.81,9.94,0.13,6762066.0,7732668.0,8292106.0,4300740.0,3418680.0,3513230.0,18933,10879,19847,12473,29672,9162,0.0018673834527150098,535.5086543934449,7595613.333333333,3744216.6666666665,1.0205025428901235,2.0286254801849966,60483.0,5669915.0,6159.0,6
73,L-Cystathionine,C7H14N2O4S,[M+H]+,12.2,14.2,15,0.2,223.0747,223.074,-3.2,S07372,13.54,13.48,13.58,0.1,313716.0,345737.0,569491.0,2507367.0,1892499.0,1914338.0,27810,2958,74298,9223,25808,6098,0.0014466372393329527,691.2583008447245,409648.0,2104734.6666666665,-2.3611816950631552,0.19463165903413956,83097.5,1257191.3333333333,4465.0,6
74,L-Cysteine,C3H7NO2S,[M+H]+,13.0,17.0,15,0.2,122.027,122.0272,1.4,S07377,13.93,13.68,14.15,0.47,12307.0,12307.0,12307.0,12307.0,12307.0,12307.0,0,0,1637,1488,1489,0,NA,NA,12307.0,12307.0,0.0,1.0,12307.0,12307.0,0.0,0
75,L-Cystine,C6H12N2O4S2,[M-H]-,11.7,13.7,15,0.2,239.0166,239.0155,-4.5,S07369,12.87,12.76,12.96,0.2,12258.0,12258.0,12258.0,12258.0,12258.0,12258.0,2179,1333,1004,0,0,0,NA,NA,12258.0,12258.0,0.0,1.0,12258.0,12258.0,0.0,0
76,L-Glutamic acid,C5H9NO4,[M+H]+,10.0,13.0,15,0.2,148.0604,148.06,-2.9,S07372,11.76,11.63,11.76,0.13,206534608.0,238447920.0,235452352.0,363826400.0,344263936.0,330420672.0,24334398,515793,28711926,911899,20163582,702864,0.001053203806079722,949.4838456027239,226811626.66666666,346170336.0,-0.6099875060474262,0.6552023760541592,37680231.0,286490981.3333333,415167.0,6
77,L-Glutamine,C5H10N2O3,[M+H]+,10.1,12.1,15,0.2,147.0764,147.0759,-3.5,S07372,11.52,11.39,11.53,0.13,478204192.0,488798880.0,525671616.0,835338304.0,774815360.0,803488832.0,66526572,362584,65308548,681199,33077860,468432,0.00017116888107427698,5842.183425654692,497558229.3333333,804547498.6666666,-0.6933122225097237,0.6184323861026352,83222597.5,651052864.0,6150341.0,6
78,L-Histidine,C6H9N3O2,[M+H]+,9.9,11.9,15,0.2,156.0768,156.0763,-2.9,S07368,11.09,10.89,11.23,0.33,18971692.0,20938256.0,28800668.0,49552484.0,50148708.0,49502980.0,5855880,161179,7290897,198567,6363190,178183,0.0008753945118852325,1142.342094247792,22903538.666666668,49734724.0,-1.1186829541741505,0.4605140397816758,10033948.0,36319131.333333336,90093.0,6
79,L-Isoleucine,C6H13NO2,[M+H]+,6.0,7.5,15,0.2,132.1019,132.1016,-2.3,S07372,7.44,7.34,7.45,0.11,72785896.0,86594416.0,118888128.0,136682304.0,119806728.0,107783200.0,710669,59987,785074,72298,667359,67452,0.1481673658741051,6.7491245059298715,92756146.66666667,121424077.33333333,-0.3885397307684273,0.7639024211980012,1191419.5,107090112.0,946.0,6
80,L-Kynurenine,C10H12N2O3,[M+H]+,6.0,8.0,15,0.2,209.0921,209.092,-0.3,S07373,7.57,7.35,7.78,0.43,32277.0,47025.0,45297.0,71030.0,90183.0,86948.0,3045,2862,0,0,2742,0,0.005435879793820152,183.96286119808286,41533.0,82720.33333333333,-0.993983915339386,0.5020893694013161,14324.5,62126.666666666664,23.0,6
81,L-Lactic acid,C3H6O3,[M-H]-,6.2,8.2,15,0.2,89.0244,89.0231,-14.8,S07377,7.14,7.01,7.38,0.38,316057504.0,236070208.0,395542144.0,173016112.0,295789664.0,165660720.0,1659393,1391950,1936330,1446236,2208754,1492008,0.16990978931591186,5.885476075429111,315889952.0,211488832.0,0.5788405662046586,1.4936483832867355,5077335.5,263689392.0,2318.0,6
82,L-Leucine,C6H13NO2,[M+H]+,7.5,9.0,15,0.2,132.1019,132.1016,-2.3,S07372,8.0,7.9,8.02,0.13,172246336.0,195013904.0,238851616.0,305454080.0,265219440.0,262362464.0,1125797,80604,1358586,100706,1189948,100401,0.03441784255568379,29.054697382095476,202037285.33333334,277678661.3333333,-0.458794752885981,0.7275938466542882,1988021.0,239857973.3333333,9578.0,6
83,L-Lysine,C6H14N2O2,[M+H]+,18.0,20.0,15,0.2,147.1128,147.1124,-2.7,S07377,19.34,19.3,19.46,0.15,15386250.0,16705621.0,22644988.0,21231570.0,19511376.0,18761220.0,3190135,590053,4491736,610717,5004466,628951,0.5358422327100782,1.8662209489207209,18245619.666666668,19834722.0,-0.12047802779347233,0.9198828028276206,7268029.0,19040170.833333336,39.0,6
84,L-Malic acid,C4H6O5,[M-H]-,12.2,14.2,15,0.2,133.0142,133.0129,-10.1,S07372,13.29,13.22,13.31,0.09,92442880.0,106503664.0,116092320.0,122430416.0,110561320.0,112903920.0,12388034,3686052,16458926,4001143,16590238,3810155,0.25604817586087647,3.905515033012182,105012954.66666667,115298552.0,-0.13480708130825692,0.9107916174581852,28477274.0,110155753.33333334,472.0,6
85,L-Methionine,C5H11NO2S,[M+H]+,6.8,8.8,15,0.2,150.0583,150.058,-2.2,S07372,8.2,8.11,8.23,0.12,58831972.0,68457600.0,83741976.0,148775168.0,124160240.0,121812888.0,348408,3700,374887,9436,230527,10014,0.00556106665790708,179.82161723922803,70343849.33333333,131582765.33333333,-0.90347434880594,0.5345977427601106,498486.0,100963307.33333333,33961.0,6
86,L-Phenylalanine,C9H11NO2,[M+H]+,5.6,7.6,15,0.2,166.0863,166.0857,-3.3,S07372,7.01,6.93,7.07,0.14,108729296.0,128312280.0,155710832.0,197257680.0,181240448.0,179100800.0,180917,19836,253574,20417,263594,22892,0.020515586862835312,48.74342648279461,130917469.33333333,185866309.33333334,-0.5056076667478324,0.7043636353619388,390615.0,158391889.33333334,10961.0,6
87,L-Proline,C5H9NO2,[M+H]+,7.9,9.9,15,0.2,116.0706,116.0705,-0.9,S07377,9.37,9.29,9.42,0.12,908398592.0,1009704512.0,1013778688.0,984932864.0,951235840.0,900499456.0,5993912,861220,20363586,557996,24822176,743682,0.494895068154547,2.0206303605509315,977293930.6666666,945556053.3333334,0.0476295471922454,1.033565305009099,26681286.0,961424992.0,2008.0,6
88,L-Serine,C3H7NO3,[M+H]+,10.8,12.8,15,0.2,106.0499,106.0499,0.3,S07372,12.16,12.05,12.18,0.13,12389244.0,12678024.0,14598318.0,18979634.0,16636344.0,17620638.0,1048373,34931,1027462,39067,809711,41699,0.009585021394730605,104.32944892014045,13221862.0,17745538.666666668,-0.42453100604422184,0.7450809044662042,1510621.5,15483700.333333334,2168.0,6
89,L-Threonine,C4H9NO3,[M-H]-,9.5,11.5,15,0.2,118.051,118.0496,-11.6,S07372,10.96,10.81,10.99,0.17,11941145.0,11522207.0,11926950.0,32047378.0,27492600.0,27346590.0,1628055,21283,1965762,34862,1071751,21403,0.00037741298075837017,2649.617397871714,11796767.333333334,28962189.333333332,-1.295779091713742,0.40731614580518366,2381558.0,20379478.333333332,132570.0,6
90,L-Tryptophan,C11H12N2O2,[M+H]+,6.8,8.8,15,0.2,205.0972,205.0965,-3.2,S07372,8.25,8.14,8.4,0.26,12913110.0,15109340.0,19527720.0,24717976.0,20648472.0,19930736.0,28308,3181,31088,3515,33000,2328,0.07323439810335171,13.654785536555575,15850056.666666666,21765728.0,-0.4575702766105153,0.7282116484533238,60710.0,18807892.333333332,353.0,6
91,L-Tyrosine,C9H11NO3,[M+H]+,8.2,10.2,15,0.2,182.0812,182.0807,-2.6,S07368,9.61,9.44,9.62,0.18,30703378.0,34126464.0,41386860.0,57168860.0,49665884.0,50089820.0,399216,6595,584645,6569,468180,8353,0.013192938868238436,75.79812276758645,35405567.333333336,52308188.0,-0.5630605605891801,0.6768647259074112,746779.0,43856877.66666667,4911.0,6
92,L-Valine,C5H11NO2,[M+H]+,8.3,9.2,15,0.2,118.0863,118.0862,-0.5,S07372,9.11,9.02,9.15,0.13,122912560.0,133112544.0,159471696.0,200014288.0,182021104.0,176544096.0,1360599,88297,1661692,98481,1553454,106888,0.02139146376069399,46.747619105779116,138498933.33333334,186193162.66666666,-0.42692523040198643,0.7438454310015767,2444705.5,162346048.0,10203.0,6
93,N6-Acetyl-L-lysine,C8H16N2O3,[M+H]+,1.9,3.9,15,0.2,189.1234,189.1214,-10.4,S07368,3.21,3.15,3.23,0.09,772773.0,390792.0,517586.0,664946.0,2164901.0,728445.0,110938,113421,110284,119871,131434,136152,0.2809902458687869,3.5588423964971607,560383.6666666666,1186097.3333333333,-1.081735593258086,0.47246010164427205,371050.0,873240.5,7.0,6
94,N-Acetylglutamic acid,C7H11NO5,[M+H]+,10.3,12.3,15,0.2,190.071,190.0704,-3.2,S07374,11.73,11.56,11.85,0.29,417142.0,240276.0,278064.0,460952.0,568663.0,782312.0,71077,9551,146248,10547,43498,6401,0.05475143852637828,18.264360296546684,311827.3333333333,603975.6666666666,-0.9537430330455307,0.5162912192378611,153661.0,457901.5,16.0,6
95,N-Acetylglutamine,C7H12N2O4,[M-H]-,6.8,8.8,15,0.2,187.0724,187.0713,-6.0,S07372,8.03,7.86,8.08,0.22,130938.0,184768.0,164710.0,368879.0,296457.0,249674.0,0,0,0,0,1115,1108,0.019013492553568906,52.594229975507375,160138.66666666666,305003.3333333333,-0.9295033104328346,0.5250390706112501,11111.5,232571.0,23.0,6
96,N-Acetyl-L-alanine,C5H9NO3,[M+H]+,6.0,7.0,15,0.2,132.0655,132.0652,-2.4,S07377,6.5,6.3,6.74,0.44,5521002.0,6415137.0,6683578.0,6484732.0,5512306.0,5513290.0,18990,12468,15557,12736,14263,12436,0.48231365591098113,2.0733395949804216,6206572.333333333,5836776.0,0.08862503732231805,1.0633562660847928,53225.0,6021674.166666666,13.0,6
97,N-Acetyl-L-methionine,C7H13NO3S,[M+H]+,3.0,5.0,15,0.2,192.0689,192.0683,-3.1,S07372,4.17,4.1,4.35,0.26,1646464.0,1846171.0,2051593.0,2666913.0,2251381.0,2156003.0,0,0,0,0,1074,0,0.05961730451808719,16.77365335590796,1848076.0,2358099.0,-0.35160020106380074,0.7837143393894828,10537.0,2103087.5,45.0,6
98,N-Acetyl-L-phenylalanine,C11H13NO3,[M+H]+,2.8,4.0,15,0.2,208.0968,208.0963,-2.5,S07372,3.55,3.47,3.57,0.1,108046.0,108046.0,108046.0,151802.0,108046.0,111292.0,25543,32400,45742,26830,25984,39593,0.32804883911579136,3.0483265927578245,108046.0,123713.33333333333,-0.19535533386898918,0.8733577625693809,108046.0,115879.66666666666,0.0,2
99,N-Acetylornithine,C7H14N2O3,[M+H]+,8.6,10.6,15,0.2,175.1077,175.1074,-1.8,S07372,10.06,9.83,10.18,0.34,25996.0,25996.0,25996.0,29440.0,25996.0,27924.0,7504,3934,7094,3537,6488,3435,0.146777559701823,6.813030561561924,25996.0,27786.666666666668,-0.09610312379981427,0.9355566218809981,25996.0,26891.333333333336,0.0,2
100,N-Acetylserine,C5H9NO4,[M-H]-,7.5,8.5,15,0.2,146.0459,146.0447,-8.1,S07377,8.16,8.02,8.31,0.29,18346462.0,20928362.0,21099732.0,19344504.0,15663741.0,15297970.0,7705,6330,9764,4363,16653,4925,0.09925303883642615,10.075258266379619,20124852.0,16768738.333333334,0.2632040278083291,1.2001410958864625,34870.0,18446795.166666668,223.0,6
101,NAD,C21H28N7O14P2,[Cat]+,9.9,11.9,15,0.2,664.1164,664.1161,-0.5,S07377,11.17,10.96,11.17,0.21,1677456.0,1771359.0,2165475.0,2160035.0,1775460.0,1998427.0,56879,0,130929,2804,136260,3015,0.5983635941603521,1.6712246696813837,1871430.0,1977974.0,-0.07988237645087791,0.9461347823581099,174943.5,1924702.0,3.0,6
102,NADH,C21H29N7O14P2,[M-H]-,9.5,11.5,15,0.2,664.1175,664.1166,-1.4,S07377,10.69,10.57,10.75,0.18,256932.0,338639.0,394991.0,307282.0,248640.0,256556.0,5880,0,6190,1361,7893,0,0.2493954196371158,4.009696735629931,330187.3333333333,270826.0,0.28591852852157823,1.2191862425813376,20662.0,300506.6666666666,1.0,6
103,NADP,C21H29N7O17P3,[Cat]+,12.7,14.7,15,0.2,744.0827,744.0787,-5.4,S07377,14.06,13.99,14.23,0.24,39059.5,52854.0,62214.0,47944.0,49320.0,40196.0,5949,2543,14678,2557,23165,9227,0.48900576754620484,2.044965655554385,51375.833333333336,45820.0,0.16511243134135664,1.1212534555507057,39059.5,48597.91666666667,0.0,5
104,NADPH,C21H30N7O17P3,[M-H]-,13.0,15.0,15,0.2,744.0838,744.0817,-2.9,S07372,14.53,14.38,14.58,0.2,51605.0,64955.0,50515.0,75334.0,54288.0,57504.0,1550,1341,2267,0,2410,0,0.45174663824197214,2.213630197430187,55691.666666666664,62375.333333333336,-0.1635141518691551,0.8928476000128255,13784.0,59033.5,0.0,6
105,Niacinamide,C6H6N2O,[M+H]+,3.3,5.3,15,0.2,123.0553,123.055,-2.4,S07377,4.71,4.63,4.72,0.09,68977624.0,74057824.0,95535392.0,78722808.0,69475792.0,70087432.0,920869,424387,2308319,1247729,2797572,1613132,0.47899976411710427,2.0876837003108073,79523613.33333333,72762010.66666667,0.1281979002602544,1.0929276500843625,4666004.0,76142812.0,174.0,6
106,Nicotinic acid,C6H5NO2,[M-H]-,5.5,7.5,15,0.2,122.0248,122.0238,-7.8,SQ437_B_0,6.55,6.31,6.77,0.46,35814.0,35814.0,35814.0,35814.0,35814.0,35814.0,16348,8343,6983,6571,6773,6610,NA,NA,35814.0,35814.0,0.0,1.0,35814.0,35814.0,0.0,0
107,O-Phosphoethanolamine,C2H8NO4P,[M+H]+,11.4,13.4,15,0.2,142.0264,142.0264,0.2,S07376,11.89,11.89,12.08,0.18,10000.0,49295.0,10000.0,10000.0,10000.0,10000.0,0,0,0,0,0,0,0.373900966300059,2.67450498963806,23098.333333333332,10000.0,1.207788757334791,2.309833333333333,10000.0,16549.166666666664,0.0,1
108,Ornithine,C5H12N2O2,[M+H]+,17.0,19.0,15,0.2,133.0972,133.0969,-1.9,S07377,17.69,17.61,17.76,0.15,8346386.0,9437711.0,11089386.0,11076539.0,10505005.0,9567334.0,2088713,410728,2630924,425096,2802726,371080,0.45174477795716844,2.2136393131583993,9624494.333333334,10382959.333333334,-0.10943504754145161,0.9269509803852325,4374633.5,10003726.833333334,24.0,6
109,Orotic acid,C5H4N2O4,[M-H]-,6.7,8.7,15,0.2,155.0098,155.0087,-7.3,S07377,7.71,7.58,7.91,0.33,91172.0,106284.0,125221.0,78928.0,92725.0,112978.0,0,1702,1288,1281,0,0,0.4149255569734428,2.4100708746268062,107559.0,94877.0,0.18099794946450154,1.1336678014692707,12135.5,101218.0,0.0,6
110,Orotidylic acid,C10H13N2O11P,[M+H]+,0.0,30.0,15,0.2,369.033,369.0314,-4.3,S07366,7.96,7.96,7.96,0.0,10000.0,10000.0,10000.0,10000.0,10000.0,10000.0,0,0,0,0,0,0,NA,NA,10000.0,10000.0,0.0,1.0,10000.0,10000.0,0.0,0
111,Oxidized glutathione,C20H32N6O12S2,[M+H]+,13.5,15.5,15,0.2,613.1592,613.1575,-2.8,S07369,14.77,14.74,14.83,0.09,2422165.0,4233552.0,4325590.0,3968342.0,3530594.0,2100167.0,59327,21297,171453,72172,399834,170109,0.611710601861139,1.6347599615855675,3660435.6666666665,3199701.0,0.1940782719317966,1.1439930376827918,457096.0,3430068.333333333,6.0,6
112,Oxoadipic acid,C6H8O5,[M-H]-,7.5,9.5,15,0.2,159.0299,159.0289,-6.3,SQ437_B_0,7.54,7.54,7.75,0.21,17371.5,17371.5,17371.5,17371.5,17371.5,17371.5,7155,2100,2445,1309,0,1734,NA,NA,17371.5,17371.5,0.0,1.0,17371.5,17371.5,0.0,0
113,Oxoglutaric acid,C5H6O5,[M-H]-,10.8,14.8,15,0.2,145.0142,145.013,-8.6,S07377,12.86,12.65,12.87,0.22,46812628.0,55266652.0,57191312.0,30562164.0,25000764.0,24725016.0,117273,12636,193222,11538,531539,14242,0.0020859382108020966,479.40058570357866,53090197.333333336,26762648.0,0.9882246350152141,1.98374231628101,450225.0,39926422.66666667,37970.0,6
114,Palmitic acid,C16H32O2,[M-H]-,1.6,3.6,15,0.2,255.233,255.2323,-2.6,S07376,2.85,2.82,2.91,0.09,8641989.0,20015370.0,11993933.0,15465780.0,10604542.0,8111785.0,690596,596810,576132,648189,641113,575955,0.618929258377439,1.615693532765863,13550430.666666666,11394035.666666666,0.2500598773879988,1.1892564726919848,1874397.5,12472233.166666666,24.0,6
115,Pantothenic acid,C9H17NO5,[M+H]+,5.1,7.1,15,0.2,220.118,220.1173,-3.0,S07371,6.21,5.97,6.42,0.45,18408720.0,21262786.0,25429028.0,19367314.0,16886474.0,15413587.0,11008,3132,7082,6076,11004,3115,0.12848207069428516,7.7831871372888735,21700178.0,17222458.333333332,0.3334157890169646,1.2599930613854489,30708.5,19461318.166666664,191.0,6
116,Phenol,C6H6O,[M-H]-,2.1,4.1,15,0.2,93.0346,93.0333,-13.9,SQ437_B_0,3.42,3.39,3.65,0.26,2609088.5,2609088.5,2609088.5,2609088.5,2609088.5,2609088.5,1187998,1000370,763503,742166,767343,736797,NA,NA,2609088.5,2609088.5,0.0,1.0,2609088.5,2609088.5,0.0,0
117,Phosphocreatine,C4H10N3O5P,[M-H]-,11.2,13.2,15,0.2,210.0285,210.0277,-4.0,S07377,12.39,12.35,12.43,0.08,8071146.0,9909884.0,9931316.0,7450242.0,5947386.0,5369032.0,130181,16548,757102,75572,1074766,104537,0.025214648786148767,39.65948558241798,9304115.333333334,6255553.333333333,0.5727314772474348,1.4873369049154193,1089353.0,7779834.333333334,459.0,6
118,Phosphoenolpyruvic acid,C3H5O6P,[M-H]-,13.6,15.6,15,0.2,166.9751,166.97400000000002,-6.6,S07371,14.81,14.81,15.05,0.24,133178.0,285201.0,424212.0,337488.0,361033.0,294813.0,5922,2575,43831,11299,59758,14789,0.5914269137413484,1.6908259951750098,280863.6666666667,331111.3333333333,-0.23744638703717535,0.8482454038621452,79087.0,305987.5,1.0,6
119,Phosphoribosyl pyrophosphate,C5H13O14P3,[M-H]-,15.0,18.0,15,0.2,388.9445,388.9388,-14.8,S07376,15.62,15.62,15.64,0.01,10000.0,10000.0,10000.0,10000.0,10000.0,10000.0,0,0,0,0,0,0,NA,NA,10000.0,10000.0,0.0,1.0,10000.0,10000.0,0.0,0
120,Phosphorylcholine,C5H14NO4P,[M+H]+,10.0,13.0,15,0.2,184.0733,184.0728,-2.8,S07377,11.9,11.84,11.96,0.12,1187464960.0,1288749312.0,1335585920.0,1275959936.0,1228344320.0,1186025984.0,193673248,6522238,216868608,10933922,257509584,13457748,0.47044277508913424,2.125657046833233,1270600064.0,1230110080.0,0.04672257179099147,1.032915740353904,349492674.0,1250355072.0,2745.0,6
121,Phosphoserine,C3H8NO6P,[M+H]+,11.5,13.5,15,0.2,186.0162,186.0162,0.0,S07372,13.45,13.4,13.46,0.05,14298.5,14298.5,14298.5,14298.5,14298.5,14298.5,2212,0,3613,0,1234,1538,NA,NA,14298.5,14298.5,0.0,1.0,14298.5,14298.5,0.0,0
122,Pipecolic acid,C6H11NO2,[M+H]+,7.5,9.5,15,0.2,130.0863,130.0862,-0.4,S07374,8.25,8.0,8.49,0.48,146858.0,146858.0,146858.0,146858.0,146858.0,146858.0,62140,49600,38110,43910,41408,38548,NA,NA,146858.0,146858.0,0.0,1.0,146858.0,146858.0,0.0,0
123,Propionylcarnitine,C10H19NO4,[M+H]+,5.2,7.2,15,0.2,218.1387,218.138,-3.1,S07377,6.7,6.52,6.93,0.42,627837.0,655552.0,680953.0,378509.0,300433.0,246085.0,13877,13731,8938,10107,10217,8000,0.0011131676275913634,898.3372990856445,654780.6666666666,308342.3333333333,1.0864787494199113,2.1235509882414245,42435.0,481561.5,919.0,6
124,Pyruvic acid,C3H4O3,[M-H]-,5.5,7.5,15,0.2,87.0088,87.0075,-14.6,S07377,6.12,5.89,6.12,0.24,4607059.0,224830.0,6288242.0,224830.0,224830.0,224830.0,99527,45448,100784,44454,85124,54323,0.12631659833963071,7.916615972441516,3706710.3333333335,224830.0,4.043232919602605,16.486724784652107,224830.0,1965770.1666666667,257.0,2
125,Ribose 1-phosphate,C5H11O8P,[M-H]-,11.0,12.4,15,0.2,229.0119,229.0112,-3.0,S07377,12.19,12.15,12.29,0.13,19929.0,22060.0,31110.0,21947.0,18444.0,20162.0,0,0,2978,0,9236,1869,0.30686354037690333,3.2587774969022254,24366.333333333332,20184.333333333332,0.2716532324604576,1.2071903951909897,17041.5,22275.333333333332,0.0,6
126,Saccharopine,C11H20N2O6,[M-H]-,11.0,14.0,15,0.2,275.1249,275.1277,10.3,S07374,12.07,11.87,12.15,0.27,11399.0,11399.0,11399.0,11399.0,11399.0,11399.0,1489,0,0,0,0,1309,NA,NA,11399.0,11399.0,0.0,1.0,11399.0,11399.0,0.0,0
127,S-Adenosylhomocysteine,C14H20N6O5S,[M-H]-,8.6,10.6,15,0.2,383.1143,383.1129,-3.7,S07376,10.07,9.95,10.13,0.17,63270.0,68843.0,59261.0,57020.0,43492.0,45948.0,1783,0,4509,0,1992,0,0.04024413556941073,24.848340903614606,63791.333333333336,48820.0,0.3858881381761989,1.3066639355455414,14142.0,56305.66666666667,2.0,6
128,S-Adenosylmethionine,C15H22N6O5S,[M+H]+,10.7,12.7,15,0.2,399.1445,399.1436,-2.3,S07367,12.43,12.36,12.55,0.19,8405008.0,6971153.0,6993604.0,10082234.0,10874488.0,11405082.0,746075,19414,1116119,22121,917881,23666,0.0054842370289638455,182.34076950334386,7456588.333333333,10787268.0,-0.5327419320510286,0.69123974052868,1432638.0,9121928.166666666,2406.0,6
129,Sarcosine,C3H7NO2,[M+H]+,11.2,12.0,15,0.2,90.055,90.0552,2.7,S07372,11.22,11.2,11.24,0.04,169318496.0,172016272.0,186569552.0,358244320.0,300557856.0,353729952.0,8515756,113419,13660977,190919,5661834,167371,0.001110234236949592,900.7108290476932,175968106.66666666,337510709.3333333,-0.9396193087664376,0.5213704389239884,14165138.0,256739408.0,443539.0,6
130,Succinic acid,C4H6O4,[M-H]-,11.3,13.3,15,0.2,117.0193,117.01799999999999,-11.4,S07376,12.48,12.42,12.49,0.08,4392034.0,5202090.0,4890784.0,4746066.0,4306395.0,4137576.0,292283,243417,280941,173409,348675,157831,0.22054124987697185,4.534299141579393,4828302.666666667,4396679.0,0.1351019098812266,1.0981703842074135,758278.0,4612490.833333334,23.0,6
131,Taurine,C2H7NO3S,[M-H]-,10.2,12.2,15,0.2,124.0074,124.006,-11.2,S07372,11.47,11.3,11.52,0.22,24667492.0,27244308.0,27884162.0,35960448.0,30907222.0,31512308.0,91562,2173,75900,1418,166872,1708,0.029682241781369197,33.69017769499052,26598654.0,32793326.0,-0.3020489903798582,0.8110996121588887,179816.5,29695990.0,1233.0,6
132,Thymidine,C10H14N2O5,[M-H]-,3.5,5.5,15,0.2,241.083,241.0835,2.1,S07370,3.51,3.51,3.7,0.2,12456.0,12456.0,12456.0,54587.0,31618.0,12456.0,1755,1876,0,0,0,1281,0.16872948163830462,5.926646548607556,12456.0,32887.0,-1.4006765599047863,0.3787514823486484,12456.0,22671.5,0.0,2
133,Uracil,C4H4N2O2,[M+H]+,5.4,7.4,15,0.2,113.0346,113.0343,-2.3,S07369,6.77,6.56,7.0,0.44,16478.5,16478.5,16478.5,16478.5,16478.5,16478.5,2544,1506,2183,2311,2455,1958,NA,NA,16478.5,16478.5,0.0,1.0,16478.5,16478.5,0.0,0
134,Ureidopropionic acid,C4H8N2O3,[M-H]-,10.4,12.4,15,0.2,131.0462,131.0449,-10.0,S07374,11.65,11.54,11.82,0.28,80993.0,79707.0,149412.0,897391.0,845766.0,897863.0,38495,2523,64270,1916,21145,2315,1.1210497569645494e-05,89202.10666720859,103370.66666666667,880340.0,-3.090233968599589,0.11742129934646463,75332.0,491855.3333333333,373651.0,6
135,Ureidosuccinic acid,C5H8N2O5,[M-H]-,12.8,14.8,15,0.2,175.03599999999997,175.035,-6.0,S07372,13.95,13.87,14.03,0.16,1066633.0,1924227.0,2862772.0,3650861.0,2490635.0,2198833.0,14284,0,24546,1349,22020,0,0.29128882714824544,3.433018731923661,1951210.6666666667,2780109.6666666665,-0.5107722438598882,0.7018466537710923,41099.5,2365660.1666666665,12.0,6
136,Uric acid,C5H4N4O3,[M+H]+,8.8,10.8,15,0.2,169.0356,0.0,0.0,NA,0.0,0.0,0.0,0.0,10000.0,10000.0,10000.0,10000.0,10000.0,10000.0,0,0,0,0,0,0,NA,NA,10000.0,10000.0,0.0,1.0,10000.0,10000.0,0.0,0
137,Uridine,C9H12N2O6,[M-H]-,5.5,7.5,15,0.2,243.0623,243.0613,-4.0,S07366,6.88,6.66,7.1,0.44,23114.0,37644.0,43220.0,26271.0,27337.0,20382.0,2265,1591,2047,1322,1473,1250,0.19174132175489553,5.215359896591868,34659.333333333336,24663.333333333332,0.4908761067023237,1.4052980132450332,14974.0,29661.333333333336,0.0,6
138,Uridine 5'-diphosphate,C9H14N2O12P2,[M+H]+,12.4,14.4,15,0.2,405.0095,405.0071,-5.9,S07376,13.6,13.55,13.83,0.28,66552.0,106802.0,100077.0,86239.0,63356.0,62119.0,2075,0,2180,0,5004,0,0.23457014100141357,4.263117188448865,91143.66666666667,70571.33333333333,0.36906014298726714,1.291511189623738,14629.5,80857.5,0.0,6
139,Uridine 5'-monophosphate,C9H13N2O9P,[M-H]-,11.2,13.2,15,0.2,323.0286,323.0275,-3.4,S07370,12.34,12.28,12.39,0.1,214435.0,237933.0,293629.0,236174.0,178236.0,183603.0,66498,13085,78034,18575,106136,30427,0.174157549609718,5.741927365428435,248665.66666666666,199337.66666666666,0.3189929817280076,1.2474595033887224,166377.5,224001.66666666666,2.0,6
140,Uridine diphosphate glucose,C15H24N2O17P2,[M-H]-,12.4,14.4,15,0.2,565.0478,565.047,-1.3,S07372,13.59,13.47,13.65,0.18,1433267.0,1669762.0,1692870.0,1711551.0,1452924.0,1245430.0,25017,0,30719,0,42827,0,0.4619483885056062,2.164743994962251,1598633.0,1469968.3333333333,0.1210536994222677,1.087528869669528,59281.5,1534300.6666666665,4.0,6
141,Uridine diphosphate-N-acetylglucosamine,C17H27N3O17P2,[M+H]+,11.2,13.2,15,0.2,608.0889,608.0865,-3.9,S07377,12.44,12.37,12.47,0.09,285752.0,367288.0,417198.0,399694.0,349622.0,286587.0,8492,0,11581,0,18553,0,0.8314351988908254,1.2027395536465717,356746.0,345301.0,0.04704274135543651,1.0331449952360405,29313.0,351023.5,0.0,6
142,Uridine triphosphate,C9H15N2O15P3,[M-H]-,15.0,18.0,15,0.2,482.9613,482.9603,-2.0,S07377,15.53,15.51,15.78,0.26,112485.0,178370.0,277988.0,254077.0,193150.0,163566.0,5773,0,31041,5882,63333,14570,0.811818564491078,1.2318023308901433,189614.33333333334,203597.66666666666,-0.10265300287333366,0.9313187937648272,70299.5,196606.0,0.0,6
143,Valerylcarnitine,C12H23NO4,[M+H]+,3.6,5.7,15,0.2,246.17,246.1702,0.9,S07376,5.16,4.91,5.4,0.5,45949.0,52283.0,48919.0,27244.0,20602.0,27373.0,3229,2902,2222,2089,3092,2048,0.0011509212471421401,868.8691797836788,49050.333333333336,25073.0,0.9681283148027765,1.956300934604289,17791.0,37061.66666666667,63.0,6
144,Xanthine,C5H4N4O2,[M-H]-,7.5,9.4,15,0.2,151.0261,151.0251,-6.9,S07367,8.55,8.32,8.8,0.47,15435.5,17987.0,19177.0,15523.0,17620.0,15435.5,1826,1922,1893,1485,1448,2297,0.36554489108895616,2.735642117773841,17533.166666666668,16192.833333333334,0.11473114229155512,1.0827732433072244,15435.5,16863.0,0.0,4
145,Xanthosine,C10H12N4O6,[M-H]-,6.7,8.7,15,0.2,283.0684,283.0662,-7.8,S07373,7.63,7.63,7.63,0.0,10000.0,10000.0,10000.0,10000.0,10000.0,10000.0,0,0,0,0,0,0,NA,NA,10000.0,10000.0,0.0,1.0,10000.0,10000.0,0.0,0
146,Xanthylic acid,C10H13N4O9P,[M-H]-,11.0,13.0,15,0.2,363.0347,363.0346,-0.4,S07377,12.34,12.34,12.43,0.09,10000.0,10000.0,21440.0,10000.0,10000.0,10000.0,0,0,0,0,0,0,0.3739009663000589,2.6745049896380606,13813.333333333334,10000.0,0.46606150230331067,1.3813333333333333,10000.0,11906.666666666668,0.0,1
