,Metabolite,Formula,Ion Type,RT Start (min),RT End (min),m/z Tolerance (ppm),RT Tolerance (min),mz,obs_mz,ppm,winner,RT,RT_min,RT_max,RT_range,T1,T2,T3,T7,T8,T9,SQ437_B_0,SQ437_B_1,SQ437_B_2,SQ437_B_3,SQ437_B_4,SQ437_B_5,ttest_pval,1/pvalue,Tom plus Dox_Mean,SG1 plus Dox_Mean,Log2FoldChange,LogFoldChange,blank_threshold,combined_mean,impact_score,Detection
0,1-Methylnicotinamide,C7H8N2O,[M+H]+,19.0,21.0,15,0.2,137.0709,137.0708,-1.0,S07372,20.22,20.11,20.46,0.35,29987.5,29987.5,29987.5,53928.0,38243.0,40980.0,9115,6687,6796,5673,8484,3220,0.04089324714832346,24.45391524847393,29987.5,44383.666666666664,-0.5656676052664203,0.6756426913804628,29987.5,37185.58333333333,1.0,3
1,"2,3-Diphosphoglyceric acid",C3H8O10P2,[M-H]-,12.0,15.0,15,0.2,264.952,264.9531,4.2,S07377,13.29,13.17,13.4,0.23,10000.0,10000.0,10000.0,10000.0,10000.0,10000.0,0,0,0,0,0,0,NA,NA,10000.0,10000.0,0.0,1.0,10000.0,10000.0,0.0,0
2,3-Hydroxybutyric acid,C4H8O3,[M-H]-,5.7,7.7,15,0.2,103.0401,103.0388,-12.3,S07376,7.29,7.16,7.53,0.37,451836.5,451836.5,451836.5,451836.5,451836.5,451836.5,152369,141953,141862,138170,156211,153108,NA,NA,451836.5,451836.5,0.0,1.0,451836.5,451836.5,0.0,0
3,3-Phosphoglyceric acid,C3H7O7P,[M-H]-,13.0,15.0,15,0.2,184.9857,184.9847,-5.2,S07372,14.26,14.24,14.46,0.22,105810.5,105810.5,148911.0,496988.0,333174.0,305700.0,9168,4255,59089,15946,79284,23879,0.013607701617744904,73.48779596224877,120177.33333333333,378620.6666666667,-1.6555883466376693,0.3174082767096707,105810.5,249399.0,58.0,4
4,"4,5-Dihydroorotic acid",C5H6N2O4,[M-H]-,7.5,9.5,15,0.2,157.0255,157.0243,-7.5,S07377,8.55,8.49,8.65,0.16,201465.0,250807.0,419284.0,328354.0,457986.0,549157.0,0,0,0,1541,0,0,0.16783199419114678,5.958339497897419,290518.6666666667,445165.6666666667,-0.6157114653907302,0.6526079803998063,10770.5,367842.1666666667,3.0,6
5,4-Hydroxyproline,C5H9NO3,[M+H]+,10.2,11.2,15,0.2,132.0655,132.0659,2.9,S07373,10.92,10.85,11.0,0.16,1008014.0,1211158.0,1325774.0,1859212.0,1967950.0,1554518.0,65034,15269,97246,11904,58112,13379,0.016722842120855,59.798447702433506,1181648.6666666667,1793893.3333333333,-0.6022929583340566,0.6587062032673813,140472.0,1487771.0,135.0,6
6,5'-Methylthioadenosine,C11H15N5O3S,[M+H]+,3.0,5.0,15,0.2,298.0968,298.0957,-3.8,S07372,4.36,4.19,4.48,0.29,4518665.0,5071175.0,5726384.0,7037084.0,6061640.0,5028520.0,38963,3893,45335,2903,37009,3516,0.23846893464019087,4.193418323056755,5105408.0,6042414.666666667,-0.2430989347761715,0.8449284403078592,75809.5,5573911.333333334,28.0,6
7,5-Phosphoribosylamine,C5H12NO7P,[M-H]-,11.5,13.5,15,0.2,228.0279,228.0269,-4.2,S07370,12.78,12.62,13.0,0.38,10819.5,10819.5,10819.5,10819.5,10819.5,10819.5,0,0,0,0,1639,0,NA,NA,10819.5,10819.5,0.0,1.0,10819.5,10819.5,0.0,0
8,6-Phosphogluconic acid,C6H13O10P,[M-H]-,14.0,17.0,15,0.2,275.0174,275.0165,-3.1,S07372,15.21,15.08,15.41,0.33,18003.5,18003.5,18003.5,24981.0,21723.0,18003.5,0,0,5589,0,8508,1910,0.15162549311661083,6.595197017634288,18003.5,21569.166666666668,-0.2606930351573084,0.8346868601012247,18003.5,19786.333333333336,0.0,2
9,Acetoacetic acid,C4H6O3,[M-H]-,8.3,10.3,15,0.2,101.0244,101.023,-14.0,S07375,9.94,9.74,10.12,0.39,79494.5,79494.5,79494.5,79494.5,79494.5,79494.5,22873,17356,25386,20772,27960,24642,NA,NA,79494.5,79494.5,0.0,1.0,79494.5,79494.5,0.0,0
10,Acetyl-CoA,C23H38N7O17P3S,[M+H]+,8.0,11.0,15,0.2,810.1331,810.1262,-8.5,S07374,9.74,9.65,9.88,0.23,17401.0,11045.0,15224.0,18906.0,29499.0,30943.0,0,0,2090,0,0,0,0.04818216921469458,20.754565771916727,14556.666666666666,26449.333333333332,-0.8615513286600558,0.5503604375661643,11045.0,20503.0,1.0,5
11,Acetylcysteine,C5H9NO3S,[M+H]+,6.0,8.0,15,0.2,164.0376,164.0374,-1.2,S07376,6.98,6.77,7.23,0.45,21346.0,21695.0,15965.0,39347.0,11684.0,19909.0,1612,1756,0,0,0,0,0.6608064395309825,1.5133024440708618,19668.666666666668,23646.666666666668,-0.2657376685082681,0.8317733295742882,11684.0,21657.666666666668,0.0,5
12,Adenine,C5H5N5,[M+H]+,5.0,7.0,15,0.2,136.0618,136.0614,-2.7,S07370,6.41,6.34,6.46,0.13,12926249.0,13067788.0,11609501.0,17976088.0,7658228.0,4812949.0,216293,65812,188670,71255,220672,135251,0.5853515987949192,1.7083749357800164,12534512.666666666,10149088.333333334,0.3045557666373107,1.235038286690118,458976.5,11341800.5,24.0,6
13,Adenosine,C10H13N5O4,[M+H]+,4.5,7.0,15,0.2,268.10400000000004,268.1033,-2.7,S07366,6.03,5.92,6.1,0.18,8448977.0,6862284.0,4104250.0,2715622.0,3329470.0,2435525.0,41513,25534,28949,33514,38527,53844,0.04824641140475551,20.72693016710944,6471837.0,2826872.3333333335,1.1949685425150243,2.2893984010833175,120940.5,4649354.666666667,221.0,6
14,Adenosine diphosphate ribose,C15H23N5O14P2,[M-H]-,10.9,12.9,15,0.2,558.0644,558.0624,-3.6,S07372,12.16,11.93,12.16,0.23,11035.5,11035.5,11035.5,15932.0,11035.5,11035.5,0,0,0,0,2071,0,0.37390096630005903,2.67450498963806,11035.5,12667.666666666666,-0.19899881312479314,0.8711549088229877,11035.5,11851.583333333332,0.0,1
15,Adenosine monophosphate,C10H14N5O7P,[M+H]+,9.8,11.8,15,0.2,348.0704,348.0678,-7.4,S07373,10.97,10.81,11.02,0.21,452717.0,481183.0,473935.0,543283.0,823875.0,569126.0,132590,31211,178244,67383,319356,102659,0.12176444167962149,8.212578205968649,469278.3333333333,645428.0,-0.45981231386440663,0.7270808414468125,425721.5,557353.1666666666,6.0,6
16,Adenosine triphosphate,C10H16N5O13P3,[M-H]-,12.5,14.5,15,0.2,505.9885,505.98800000000006,-0.9,S07372,14.02,14.01,14.27,0.26,315611.0,315611.0,581912.0,1837310.0,1537934.0,1387639.0,20845,2030,188101,32227,306229,61790,0.0017499616428769587,571.4410964779705,404378.0,1587627.6666666667,-1.9730961933540747,0.25470581578426343,315611.0,996002.8333333334,2235.0,4
17,Adenylsuccinic acid,C14H18N5O11P,[M-H]-,14.5,16.5,15,0.2,462.0668,462.0672,0.9,S07377,15.75,15.7,15.87,0.17,10000.0,10000.0,10000.0,10000.0,10000.0,10000.0,0,0,0,0,0,0,NA,NA,10000.0,10000.0,0.0,1.0,10000.0,10000.0,0.0,0
18,ADP,C10H15N5O10P2,[M-H]-,11.1,13.1,15,0.2,426.0221,426.0215,-1.5,S07377,12.54,12.44,12.61,0.18,526830.0,526830.0,526830.0,908056.0,712704.0,574482.0,42121,24985,257624,98414,450406,160110,0.10160500387337294,9.842034957710036,526830.0,731747.3333333334,-0.47400808182210197,0.719961626098626,526830.0,629288.6666666667,9.0,3
19,Allantoin,C4H6N4O3,[M-H]-,9.3,11.3,15,0.2,157.0367,157.0356,-7.1,S07370,10.31,10.11,10.41,0.3,10000.0,10000.0,10000.0,10000.0,10000.0,10000.0,0,0,0,0,0,0,NA,NA,10000.0,10000.0,0.0,1.0,10000.0,10000.0,0.0,0
20,Aminoadipic acid,C6H11NO4,[M-H]-,5.9,7.9,15,0.2,160.0615,160.0603,-7.7,S07377,6.92,6.77,7.08,0.31,519936.0,595390.0,592455.0,957402.0,768547.0,797128.0,1763,1859,4351,2345,2424,1782,0.013016156619804937,76.82759428988695,569260.3333333334,841025.6666666666,-0.563061255036952,0.6768644000955977,17262.0,705143.0,80.0,6
21,Argininosuccinic acid,C10H18N4O6,[M-H]-,12.5,14.5,15,0.2,289.1154,289.1144,-3.3,S07367,13.83,13.69,14.02,0.33,12267.0,14369.0,13201.0,12267.0,12267.0,12267.0,1540,0,1832,0,1162,0,0.17137536984176313,5.835144227104133,13279.0,12267.0,0.11436403722155807,1.0824977582130921,12267.0,12773.0,0.0,2
22,Beta-Alanine,C3H7NO2,[M+H]+,9.8,10.5,15,0.2,90.055,90.0553,3.8,S07377,10.48,10.24,10.49,0.25,202746.0,184091.0,204058.0,225131.0,267484.0,236540.0,39023,27089,90703,46847,74594,58506,0.03151319231340051,31.73274195946074,196965.0,243051.66666666666,-0.3033237365527851,0.8103832518463153,178381.0,220008.3333333333,9.0,6
23,Betaine,C5H11NO2,[M+H]+,7.0,8.2,15,0.2,118.0863,118.0861,-1.3,S07376,8.04,8.0,8.1,0.1,3975192.0,4351522.0,4077081.0,4718820.0,4132714.0,4073310.0,383751,385142,413825,385400,437101,433375,0.5002746380636311,1.9989020508227475,4134598.3333333335,4308281.333333333,-0.05936528008536963,0.9596862445689868,1229297.0,4221439.833333333,9.0,6
24,Butyrylcarnitine,C11H21NO4,[M+H]+,4.2,6.2,15,0.2,232.1543,232.1536,-3.2,S07377,5.86,5.65,5.97,0.31,803112.0,960425.0,1015239.0,1826202.0,1352688.0,1480312.0,3318,2851,5701,2450,2885,5608,0.0155800900076804,64.18448157276612,926258.6666666666,1553067.3333333333,-0.7456333378477702,0.5964059939878117,21406.5,1239663.0,133.0,6
25,Carbamoyl phosphate,CH4NO5P,[M-H]-,27.0,30.0,15,0.2,139.9754,139.9742,-8.8,S07377,27.87,27.84,28.12,0.28,4821333.0,5834736.0,6190656.0,8476653.0,7960298.0,8351284.0,632114,32535,1166884,41117,952212,28699,0.0038019903230713274,263.02013288455163,5615575.0,8262745.0,-0.5571873916400338,0.6796258386286882,1436780.5,6939160.0,2686.0,6
26,Carnosine,C9H14N4O3,[M+H]+,10.6,12.6,15,0.2,227.1139,227.1108,-13.5,S07375,10.67,10.67,10.67,0.0,10000.0,10000.0,10000.0,10000.0,10000.0,10000.0,0,0,0,0,0,0,NA,NA,10000.0,10000.0,0.0,1.0,10000.0,10000.0,0.0,0
27,CDP,C9H15N3O11P2,[M+H]+,13.0,15.0,15,0.2,404.0255,404.0258,0.8,S07377,14.44,14.34,14.66,0.32,31651.5,31651.5,31651.5,31651.5,31651.5,31651.5,2528,1427,11957,5467,14305,7619,NA,NA,31651.5,31651.5,0.0,1.0,31651.5,31651.5,0.0,0
28,Choline,C5H14NO,[Cat]+,11.0,15.0,15,0.2,104.10700000000001,104.1071,1.1,S07376,11.01,11.0,11.15,0.15,1151845.0,1080482.0,1391928.0,1610363.0,1142117.0,1749697.0,84213,19853,105521,17292,320653,15686,0.22940097735791934,4.359179335316281,1208085.0,1500725.6666666667,-0.31293831052213955,0.8050005586186416,291609.0,1354405.3333333335,7.0,6
29,cis-Aconitic acid,C6H6O6,[M-H]-,14.1,16.1,15,0.2,173.0092,173.0081,-6.1,S07377,15.25,15.12,15.28,0.16,1086962.0,1302028.0,1930565.0,3227532.0,2875767.0,2384757.0,101856,32712,493736,87525,777404,103227,0.016826646326705497,59.429548858640025,1439851.6666666667,2829352.0,-0.9745514806866311,0.5088980327179745,808230.0,2134601.8333333335,249.0,6
30,Citric acid,C6H8O7,[M-H]-,14.2,16.2,15,0.2,191.0197,191.0188,-4.9,S07377,15.51,15.47,15.58,0.11,4222080.5,4222080.5,4528466.0,10219116.0,8156070.0,7031892.0,1971576,958014,1945152,776307,2055455,717657,0.011557826286910478,86.52145958730358,4324209.0,8469026.0,-0.9697598047327051,0.5105910644270073,4222080.5,6396617.5,1084.0,4
31,Citrulline,C6H13N3O3,[M+H]+,10.9,12.9,15,0.2,176.10299999999998,176.1026,-2.1,S07377,12.31,12.21,12.36,0.15,138369.0,407552.0,138369.0,209622.0,252183.0,218097.0,26245,27566,37109,27048,113805,24965,0.9879012316198728,1.012246941286113,228096.66666666666,226634.0,0.009281050866725158,1.0064538712932158,138369.0,227365.3333333333,0.0,4
32,Creatine,C4H9N3O2,[M+H]+,10.0,11.5,15,0.2,132.0768,132.0764,-2.7,S07376,11.12,11.02,11.12,0.1,255044896.0,277924096.0,273458400.0,475977472.0,436667424.0,420509664.0,7687539,143192,14419734,695502,22296378,879882,0.000605229948473712,1652.2645690647523,268809130.6666667,444384853.3333333,-0.7252275008089032,0.6049016492131266,23071113.5,356596992.0,974030.0,6
33,Creatinine,C4H7N3O,[M+H]+,5.2,7.2,15,0.2,114.0662,114.0661,-0.8,S07377,6.7,6.59,6.72,0.12,2845381.0,2641810.0,2704647.0,4621546.0,3659462.0,3592939.0,83253,39894,289210,82828,461983,125217,0.02208075541450484,45.28830564116934,2730612.6666666665,3957982.3333333335,-0.5355404883763448,0.6899001654630932,551192.5,3344297.5,220.0,6
34,Cyclic AMP,C10H12N5O6P,[M-H]-,5.8,7.8,15,0.2,328.0452,328.0435,-5.3,S07372,6.95,6.81,7.01,0.2,20946.0,18605.0,29287.0,29634.0,27878.0,20443.0,0,0,0,1494,2096,2269,0.5182308128059977,1.929642111756012,22946.0,25985.0,-0.17943637739820195,0.8830479122570714,12929.5,24465.5,0.0,6
35,Cytidine,C9H13N3O5,[M+H]+,7.1,9.1,15,0.2,244.0928,244.0928,0.0,S07377,8.56,8.42,8.74,0.32,68630.0,58662.0,36161.0,33427.0,35297.0,32547.0,13337,4179,2117,3018,3077,3107,0.09789525848833487,10.214999331343094,54484.333333333336,33757.0,0.690654753819687,1.6140158584392374,24417.5,44120.66666666667,1.0,6
36,Cytidine monophosphate,C9H14N3O8P,[M+H]+,11.8,13.8,15,0.2,324.0591,324.0568,-7.2,S07377,12.55,12.49,12.58,0.09,28290.0,39399.0,59625.0,66074.0,53698.0,63116.0,2421,0,3386,0,4464,0,0.1347149281718557,7.42308230847513,42438.0,60962.666666666664,-0.5225693443332511,0.6961309653995889,15135.5,51700.33333333333,1.0,6
37,Cytidine triphosphate,C9H16N3O14P3,[M-H]-,15.0,20.0,15,0.2,481.9772,481.9758,-3.0,S07377,16.01,16.01,16.26,0.25,19410.5,19410.5,19410.5,40793.0,25825.0,24262.0,0,0,6347,0,10475,1999,0.10779392645609642,9.27696051973106,19410.5,30293.333333333332,-0.6421630528431914,0.6407515404929578,19410.5,24851.916666666664,0.0,3
38,Cytosine,C4H5N3O,[M+H]+,9.0,11.0,15,0.2,112.0505,112.0506,0.5,S07372,9.46,9.3,9.69,0.39,63704.0,63704.0,63704.0,63704.0,63704.0,63704.0,15031,20593,21890,12642,21568,15684,NA,NA,63704.0,63704.0,0.0,1.0,63704.0,63704.0,0.0,0
39,D-2-Hydroxyglutaric acid,C5H8O5,[M-H]-,11.6,13.6,15,0.2,147.0299,147.0287,-8.2,S07375,12.49,12.39,12.51,0.12,4289720.0,5644170.0,6074790.0,5961808.0,5950060.0,6092754.0,120866,31243,146370,26647,440326,31345,0.28521290803173094,3.5061526734573545,5336226.666666667,6001540.666666667,-0.16951295607579098,0.889142798999057,408398.5,5668883.666666667,22.0,6
40,D-Glucose,C6H12O6,[M-H]-,9.0,11.0,15,0.2,179.0561,179.055,-6.2,S07371,11.02,10.79,11.03,0.24,2071761.0,2206194.0,2758822.0,2492313.0,2135621.0,1957747.0,80552,14368,70116,13938,150197,13168,0.5974048275966961,1.6739067945314514,2345592.3333333335,2195227.0,0.09558216205064857,1.0684964850256184,181169.5,2270409.666666667,4.0,6
41,D-Glyceraldehyde 3-phosphate,C3H7O6P,[M-H]-,13.0,14.0,15,0.2,168.9908,168.9898,-5.6,S07377,13.46,13.36,13.5,0.14,172724.5,172724.5,177175.0,392539.0,312391.0,297396.0,22965,5762,87834,30998,145307,32583,0.005664676535033144,176.53258642669329,174208.0,334108.6666666667,-0.9395065291161857,0.5214111975544883,172724.5,254158.33333333334,86.0,4
42,Dihydrofolic acid,C19H21N7O6,[M+H]+,13.0,16.0,15,0.2,444.1626,444.162,-1.4,S07371,14.95,14.75,15.2,0.45,10000.0,10000.0,10000.0,10000.0,10000.0,10000.0,0,0,0,0,0,0,NA,NA,10000.0,10000.0,0.0,1.0,10000.0,10000.0,0.0,0
43,Dihydroxyacetone phosphate,C3H7O6P,[M-H]-,12.0,13.0,15,0.2,168.9908,168.9897,-6.2,S07377,12.56,12.49,12.56,0.07,630052.0,812032.0,1045853.0,1914191.0,1652498.0,1600218.0,26406,2347,96241,9628,144349,14093,0.004465970680753537,223.91548702045472,829312.3333333334,1722302.3333333333,-1.0543509629527368,0.48151379539054995,156532.0,1275807.3333333333,593.0,6
44,D-Ribose 5-phosphate,C5H11O8P,[M-H]-,12.4,13.8,15,0.2,229.0119,229.0111,-3.4,S07377,12.88,12.72,12.95,0.23,84221.0,117989.0,124949.0,234026.0,192348.0,158084.0,8960,0,25078,6862,31708,7063,0.02754612326515164,36.30274904291492,109053.0,194819.33333333334,-0.8371073951717762,0.5597647735166599,49835.5,151936.1666666667,10.0,6
45,D-Sedoheptulose 7-phosphate,C7H15O10P,[M-H]-,12.2,14.2,15,0.2,289.033,289.0322,-2.8,S07372,13.49,13.34,13.52,0.19,106189.0,126817.0,159427.0,235320.0,202761.0,163631.0,14699,2313,32436,8124,29695,8868,0.05433322695689936,18.40494400955174,130811.0,200570.66666666666,-0.6166267648395924,0.652194072911958,58067.5,165690.8333333333,5.0,6
46,dTDP,C10H16N2O11P2,[M-H]-,11.0,13.0,15,0.2,401.0157,401.0153,-0.9,S07372,12.03,11.91,12.27,0.36,14491.5,14491.5,14491.5,14491.5,14491.5,14491.5,0,0,3171,1890,2636,1286,NA,NA,14491.5,14491.5,0.0,1.0,14491.5,14491.5,0.0,0
47,FAD,C27H33N9O15P2,[M+H]+,7.6,9.6,15,0.2,786.1644,786.1618,-3.3,S07376,8.94,8.74,9.03,0.28,13975.0,11070.0,15154.0,24386.0,28765.0,19786.0,0,0,0,0,2140,0,0.018897950513872174,52.91579101479512,13399.666666666666,24312.333333333332,-0.8594912478243009,0.5511468801842686,11070.0,18856.0,2.0,5
48,Folic acid,C19H19N7O6,[M+H]+,13.0,16.0,15,0.2,442.147,442.1427,-9.6,S07377,14.15,14.1,14.19,0.09,13351.5,13981.0,18250.0,16898.0,13863.0,13351.5,1468,0,0,0,5235,0,0.8087636627191825,1.2364551550669978,15194.166666666666,14704.166666666666,0.047292527257130096,1.0333238877869084,13351.5,14949.166666666666,0.0,4
49,"Fructose 1,6-bisphosphate",C6H14O12P2,[M-H]-,14.1,16.1,15,0.2,338.9888,338.98800000000006,-2.3,S07377,15.88,15.65,16.09,0.44,79099.0,79099.0,79099.0,217003.0,180852.0,175750.0,9799,1243,42512,2408,71315,10921,0.0009897065294644967,1010.4005280646909,79099.0,191201.66666666666,-1.2733637382373881,0.4136940926247156,79099.0,135150.3333333333,330.0,3
50,Fructose 6-phosphate,C6H13O9P,[M-H]-,12.6,13.5,15,0.2,259.0224,259.0219,-2.1,S07377,13.11,13.03,13.15,0.11,607085.0,810958.0,824157.0,1204017.0,993032.0,983303.0,56547,14914,150921,31135,173843,35610,0.03592805253675798,27.83340396691138,747400.0,1060117.3333333333,-0.5042714816647977,0.7050163000825066,241485.0,903758.6666666666,36.0,6
51,Fumaric acid,C4H4O4,[M-H]-,12.2,14.2,15,0.2,115.0037,115.0023,-12.0,S07372,13.29,13.22,13.32,0.1,4239730.0,5085760.0,5145508.0,6962908.0,5884811.0,6007429.0,221901,52502,409013,62272,415041,54157,0.03125135106691072,31.998616567294953,4823666.0,6285049.333333333,-0.38179405316798193,0.7674825994471113,617443.0,5554357.666666666,232.0,6
52,Glucose 6-phosphate,C6H13O9P,[M-H]-,13.6,14.4,15,0.2,259.0224,259.022,-1.7,S07372,14.02,13.93,14.05,0.12,748167.0,1056216.0,1231560.0,1638432.0,1391871.0,1312582.0,210873,61960,281482,55783,287176,55669,0.06447885318980719,15.508960698421355,1011981.0,1447628.3333333333,-0.5165090462709205,0.6990613382578632,486471.5,1229804.6666666665,27.0,6
53,Glutathione,C10H17N3O6S,[M+H]+,10.0,13.0,15,0.2,308.0911,308.0898,-4.2,S07376,11.49,11.42,11.56,0.14,27138308.0,16880522.0,2012267.0,25024554.0,18519450.0,25262016.0,78501,25380,255689,111139,742720,317138,0.3755594207333463,2.662694489322949,15343699.0,22935340.0,-0.579925970351939,0.6689981051076636,775283.5,19139519.5,76.0,6
54,Glycerol 3-phosphate,C3H9O6P,[M-H]-,11.5,13.0,15,0.2,171.0064,171.0053,-6.4,S07377,12.16,12.08,12.2,0.12,1957600.0,2681632.0,3556278.0,9144658.0,7968400.0,7068286.0,218336,40578,1100034,155288,1346744,166631,0.0021605756463500716,462.8396148449287,2731836.6666666665,8060448.0,-1.5609887968758729,0.3389187135338714,1523805.5,5396142.333333333,7369.0,6
55,Glycine,C2H5NO2,[M+H]+,10.7,12.7,15,0.2,76.0393,76.0398,6.5,S07375,12.06,11.99,12.09,0.1,26015710.5,26015710.5,26015710.5,29594324.0,26035242.0,26836738.0,9367796,7818770,9372741,7572957,9764687,8114470,0.24352863030431005,4.106293369902396,26015710.5,27488768.0,-0.079459140691574,0.94641238559691,26015710.5,26752239.25,116.0,3
56,Guanidoacetic acid,C3H7N3O2,[M+H]+,10.7,12.7,15,0.2,118.0611,118.061,-0.9,S07377,12.15,12.07,12.15,0.08,81145176.0,86720456.0,91866688.0,197365328.0,166207856.0,188081792.0,5086456,8271,10885688,27557,18569598,31927,0.0005642926759799287,1772.1300356476165,86577440.0,183884992.0,-1.0867406898401801,0.4708238505946151,17314748.5,135231216.0,508996.0,6
57,Guanine,C5H5N5O,[M+H]+,7.7,9.7,15,0.2,152.0567,152.0565,-1.2,S07369,8.83,8.76,9.04,0.28,120633.0,75179.0,39513.0,50461.0,36596.0,30493.0,12236,8173,3153,5874,7845,3705,0.18015642486270997,5.550731819650951,78441.66666666667,39183.333333333336,1.0013800559449544,2.00191407911527,30493.0,58812.5,1.0,5
58,Guanosine,C10H13N5O5,[M+H]+,7.7,9.7,15,0.2,284.0989,284.0986,-1.2,S07377,9.13,8.88,9.26,0.37,36227.0,18163.5,18163.5,18924.0,18163.5,18163.5,11705,2703,0,0,0,1919,0.39273831589733427,2.54622469853797,24184.666666666668,18417.0,0.3930545778152921,1.3131708023384192,18163.5,21300.833333333336,0.0,2
59,Guanosine diphosphate,C10H15N5O11P2,[M-H]-,13.8,15.8,15,0.2,442.0171,442.0167,-0.8,S07377,15.44,15.28,15.52,0.24,27276.5,27276.5,27276.5,27276.5,27276.5,27276.5,1661,1230,8327,2244,15356,5735,NA,NA,27276.5,27276.5,0.0,1.0,27276.5,27276.5,0.0,0
60,Guanosine monophosphate,C10H14N5O8P,[M+H]+,12.6,14.6,15,0.2,364.0653,364.06300000000005,-6.3,SQ437_B_0,13.81,13.78,13.93,0.14,70849.0,70849.0,70849.0,70849.0,70849.0,70849.0,71888,24110,8437,7448,7137,2678,NA,NA,70849.0,70849.0,0.0,1.0,70849.0,70849.0,0.0,0
61,Guanosine triphosphate,C10H16N5O14P3,[M-H]-,15.0,17.0,15,0.2,521.9834,521.9832,-0.4,S07377,16.99,16.91,16.99,0.08,10000.0,10000.0,10000.0,10000.0,10000.0,10000.0,0,0,0,0,0,0,NA,NA,10000.0,10000.0,0.0,1.0,10000.0,10000.0,0.0,0
62,Homocysteine,C4H9NO2S,[M-H]-,7.3,9.3,15,0.2,134.0281,134.0299,13.2,S07377,7.31,7.26,7.5,0.24,13124.5,13124.5,13124.5,21242.0,21548.0,13124.5,1432,0,1800,1538,0,1479,0.11625262758148273,8.601956108898175,13124.5,18638.166666666668,-0.5059974951213875,0.7041733360756154,13124.5,15881.333333333334,0.0,2
63,Hypotaurine,C2H7NO2S,[M+H]+,10.0,12.0,15,0.2,110.027,110.027,-0.2,S07376,11.44,11.28,11.45,0.18,1540328.0,2063176.0,2134152.0,2636384.0,2429232.0,2362514.0,29289,0,43388,0,44811,0,0.05114843111018086,19.55094180397949,1912552.0,2476043.3333333335,-0.3725375899465552,0.772422668962444,68744.0,2194297.666666667,56.0,6
64,Hypoxanthine,C5H4N4O,[M+H]+,5.8,7.8,15,0.2,137.0458,137.0455,-2.1,S07377,7.77,7.54,7.77,0.23,44214.0,50328.0,52494.0,43816.0,57253.0,30169.0,3061,2247,2518,2414,2860,1864,0.5558030219954855,1.7991985657251834,49012.0,43746.0,0.1639839116751942,1.1203767201572716,17482.0,46379.0,0.0,6
65,Inosine,C10H12N4O5,[M+H]+,6.4,8.4,15,0.2,269.08799999999997,269.0862,-6.9,S07370,7.84,7.64,7.97,0.33,28221.0,20413.0,31689.0,22853.0,23764.0,23228.0,0,0,0,0,0,0,0.35535913157113086,2.8140546032368774,26774.333333333332,23281.666666666668,0.20165631280658397,1.1500178967714223,10000.0,25028.0,0.0,6
66,Inosinic acid,C10H13N4O8P,[M+H]+,11.4,13.4,15,0.2,349.0544,349.0515,-8.3,S07370,12.62,12.59,12.8,0.21,10999.0,10999.0,10999.0,10999.0,10999.0,10999.0,0,0,1998,0,0,0,NA,NA,10999.0,10999.0,0.0,1.0,10999.0,10999.0,0.0,0
67,L-Acetylcarnitine,C9H17NO4,[M+H]+,6.3,8.3,15,0.2,204.123,204.1224,-3.1,S07377,7.79,7.56,7.92,0.36,1904316.0,1605797.0,2116200.0,2663893.0,1919473.0,2235348.0,16322,15263,10794,10643,11906,10072,0.2033371944832679,4.917939398845633,1875437.6666666667,2272904.6666666665,-0.27730986050612527,0.82512816932929,47500.0,2074171.1666666665,12.0,6
68,L-Alanine,C3H7NO2,[M+H]+,10.6,11.2,15,0.2,90.055,90.0552,2.7,S07372,11.19,11.09,11.2,0.11,250473056.0,279412736.0,280434912.0,389069248.0,350296384.0,357618624.0,12573427,165430,20016368,252924,8759799,239814,0.003451880856261214,289.69713661644613,270106901.3333333,365661418.6666667,-0.43697791266796254,0.7386803407322556,21013881.0,317884160.0,124668.0,6
69,L-Arginine,C6H14N4O2,[M+H]+,18.5,21.0,15,0.2,175.11900000000003,175.1185,-2.6,S07377,20.39,20.32,20.55,0.23,18952680.5,25134710.0,25447962.0,23442052.0,22575298.0,22550128.0,10102375,2756652,9274954,2318849,10815290,2617241,0.8872041998564251,1.1271362333066373,23178450.833333332,22855826.0,0.020222186590960457,1.0141156496962014,18952680.5,23017138.416666664,26.0,5
70,L-Asparagine,C4H8N2O3,[M+H]+,10.3,12.3,15,0.2,133.0608,133.0605,-2.0,S07372,11.68,11.55,11.73,0.19,1049311.0,977174.0,1281758.0,4237354.0,3482126.0,3291100.0,46191,3074,113624,6053,27711,5342,0.0010653318392916914,938.6746580904513,1102747.6666666667,3670193.3333333335,-1.734753353554181,0.300460375384403,110997.5,2386470.5,7456.0,6
71,L-Aspartic acid,C4H7NO4,[M-H]-,10.8,12.8,15,0.2,132.0302,132.0289,-10.1,S07368,12.04,11.89,12.04,0.15,30327814.0,35065012.0,36713228.0,32607638.0,29468054.0,31588108.0,2050897,58553,2155555,48794,1441148,30860,0.25611253284541,3.904533639529471,34035351.333333336,31221266.666666668,0.12450493261324294,1.0901335841595152,2902903.5,32628309.0,139.0,6
72,L-Carnitine,C7H16NO3,[Cat]+,8.3,10.3,15,0.2,162.1125,162.1119,-3.5,S07377,9.85,9.81,9.94,0.13,1830220.0,2136454.0,2702769.0,4300740.0,3418680.0,3513230.0,18933,10879,19847,12473,29672,9162,0.01592551916338164,62.79230144655824,2223147.6666666665,3744216.6666666665,-0.7520601430761651,0.5937550800567987,60483.0,2983682.1666666665,316.0,6
73,L-Cystathionine,C7H14N2O4S,[M+H]+,12.2,14.2,15,0.2,223.0747,223.074,-3.2,S07372,13.54,13.48,13.58,0.1,791363.0,1068083.0,1232842.0,2507367.0,1892499.0,1914338.0,27810,2958,74298,9223,25808,6098,0.010887869035533721,91.84533692831842,1030762.6666666666,2104734.6666666665,-1.029926181345022,0.4897352065280121,83097.5,1567748.6666666665,294.0,6
74,L-Cysteine,C3H7NO2S,[M+H]+,13.0,17.0,15,0.2,122.027,122.0272,1.4,S07377,13.93,13.68,14.15,0.47,12307.0,12307.0,12307.0,12307.0,12307.0,12307.0,0,0,1637,1488,1489,0,NA,NA,12307.0,12307.0,0.0,1.0,12307.0,12307.0,0.0,0
75,L-Cystine,C6H12N2O4S2,[M-H]-,11.7,13.7,15,0.2,239.0166,239.0155,-4.5,S07369,12.87,12.76,12.96,0.2,12258.0,12258.0,12258.0,12258.0,12258.0,12258.0,2179,1333,1004,0,0,0,NA,NA,12258.0,12258.0,0.0,1.0,12258.0,12258.0,0.0,0
76,L-Glutamic acid,C5H9NO4,[M+H]+,10.0,13.0,15,0.2,148.0604,148.06,-2.9,S07372,11.76,11.63,11.76,0.13,292281664.0,309193184.0,335917792.0,363826400.0,344263936.0,330420672.0,24334398,515793,28711926,911899,20163582,702864,0.10252444953360772,9.753770974134301,312464213.3333333,346170336.0,-0.14779113597103383,0.9026313951214275,37680231.0,329317274.6666666,3559.0,6
77,L-Glutamine,C5H10N2O3,[M+H]+,10.1,12.1,15,0.2,147.0764,147.0759,-3.5,S07372,11.52,11.39,11.53,0.13,729829632.0,811804736.0,798679552.0,835338304.0,774815360.0,803488832.0,66526572,362584,65308548,681199,33077860,468432,0.47253133605441344,2.1162617665738193,780104640.0,804547498.6666666,-0.04450994283655029,0.9696191229142164,83222597.5,792326069.3333333,1729.0,6
78,L-Histidine,C6H9N3O2,[M+H]+,9.9,11.9,15,0.2,156.0768,156.0763,-2.9,S07368,11.09,10.89,11.23,0.33,43371636.0,52939892.0,57224160.0,49552484.0,50148708.0,49502980.0,5855880,161179,7290897,198567,6363190,178183,0.742489436597452,1.3468205077537823,51178562.666666664,49734724.0,0.04128615981692916,1.0290307968064056,10033948.0,50456643.33333333,70.0,6
79,L-Isoleucine,C6H13NO2,[M+H]+,6.0,7.5,15,0.2,132.1019,132.1016,-2.3,S07372,7.44,7.34,7.45,0.11,88320064.0,104060064.0,117711496.0,136682304.0,119806728.0,107783200.0,710669,59987,785074,72298,667359,67452,0.2046696269316062,4.88592281615956,103363874.66666667,121424077.33333333,-0.23232246719407718,0.8512634144454909,1191419.5,112393976.0,645.0,6
80,L-Kynurenine,C10H12N2O3,[M+H]+,6.0,8.0,15,0.2,209.0921,209.092,-0.3,S07373,7.57,7.35,7.78,0.43,51740.0,55552.0,78493.0,71030.0,90183.0,86948.0,3045,2862,0,0,2742,0,0.11213860497475484,8.917535582194239,61928.333333333336,82720.33333333333,-0.4176423796366892,0.7486470476827544,14324.5,72324.33333333333,1.0,6
81,L-Lactic acid,C3H6O3,[M-H]-,6.2,8.2,15,0.2,89.0244,89.0231,-14.8,S07377,7.14,7.01,7.38,0.38,157859104.0,184120656.0,162918272.0,173016112.0,295789664.0,165660720.0,1659393,1391950,1936330,1446236,2208754,1492008,0.37165041105108054,2.69070064303671,168299344.0,211488832.0,-0.3295519282607597,0.7957835995803315,5077335.5,189894088.0,642.0,6
82,L-Leucine,C6H13NO2,[M+H]+,7.5,9.0,15,0.2,132.1019,132.1016,-2.3,S07372,8.0,7.9,8.02,0.13,216846320.0,242659904.0,259340352.0,305454080.0,265219440.0,262362464.0,1125797,80604,1358586,100706,1189948,100401,0.11028122315070313,9.067726775513409,239615525.33333334,277678661.3333333,-0.21269492793737546,0.8629237989796129,1988021.0,258647093.3333333,2718.0,6
83,L-Lysine,C6H14N2O2,[M+H]+,18.0,20.0,15,0.2,147.1128,147.1124,-2.7,S07377,19.34,19.3,19.46,0.15,11915853.0,17061276.0,19579320.0,21231570.0,19511376.0,18761220.0,3190135,590053,4491736,610717,5004466,628951,0.19857351524470276,5.035918303443926,16185483.0,19834722.0,-0.29332775860856375,0.8160176381599904,7268029.0,18010102.5,111.0,6
84,L-Malic acid,C4H6O5,[M-H]-,12.2,14.2,15,0.2,133.0142,133.0129,-10.1,S07372,13.29,13.22,13.31,0.09,75488448.0,88480920.0,92927368.0,122430416.0,110561320.0,112903920.0,12388034,3686052,16458926,4001143,16590238,3810155,0.009596524751346473,104.20438918366689,85632245.33333333,115298552.0,-0.4291483352478223,0.7427000933483825,28477274.0,100465398.66666666,14096.0,6
85,L-Methionine,C5H11NO2S,[M+H]+,6.8,8.8,15,0.2,150.0583,150.058,-2.2,S07372,8.2,8.11,8.23,0.12,109821032.0,124164392.0,132196448.0,148775168.0,124160240.0,121812888.0,348408,3700,374887,9436,230527,10014,0.4287279744658347,2.332481339119358,122060624.0,131582765.33333333,-0.10837266682433486,0.927633825682176,498486.0,126821694.66666666,319.0,6
86,L-Phenylalanine,C9H11NO2,[M+H]+,5.6,7.6,15,0.2,166.0863,166.0857,-3.3,S07372,7.01,6.93,7.07,0.14,143650448.0,160301488.0,172830800.0,197257680.0,181240448.0,179100800.0,180917,19836,253574,20417,263594,22892,0.05767890323182643,17.337361564951077,158927578.66666666,185866309.33333334,-0.2258957899113835,0.8550639394342594,390615.0,172396944.0,3496.0,6
87,L-Proline,C5H9NO2,[M+H]+,7.9,9.9,15,0.2,116.0706,116.0705,-0.9,S07377,9.37,9.29,9.42,0.12,444358528.0,500123040.0,501305440.0,984932864.0,951235840.0,900499456.0,5993912,861220,20363586,557996,24822176,743682,0.00011504351744710452,8692.362874420862,481929002.6666667,945556053.3333334,-0.9723423592329556,0.5096778778664051,26681286.0,713742528.0,12172608.0,6
88,L-Serine,C3H7NO3,[M+H]+,10.8,12.8,15,0.2,106.0499,106.0499,0.3,S07372,12.16,12.05,12.18,0.13,15949351.0,17623678.0,17909354.0,18979634.0,16636344.0,17620638.0,1048373,34931,1027462,39067,809711,41699,0.5570823522162152,1.7950667365816668,17160794.333333332,17745538.666666668,-0.048340034752375804,0.9670483751258718,1510621.5,17453166.5,32.0,6
89,L-Threonine,C4H9NO3,[M-H]-,9.5,11.5,15,0.2,118.051,118.0496,-11.6,S07372,10.96,10.81,10.99,0.17,19786356.0,20624430.0,20417866.0,32047378.0,27492600.0,27346590.0,1628055,21283,1965762,34862,1071751,21403,0.00513994201147747,194.55472411303552,20276217.333333332,28962189.333333332,-0.5143821310766439,0.7000927001743238,2381558.0,24619203.333333332,6842.0,6
90,L-Tryptophan,C11H12N2O2,[M+H]+,6.8,8.8,15,0.2,205.0972,205.0965,-3.2,S07372,8.25,8.14,8.4,0.26,16611743.0,19298066.0,22021164.0,24717976.0,20648472.0,19930736.0,28308,3181,31088,3515,33000,2328,0.31888186911099975,3.1359575343304,19310324.333333332,21765728.0,-0.17268587908299646,0.8871894536830255,60710.0,20538026.166666664,73.0,6
91,L-Tyrosine,C9H11NO3,[M+H]+,8.2,10.2,15,0.2,182.0812,182.0807,-2.6,S07368,9.61,9.44,9.62,0.18,51264604.0,58364700.0,66300648.0,57168860.0,49665884.0,50089820.0,399216,6595,584645,6569,468180,8353,0.27209800566658293,3.675146378049373,58643317.333333336,52308188.0,0.16492992140625426,1.1211116189559718,746779.0,55475752.66666667,229.0,6
92,L-Valine,C5H11NO2,[M+H]+,8.3,9.2,15,0.2,118.0863,118.0862,-0.5,S07372,9.11,9.02,9.15,0.13,148799712.0,158816064.0,170858704.0,200014288.0,182021104.0,176544096.0,1360599,88297,1661692,98481,1553454,106888,0.04879503608998485,20.493887906053814,159491493.33333334,186193162.66666666,-0.2233206174222007,0.856591568933516,2444705.5,172842328.0,4135.0,6
93,N6-Acetyl-L-lysine,C8H16N2O3,[M+H]+,1.9,3.9,15,0.2,189.1234,189.1214,-10.4,S07368,3.21,3.15,3.23,0.09,1959962.0,1835435.0,2907500.0,664946.0,2164901.0,728445.0,110938,113421,110284,119871,131434,136152,0.15310132221203904,6.531622232596013,2234299.0,1186097.3333333333,0.913599859178857,1.8837400078464612,371050.0,1710198.1666666665,21.0,6
94,N-Acetylglutamic acid,C7H11NO5,[M+H]+,10.3,12.3,15,0.2,190.071,190.0704,-3.2,S07374,11.73,11.56,11.85,0.29,384347.0,355553.0,558756.0,460952.0,568663.0,782312.0,71077,9551,146248,10547,43498,6401,0.20712005180164125,4.828117757317381,432885.3333333333,603975.6666666666,-0.48050550539408554,0.7167264464848749,153661.0,518430.5,3.0,6
95,N-Acetylglutamine,C7H12N2O4,[M-H]-,6.8,8.8,15,0.2,187.0724,187.0713,-6.0,S07372,8.03,7.86,8.08,0.22,301186.0,310960.0,314107.0,368879.0,296457.0,249674.0,0,0,0,0,1115,1108,0.9196403827165411,1.0873815665272148,308751.0,305003.3333333333,0.0176187996379549,1.0122872974065857,11111.5,306877.1666666666,0.0,6
96,N-Acetyl-L-alanine,C5H9NO3,[M+H]+,6.0,7.0,15,0.2,132.0655,132.0652,-2.4,S07377,6.5,6.3,6.74,0.44,2832395.0,3267759.0,3272030.0,6484732.0,5512306.0,5513290.0,18990,12468,15557,12736,14263,12436,0.0015803842598870136,632.7575042233672,3124061.3333333335,5836776.0,-0.9017489249085676,0.5352374895547359,53225.0,4480418.666666667,5297.0,6
97,N-Acetyl-L-methionine,C7H13NO3S,[M+H]+,3.0,5.0,15,0.2,192.0689,192.0683,-3.1,S07372,4.17,4.1,4.35,0.26,1006121.0,1109498.0,1271989.0,2666913.0,2251381.0,2156003.0,0,0,0,0,1074,0,0.0021611751290107847,462.71122898666755,1129202.6666666667,2358099.0,-1.0623198473136932,0.4788614331572452,10537.0,1743650.8333333335,1685.0,6
98,N-Acetyl-L-phenylalanine,C11H13NO3,[M+H]+,2.8,4.0,15,0.2,208.0968,208.0963,-2.5,S07372,3.55,3.47,3.57,0.1,108046.0,108046.0,109928.0,151802.0,108046.0,111292.0,25543,32400,45742,26830,25984,39593,0.3459065246143706,2.8909544308678106,108673.33333333333,123713.33333333333,-0.18700302673573246,0.8784286253165922,108046.0,116193.33333333333,0.0,3
99,N-Acetylornithine,C7H14N2O3,[M+H]+,8.6,10.6,15,0.2,175.1077,175.1074,-1.8,S07372,10.06,9.83,10.18,0.34,25996.0,25996.0,25996.0,29440.0,25996.0,27924.0,7504,3934,7094,3537,6488,3435,0.146777559701823,6.813030561561924,25996.0,27786.666666666668,-0.09610312379981427,0.9355566218809981,25996.0,26891.333333333336,0.0,2
100,N-Acetylserine,C5H9NO4,[M-H]-,7.5,8.5,15,0.2,146.0459,146.0447,-8.1,S07377,8.16,8.02,8.31,0.29,8708903.0,9445965.0,10088244.0,19344504.0,15663741.0,15297970.0,7705,6330,9764,4363,16653,4925,0.00554816544555687,180.23975849545522,9414370.666666666,16768738.333333334,-0.8328375840767072,0.5614239115385643,34870.0,13091554.5,4203.0,6
101,NAD,C21H28N7O14P2,[Cat]+,9.9,11.9,15,0.2,664.1164,664.1161,-0.5,S07377,11.17,10.96,11.17,0.21,936752.0,1262711.0,1460620.0,2160035.0,1775460.0,1998427.0,56879,0,130929,2804,136260,3015,0.016017748373194415,62.43074723745147,1220027.6666666667,1977974.0,-0.697109598064916,0.6168067258046196,174943.5,1599000.8333333335,162.0,6
102,NADH,C21H29N7O14P2,[M-H]-,9.5,11.5,15,0.2,664.1175,664.1166,-1.4,S07377,10.69,10.57,10.75,0.18,150227.0,199524.0,209523.0,307282.0,248640.0,256556.0,5880,0,6190,1361,7893,0,0.03130137189693133,31.947481512720415,186424.66666666666,270826.0,-0.5387734860947146,0.6883558693281541,20662.0,228625.3333333333,11.0,6
103,NADP,C21H29N7O17P3,[Cat]+,12.7,14.7,15,0.2,744.0827,744.0787,-5.4,S07377,14.06,13.99,14.23,0.24,39059.5,39059.5,39059.5,47944.0,49320.0,40196.0,5949,2543,14678,2557,23165,9227,0.07594565489648186,13.167310247874687,39059.5,45820.0,-0.23030397721453993,0.8524552597119162,39059.5,42439.75,1.0,3
104,NADPH,C21H30N7O17P3,[M-H]-,13.0,15.0,15,0.2,744.0838,744.0817,-2.9,S07372,14.53,14.38,14.58,0.2,42060.0,37964.0,52728.0,75334.0,54288.0,57504.0,1550,1341,2267,0,2410,0,0.08312332130717388,12.03031813784967,44250.666666666664,62375.333333333336,-0.4952764296720247,0.7094257345318127,13784.0,53313.0,1.0,6
105,Niacinamide,C6H6N2O,[M+H]+,3.3,5.3,15,0.2,123.0553,123.055,-2.4,S07377,4.71,4.63,4.72,0.09,49113424.0,55881084.0,66919368.0,78722808.0,69475792.0,70087432.0,920869,424387,2308319,1247729,2797572,1613132,0.06120329796296186,16.33898880098203,57304625.333333336,72762010.66666667,-0.3445338196339813,0.787562421767784,4666004.0,65033318.0,1349.0,6
106,Nicotinic acid,C6H5NO2,[M-H]-,5.5,7.5,15,0.2,122.0248,122.0238,-7.8,SQ437_B_0,6.55,6.31,6.77,0.46,35814.0,35814.0,35814.0,35814.0,35814.0,35814.0,16348,8343,6983,6571,6773,6610,NA,NA,35814.0,35814.0,0.0,1.0,35814.0,35814.0,0.0,0
107,O-Phosphoethanolamine,C2H8NO4P,[M+H]+,11.4,13.4,15,0.2,142.0264,142.0264,0.2,S07376,11.89,11.89,12.08,0.18,10000.0,10000.0,26612.0,10000.0,10000.0,10000.0,0,0,0,0,0,0,0.3739009663000589,2.6745049896380606,15537.333333333334,10000.0,0.635738915785364,1.5537333333333334,10000.0,12768.666666666668,0.0,1
108,Ornithine,C5H12N2O2,[M+H]+,17.0,19.0,15,0.2,133.0972,133.0969,-1.9,S07377,17.69,17.61,17.76,0.15,6604819.0,9301530.0,9214019.0,11076539.0,10505005.0,9567334.0,2088713,410728,2630924,425096,2802726,371080,0.11172058997991526,8.950901531935846,8373456.0,10382959.333333334,-0.31032259840562443,0.8064614076950058,4374633.5,9378207.666666668,104.0,6
109,Orotic acid,C5H4N2O4,[M-H]-,6.7,8.7,15,0.2,155.0098,155.0087,-7.3,S07377,7.71,7.58,7.91,0.33,75311.0,89395.0,108352.0,78928.0,92725.0,112978.0,0,1702,1288,1281,0,0,0.7931464129221321,1.2608012640639352,91019.33333333333,94877.0,-0.05988537335588111,0.95934033889492,12135.5,92948.16666666666,0.0,6
110,Orotidylic acid,C10H13N2O11P,[M+H]+,0.0,30.0,15,0.2,369.033,369.0314,-4.3,S07366,7.96,7.96,7.96,0.0,11090.0,10000.0,10000.0,10000.0,10000.0,10000.0,0,0,0,0,0,0,0.37390096630005787,2.674504989638068,10363.333333333334,10000.0,0.051488115957820865,1.0363333333333333,10000.0,10181.666666666668,0.0,1
111,Oxidized glutathione,C20H32N6O12S2,[M+H]+,13.5,15.5,15,0.2,613.1592,613.1575,-2.8,S07369,14.77,14.74,14.83,0.09,3937685.0,8069208.0,11880018.0,3968342.0,3530594.0,2100167.0,59327,21297,171453,72172,399834,170109,0.11394225951256166,8.77637501904861,7962303.666666667,3199701.0,1.3152487970450653,2.4884524106054493,457096.0,5581002.333333334,122.0,6
112,Oxoadipic acid,C6H8O5,[M-H]-,7.5,9.5,15,0.2,159.0299,159.0289,-6.3,SQ437_B_0,7.54,7.54,7.75,0.21,17371.5,17371.5,17371.5,17371.5,17371.5,17371.5,7155,2100,2445,1309,0,1734,NA,NA,17371.5,17371.5,0.0,1.0,17371.5,17371.5,0.0,0
113,Oxoglutaric acid,C5H6O5,[M-H]-,10.8,14.8,15,0.2,145.0142,145.013,-8.6,S07377,12.86,12.65,12.87,0.22,14569729.0,17435206.0,17603790.0,30562164.0,25000764.0,24725016.0,117273,12636,193222,11538,531539,14242,0.008800640794080633,113.62808952191372,16536241.666666666,26762648.0,-0.6945894907726788,0.6178851086285133,450225.0,21649444.833333332,3981.0,6
114,Palmitic acid,C16H32O2,[M-H]-,1.6,3.6,15,0.2,255.233,255.2323,-2.6,S07376,2.85,2.82,2.91,0.09,6817709.0,9505565.0,9533514.0,15465780.0,10604542.0,8111785.0,690596,596810,576132,648189,641113,575955,0.3012067649587435,3.3199785540572795,8618929.333333334,11394035.666666666,-0.40269825730083575,0.7564421935722102,1874397.5,10006482.5,44.0,6
115,Pantothenic acid,C9H17NO5,[M+H]+,5.1,7.1,15,0.2,220.118,220.1173,-3.0,S07371,6.21,5.97,6.42,0.45,29292520.0,31968604.0,34295060.0,19367314.0,16886474.0,15413587.0,11008,3132,7082,6076,11004,3115,0.0013813493994251408,723.9298040134942,31852061.333333332,17222458.333333332,0.887095653051043,1.8494491736806835,30708.5,24537259.833333332,32852.0,6
116,Phenol,C6H6O,[M-H]-,2.1,4.1,15,0.2,93.0346,93.0333,-13.9,SQ437_B_0,3.42,3.39,3.65,0.26,2609088.5,2609088.5,2609088.5,2609088.5,2609088.5,2609088.5,1187998,1000370,763503,742166,767343,736797,NA,NA,2609088.5,2609088.5,0.0,1.0,2609088.5,2609088.5,0.0,0
117,Phosphocreatine,C4H10N3O5P,[M-H]-,11.2,13.2,15,0.2,210.0285,210.0277,-4.0,S07377,12.39,12.35,12.43,0.08,1891732.0,2524896.0,3403469.0,7450242.0,5947386.0,5369032.0,130181,16548,757102,75572,1074766,104537,0.008620456192726743,116.00314155574745,2606699.0,6255553.333333333,-1.2629135012251818,0.41670158675011965,1089353.0,4431126.166666666,1234.0,6
118,Phosphoenolpyruvic acid,C3H5O6P,[M-H]-,13.6,15.6,15,0.2,166.9751,166.97400000000002,-6.6,S07371,14.81,14.81,15.05,0.24,83741.0,141528.0,341307.0,337488.0,361033.0,294813.0,5922,2575,43831,11299,59758,14789,0.151557114512247,6.598172597956081,188858.66666666666,331111.3333333333,-0.810009402250849,0.5703781406858116,79087.0,259985.0,3.0,6
119,Phosphoribosyl pyrophosphate,C5H13O14P3,[M-H]-,15.0,18.0,15,0.2,388.9445,388.9388,-14.8,S07376,15.62,15.62,15.64,0.01,10000.0,10000.0,10000.0,10000.0,10000.0,10000.0,0,0,0,0,0,0,NA,NA,10000.0,10000.0,0.0,1.0,10000.0,10000.0,0.0,0
120,Phosphorylcholine,C5H14NO4P,[M+H]+,10.0,13.0,15,0.2,184.0733,184.0728,-2.8,S07377,11.9,11.84,11.96,0.12,1052292672.0,1197206272.0,1256155136.0,1275959936.0,1228344320.0,1186025984.0,193673248,6522238,216868608,10933922,257509584,13457748,0.4031512806821535,2.4804584480246388,1168551360.0,1230110080.0,-0.07406628049117597,0.9499567388310484,349492674.0,1199330720.0,3132.0,6
121,Phosphoserine,C3H8NO6P,[M+H]+,11.5,13.5,15,0.2,186.0162,186.0162,0.0,S07372,13.45,13.4,13.46,0.05,14298.5,14298.5,14298.5,14298.5,14298.5,14298.5,2212,0,3613,0,1234,1538,NA,NA,14298.5,14298.5,0.0,1.0,14298.5,14298.5,0.0,0
122,Pipecolic acid,C6H11NO2,[M+H]+,7.5,9.5,15,0.2,130.0863,130.0862,-0.4,S07374,8.25,8.0,8.49,0.48,146858.0,146858.0,146858.0,146858.0,146858.0,146858.0,62140,49600,38110,43910,41408,38548,NA,NA,146858.0,146858.0,0.0,1.0,146858.0,146858.0,0.0,0
123,Propionylcarnitine,C10H19NO4,[M+H]+,5.2,7.2,15,0.2,218.1387,218.138,-3.1,S07377,6.7,6.52,6.93,0.42,173523.0,230126.0,252930.0,378509.0,300433.0,246085.0,13877,13731,8938,10107,10217,8000,0.118257017345623,8.456157803112498,218859.66666666666,308342.3333333333,-0.4945268685722908,0.7097944168116174,42435.0,263601.0,3.0,6
124,Pyruvic acid,C3H4O3,[M-H]-,5.5,7.5,15,0.2,87.0088,87.0075,-14.6,S07377,6.12,5.89,6.12,0.24,3040576.0,3620506.0,3469472.0,224830.0,224830.0,224830.0,99527,45448,100784,44454,85124,54323,5.422987465920221e-05,18440.020492105472,3376851.3333333335,224830.0,3.908772207455373,15.019576272442883,224830.0,1800840.6666666667,498763.0,3
125,Ribose 1-phosphate,C5H11O8P,[M-H]-,11.0,12.4,15,0.2,229.0119,229.0112,-3.0,S07377,12.19,12.15,12.29,0.13,17041.5,17041.5,17041.5,21947.0,18444.0,20162.0,0,0,2978,0,9236,1869,0.03595029954399901,27.816179911828428,17041.5,20184.333333333332,-0.24418360917355073,0.8442934288969993,17041.5,18612.916666666664,1.0,3
126,Saccharopine,C11H20N2O6,[M-H]-,11.0,14.0,15,0.2,275.1249,275.1277,10.3,S07374,12.07,11.87,12.15,0.27,11399.0,11399.0,11399.0,11399.0,11399.0,11399.0,1489,0,0,0,0,1309,NA,NA,11399.0,11399.0,0.0,1.0,11399.0,11399.0,0.0,0
127,S-Adenosylhomocysteine,C14H20N6O5S,[M-H]-,8.6,10.6,15,0.2,383.1143,383.1129,-3.7,S07376,10.07,9.95,10.13,0.17,57739.0,42617.0,49556.0,57020.0,43492.0,45948.0,1783,0,4509,0,1992,0,0.8580556922609441,1.1654255184358,49970.666666666664,48820.0,0.0336091703087095,1.023569575310665,14142.0,49395.33333333333,0.0,6
128,S-Adenosylmethionine,C15H22N6O5S,[M+H]+,10.7,12.7,15,0.2,399.1445,399.1436,-2.3,S07367,12.43,12.36,12.55,0.19,11615140.0,14427278.0,12929715.0,10082234.0,10874488.0,11405082.0,746075,19414,1116119,22121,917881,23666,0.07030890125403362,14.222950183603245,12990711.0,10787268.0,0.2681508617555173,1.2042633037391859,1432638.0,11888989.5,204.0,6
129,Sarcosine,C3H7NO2,[M+H]+,11.2,12.0,15,0.2,90.055,90.0552,2.7,S07372,11.22,11.2,11.24,0.04,228505376.0,263486160.0,280076960.0,358244320.0,300557856.0,353729952.0,8515756,113419,13660977,190919,5661834,167371,0.02869458773248583,34.84977757209162,257356165.33333334,337510709.3333333,-0.39116693533795394,0.7625125906128285,14165138.0,297433437.3333333,13594.0,6
130,Succinic acid,C4H6O4,[M-H]-,11.3,13.3,15,0.2,117.0193,117.01799999999999,-11.4,S07376,12.48,12.42,12.49,0.08,2814051.0,3502688.0,3789070.0,4746066.0,4306395.0,4137576.0,292283,243417,280941,173409,348675,157831,0.039525526099711224,25.300105999279946,3368603.0,4396679.0,-0.3842637932076605,0.7661698750352255,758278.0,3882641.0,128.0,6
131,Taurine,C2H7NO3S,[M-H]-,10.2,12.2,15,0.2,124.0074,124.006,-11.2,S07372,11.47,11.3,11.52,0.22,26597956.0,31132536.0,35392836.0,35960448.0,30907222.0,31512308.0,91562,2173,75900,1418,166872,1708,0.5902481414700456,1.6942027085582088,31041109.333333332,32793326.0,-0.07922211488185693,0.9465678880310382,179816.5,31917217.666666664,57.0,6
132,Thymidine,C10H14N2O5,[M-H]-,3.5,5.5,15,0.2,241.083,241.0835,2.1,S07370,3.51,3.51,3.7,0.2,68129.0,12456.0,12456.0,54587.0,31618.0,12456.0,1755,1876,0,0,0,1281,0.9367969850164066,1.0674671417548238,31013.666666666668,32887.0,-0.08461330724715195,0.9430372690323431,12456.0,31950.333333333336,0.0,3
133,Uracil,C4H4N2O2,[M+H]+,5.4,7.4,15,0.2,113.0346,113.0343,-2.3,S07369,6.77,6.56,7.0,0.44,16478.5,16478.5,16478.5,16478.5,16478.5,16478.5,2544,1506,2183,2311,2455,1958,NA,NA,16478.5,16478.5,0.0,1.0,16478.5,16478.5,0.0,0
134,Ureidopropionic acid,C4H8N2O3,[M-H]-,10.4,12.4,15,0.2,131.0462,131.0449,-10.0,S07374,11.65,11.54,11.82,0.28,296121.0,274579.0,386288.0,897391.0,845766.0,897863.0,38495,2523,64270,1916,21145,2315,0.00012654350587339017,7902.420539861793,318996.0,880340.0,-1.464522487342555,0.3623554535747552,75332.0,599668.0,13078.0,6
135,Ureidosuccinic acid,C5H8N2O5,[M-H]-,12.8,14.8,15,0.2,175.03599999999997,175.035,-6.0,S07372,13.95,13.87,14.03,0.16,658394.0,843057.0,1003156.0,3650861.0,2490635.0,2198833.0,14284,0,24546,1349,22020,0,0.01284801042465982,77.83306262584055,834869.0,2780109.6666666665,-1.735520047936551,0.3003007435318199,41099.5,1807489.3333333333,468.0,6
136,Uric acid,C5H4N4O3,[M+H]+,8.8,10.8,15,0.2,169.0356,0.0,0.0,NA,0.0,0.0,0.0,0.0,10000.0,10000.0,10000.0,10000.0,10000.0,10000.0,0,0,0,0,0,0,NA,NA,10000.0,10000.0,0.0,1.0,10000.0,10000.0,0.0,0
137,Uridine,C9H12N2O6,[M-H]-,5.5,7.5,15,0.2,243.0623,243.0613,-4.0,S07366,6.88,6.66,7.1,0.44,45907.0,37312.0,24082.0,26271.0,27337.0,20382.0,2265,1591,2047,1322,1473,1250,0.17309925536770784,5.777032361437604,35767.0,24663.333333333332,0.5362613175746895,1.4502094877686174,14974.0,30215.166666666664,0.0,6
138,Uridine 5'-diphosphate,C9H14N2O12P2,[M+H]+,12.4,14.4,15,0.2,405.0095,405.0071,-5.9,S07376,13.6,13.55,13.83,0.28,51171.0,56700.0,73426.0,86239.0,63356.0,62119.0,2075,0,2180,0,5004,0,0.3809933978922568,2.6247173980762666,60432.333333333336,70571.33333333333,-0.22376162113557652,0.8563297656272142,14629.5,65501.83333333333,0.0,6
139,Uridine 5'-monophosphate,C9H13N2O9P,[M-H]-,11.2,13.2,15,0.2,323.0286,323.0275,-3.4,S07370,12.34,12.28,12.39,0.1,166377.5,177845.0,173190.0,236174.0,178236.0,183603.0,66498,13085,78034,18575,106136,30427,0.22579589240988976,4.428778527931274,172470.83333333334,199337.66666666666,-0.20886193897506364,0.865219485195138,166377.5,185904.25,1.0,5
140,Uridine diphosphate glucose,C15H24N2O17P2,[M-H]-,12.4,14.4,15,0.2,565.0478,565.047,-1.3,S07372,13.59,13.47,13.65,0.18,969502.0,1190931.0,1369651.0,1711551.0,1452924.0,1245430.0,25017,0,30719,0,42827,0,0.1741819441834052,5.741123195565254,1176694.6666666667,1469968.3333333333,-0.3210450634752113,0.800489806469754,59281.5,1323331.5,9.0,6
141,Uridine diphosphate-N-acetylglucosamine,C17H27N3O17P2,[M+H]+,11.2,13.2,15,0.2,608.0889,608.0865,-3.9,S07377,12.44,12.37,12.47,0.09,203585.0,230199.0,285910.0,399694.0,349622.0,286587.0,8492,0,11581,0,18553,0,0.06082860928790968,16.439632792965405,239898.0,345301.0,-0.5254333821657908,0.6947503772071323,29313.0,292599.5,7.0,6
142,Uridine triphosphate,C9H15N2O15P3,[M-H]-,15.0,18.0,15,0.2,482.9613,482.9603,-2.0,S07377,15.53,15.51,15.78,0.26,70299.5,70299.5,113853.0,254077.0,193150.0,163566.0,5773,0,31041,5882,63333,14570,0.017328001590238073,57.710059339062006,84817.33333333333,203597.66666666666,-1.2632899972229006,0.41659285551733566,70299.5,144207.5,20.0,4
143,Valerylcarnitine,C12H23NO4,[M+H]+,3.6,5.7,15,0.2,246.17,246.1702,0.9,S07376,5.16,4.91,5.4,0.5,19230.0,17791.0,21952.0,27244.0,20602.0,27373.0,3229,2902,2222,2089,3092,2048,0.10064510025429889,9.935903461502953,19657.666666666668,25073.0,-0.3510425395899523,0.7840173360454141,17791.0,22365.333333333336,0.0,5
144,Xanthine,C5H4N4O2,[M-H]-,7.5,9.4,15,0.2,151.0261,151.0251,-6.9,S07367,8.55,8.32,8.8,0.47,15435.5,34175.0,15435.5,15523.0,17620.0,15435.5,1826,1922,1893,1485,1448,2297,0.4319021753051391,2.315339114218398,21682.0,16192.833333333334,0.4211423978932492,1.3389874121267638,15435.5,18937.416666666668,0.0,3
145,Xanthosine,C10H12N4O6,[M-H]-,6.7,8.7,15,0.2,283.0684,283.0662,-7.8,S07373,7.63,7.63,7.63,0.0,10000.0,10000.0,10000.0,10000.0,10000.0,10000.0,0,0,0,0,0,0,NA,NA,10000.0,10000.0,0.0,1.0,10000.0,10000.0,0.0,0
146,Xanthylic acid,C10H13N4O9P,[M-H]-,11.0,13.0,15,0.2,363.0347,363.0346,-0.4,S07377,12.34,12.34,12.43,0.09,10000.0,10000.0,10000.0,10000.0,10000.0,10000.0,0,0,0,0,0,0,NA,NA,10000.0,10000.0,0.0,1.0,10000.0,10000.0,0.0,0
